date,store_id,product_id,units_sold,sales_amount
2026-06-01,STR001,PRD001,6,3300.00
2026-06-01,STR001,PRD002,12,1980.00
2026-06-01,STR001,PRD003,6,1470.00
2026-06-01,STR001,PRD004,10,600.00
2026-06-01,STR001,PRD005,6,2280.00
2026-06-01,STR001,PRD006,4,700.00
2026-06-01,STR001,PRD007,5,140.00
2026-06-01,STR001,PRD008,5,260.00
2026-06-01,STR001,PRD009,6,270.00
2026-06-01,STR001,PRD010,5,190.00
2026-06-01,STR001,PRD011,7,770.00
2026-06-01,STR001,PRD012,4,880.00
2026-06-01,STR001,PRD013,1,65.00
2026-06-01,STR001,PRD014,6,240.00
2026-06-01,STR001,PRD015,4,80.00
2026-06-01,STR001,PRD016,4,1160.00
2026-06-01,STR001,PRD017,2,100.00
2026-06-01,STR001,PRD018,7,875.00
2026-06-01,STR001,PRD019,4,780.00
2026-06-01,STR001,PRD020,2,70.00
2026-06-01,STR001,PRD021,7,315.00
2026-06-01,STR001,PRD022,4,1120.00
2026-06-01,STR001,PRD023,6,1920.00
2026-06-01,STR001,PRD024,3,450.00
2026-06-01,STR001,PRD025,9,540.00
2026-06-01,STR001,PRD026,6,450.00
2026-06-01,STR001,PRD027,1,40.00
2026-06-01,STR001,PRD028,5,150.00
2026-06-01,STR001,PRD029,4,960.00
2026-06-01,STR001,PRD030,6,1110.00
2026-06-01,STR001,PRD031,8,760.00
2026-06-01,STR001,PRD032,8,960.00
2026-06-01,STR001,PRD033,7,595.00
2026-06-01,STR001,PRD034,7,1820.00
2026-06-01,STR001,PRD035,5,2100.00
2026-06-01,STR001,PRD036,4,840.00
2026-06-01,STR001,PRD037,6,1194.00
2026-06-01,STR001,PRD039,6,1080.00
2026-06-01,STR001,PRD040,6,870.00
2026-06-01,STR001,PRD041,5,490.00
2026-06-01,STR001,PRD042,3,390.00
2026-06-01,STR001,PRD043,5,1050.00
2026-06-01,STR001,PRD044,4,440.00
2026-06-01,STR001,PRD045,1,175.00
2026-06-01,STR001,PRD046,2,320.00
2026-06-01,STR001,PRD047,4,224.00
2026-06-01,STR001,PRD048,6,420.00
2026-06-01,STR001,PRD049,8,464.00
2026-06-01,STR001,PRD050,2,190.00
2026-06-01,STR001,PRD052,2,280.00
2026-06-01,STR001,PRD054,9,5850.00
2026-06-01,STR001,PRD055,6,2340.00
2026-06-01,STR002,PRD001,4,2200.00
2026-06-01,STR002,PRD002,4,660.00
2026-06-01,STR002,PRD003,4,980.00
2026-06-01,STR002,PRD004,3,180.00
2026-06-01,STR002,PRD005,5,1900.00
2026-06-01,STR002,PRD006,7,1225.00
2026-06-01,STR002,PRD007,5,140.00
2026-06-01,STR002,PRD008,6,312.00
2026-06-01,STR002,PRD009,8,360.00
2026-06-01,STR002,PRD010,6,228.00
2026-06-01,STR002,PRD011,8,880.00
2026-06-01,STR002,PRD012,6,1320.00
2026-06-01,STR002,PRD013,1,65.00
2026-06-01,STR002,PRD014,6,240.00
2026-06-01,STR002,PRD015,4,80.00
2026-06-01,STR002,PRD016,2,580.00
2026-06-01,STR002,PRD017,6,300.00
2026-06-01,STR002,PRD018,7,875.00
2026-06-01,STR002,PRD019,2,390.00
2026-06-01,STR002,PRD020,6,210.00
2026-06-01,STR002,PRD021,12,540.00
2026-06-01,STR002,PRD022,11,3080.00
2026-06-01,STR002,PRD023,5,1600.00
2026-06-01,STR002,PRD024,4,600.00
2026-06-01,STR002,PRD025,6,360.00
2026-06-01,STR002,PRD026,4,300.00
2026-06-01,STR002,PRD027,4,160.00
2026-06-01,STR002,PRD028,4,120.00
2026-06-01,STR002,PRD029,7,1680.00
2026-06-01,STR002,PRD030,7,1295.00
2026-06-01,STR002,PRD031,5,475.00
2026-06-01,STR002,PRD032,7,840.00
2026-06-01,STR002,PRD034,1,260.00
2026-06-01,STR002,PRD035,4,1680.00
2026-06-01,STR002,PRD036,3,630.00
2026-06-01,STR002,PRD037,4,796.00
2026-06-01,STR002,PRD038,4,460.00
2026-06-01,STR002,PRD039,5,900.00
2026-06-01,STR002,PRD040,2,290.00
2026-06-01,STR002,PRD041,5,490.00
2026-06-01,STR002,PRD042,6,780.00
2026-06-01,STR002,PRD044,9,990.00
2026-06-01,STR002,PRD045,7,1225.00
2026-06-01,STR002,PRD046,5,800.00
2026-06-01,STR002,PRD047,4,224.00
2026-06-01,STR002,PRD048,10,700.00
2026-06-01,STR002,PRD049,3,174.00
2026-06-01,STR002,PRD050,3,285.00
2026-06-01,STR002,PRD051,8,720.00
2026-06-01,STR002,PRD053,3,1350.00
2026-06-01,STR002,PRD054,5,3250.00
2026-06-01,STR002,PRD055,9,3510.00
2026-06-01,STR003,PRD001,8,4400.00
2026-06-01,STR003,PRD002,3,495.00
2026-06-01,STR003,PRD003,6,1470.00
2026-06-01,STR003,PRD004,3,180.00
2026-06-01,STR003,PRD005,5,1900.00
2026-06-01,STR003,PRD006,6,1050.00
2026-06-01,STR003,PRD007,4,112.00
2026-06-01,STR003,PRD008,4,208.00
2026-06-01,STR003,PRD009,5,225.00
2026-06-01,STR003,PRD010,3,114.00
2026-06-01,STR003,PRD011,5,550.00
2026-06-01,STR003,PRD012,4,880.00
2026-06-01,STR003,PRD013,6,390.00
2026-06-01,STR003,PRD014,7,280.00
2026-06-01,STR003,PRD015,4,80.00
2026-06-01,STR003,PRD016,6,1740.00
2026-06-01,STR003,PRD017,2,100.00
2026-06-01,STR003,PRD018,3,375.00
2026-06-01,STR003,PRD019,6,1170.00
2026-06-01,STR003,PRD020,5,175.00
2026-06-01,STR003,PRD021,5,225.00
2026-06-01,STR003,PRD024,7,1050.00
2026-06-01,STR003,PRD025,4,240.00
2026-06-01,STR003,PRD026,4,300.00
2026-06-01,STR003,PRD027,3,120.00
2026-06-01,STR003,PRD028,5,150.00
2026-06-01,STR003,PRD029,4,960.00
2026-06-01,STR003,PRD030,5,925.00
2026-06-01,STR003,PRD031,6,570.00
2026-06-01,STR003,PRD032,6,720.00
2026-06-01,STR003,PRD033,3,255.00
2026-06-01,STR003,PRD034,5,1300.00
2026-06-01,STR003,PRD036,5,1050.00
2026-06-01,STR003,PRD037,5,995.00
2026-06-01,STR003,PRD038,6,690.00
2026-06-01,STR003,PRD039,3,540.00
2026-06-01,STR003,PRD040,3,435.00
2026-06-01,STR003,PRD041,5,490.00
2026-06-01,STR003,PRD042,5,650.00
2026-06-01,STR003,PRD043,6,1260.00
2026-06-01,STR003,PRD044,5,550.00
2026-06-01,STR003,PRD045,3,525.00
2026-06-01,STR003,PRD046,2,320.00
2026-06-01,STR003,PRD047,4,224.00
2026-06-01,STR003,PRD048,5,350.00
2026-06-01,STR003,PRD049,6,348.00
2026-06-01,STR003,PRD050,5,475.00
2026-06-01,STR003,PRD051,5,450.00
2026-06-01,STR003,PRD052,6,840.00
2026-06-01,STR003,PRD053,2,900.00
2026-06-01,STR003,PRD054,5,3250.00
2026-06-01,STR003,PRD055,6,2340.00
2026-06-01,STR004,PRD002,6,990.00
2026-06-01,STR004,PRD003,6,1470.00
2026-06-01,STR004,PRD004,2,120.00
2026-06-01,STR004,PRD005,2,760.00
2026-06-01,STR004,PRD006,9,1575.00
2026-06-01,STR004,PRD007,6,168.00
2026-06-01,STR004,PRD008,5,260.00
2026-06-01,STR004,PRD009,6,270.00
2026-06-01,STR004,PRD010,7,266.00
2026-06-01,STR004,PRD011,6,660.00
2026-06-01,STR004,PRD012,5,1100.00
2026-06-01,STR004,PRD013,3,195.00
2026-06-01,STR004,PRD014,6,240.00
2026-06-01,STR004,PRD015,7,140.00
2026-06-01,STR004,PRD016,5,1450.00
2026-06-01,STR004,PRD017,15,750.00
2026-06-01,STR004,PRD018,5,625.00
2026-06-01,STR004,PRD020,3,105.00
2026-06-01,STR004,PRD021,6,270.00
2026-06-01,STR004,PRD022,8,2240.00
2026-06-01,STR004,PRD023,3,960.00
2026-06-01,STR004,PRD024,4,600.00
2026-06-01,STR004,PRD025,6,360.00
2026-06-01,STR004,PRD026,3,225.00
2026-06-01,STR004,PRD027,4,160.00
2026-06-01,STR004,PRD028,6,180.00
2026-06-01,STR004,PRD029,7,1680.00
2026-06-01,STR004,PRD030,2,370.00
2026-06-01,STR004,PRD031,6,570.00
2026-06-01,STR004,PRD032,7,840.00
2026-06-01,STR004,PRD033,3,255.00
2026-06-01,STR004,PRD034,8,2080.00
2026-06-01,STR004,PRD035,6,2520.00
2026-06-01,STR004,PRD036,8,1680.00
2026-06-01,STR004,PRD037,7,1393.00
2026-06-01,STR004,PRD038,8,920.00
2026-06-01,STR004,PRD039,3,540.00
2026-06-01,STR004,PRD041,5,490.00
2026-06-01,STR004,PRD042,6,780.00
2026-06-01,STR004,PRD043,2,420.00
2026-06-01,STR004,PRD044,7,770.00
2026-06-01,STR004,PRD045,9,1575.00
2026-06-01,STR004,PRD046,4,640.00
2026-06-01,STR004,PRD047,7,392.00
2026-06-01,STR004,PRD048,7,490.00
2026-06-01,STR004,PRD049,3,174.00
2026-06-01,STR004,PRD050,7,665.00
2026-06-01,STR004,PRD051,7,630.00
2026-06-01,STR004,PRD052,4,560.00
2026-06-01,STR004,PRD053,7,3150.00
2026-06-01,STR004,PRD054,6,3900.00
2026-06-01,STR004,PRD055,6,2340.00
2026-06-02,STR001,PRD001,8,4400.00
2026-06-02,STR001,PRD002,11,1815.00
2026-06-02,STR001,PRD003,5,1225.00
2026-06-02,STR001,PRD004,13,780.00
2026-06-02,STR001,PRD005,5,1900.00
2026-06-02,STR001,PRD006,8,1400.00
2026-06-02,STR001,PRD007,8,224.00
2026-06-02,STR001,PRD008,2,104.00
2026-06-02,STR001,PRD009,3,135.00
2026-06-02,STR001,PRD010,3,114.00
2026-06-02,STR001,PRD011,7,770.00
2026-06-02,STR001,PRD012,7,1540.00
2026-06-02,STR001,PRD013,3,195.00
2026-06-02,STR001,PRD014,2,80.00
2026-06-02,STR001,PRD015,5,100.00
2026-06-02,STR001,PRD016,5,1450.00
2026-06-02,STR001,PRD017,3,150.00
2026-06-02,STR001,PRD018,4,500.00
2026-06-02,STR001,PRD019,5,975.00
2026-06-02,STR001,PRD020,1,35.00
2026-06-02,STR001,PRD021,4,180.00
2026-06-02,STR001,PRD022,5,1400.00
2026-06-02,STR001,PRD023,5,1600.00
2026-06-02,STR001,PRD024,6,900.00
2026-06-02,STR001,PRD025,5,300.00
2026-06-02,STR001,PRD026,5,375.00
2026-06-02,STR001,PRD027,4,160.00
2026-06-02,STR001,PRD028,5,150.00
2026-06-02,STR001,PRD029,5,1200.00
2026-06-02,STR001,PRD030,6,1110.00
2026-06-02,STR001,PRD031,7,665.00
2026-06-02,STR001,PRD032,7,840.00
2026-06-02,STR001,PRD033,4,340.00
2026-06-02,STR001,PRD034,6,1560.00
2026-06-02,STR001,PRD035,3,1260.00
2026-06-02,STR001,PRD036,3,630.00
2026-06-02,STR001,PRD037,7,1393.00
2026-06-02,STR001,PRD039,5,900.00
2026-06-02,STR001,PRD040,7,1015.00
2026-06-02,STR001,PRD041,7,686.00
2026-06-02,STR001,PRD042,1,130.00
2026-06-02,STR001,PRD043,6,1260.00
2026-06-02,STR001,PRD044,3,330.00
2026-06-02,STR001,PRD045,1,175.00
2026-06-02,STR001,PRD046,5,800.00
2026-06-02,STR001,PRD047,2,112.00
2026-06-02,STR001,PRD048,5,350.00
2026-06-02,STR001,PRD049,8,464.00
2026-06-02,STR001,PRD050,6,570.00
2026-06-02,STR001,PRD052,6,840.00
2026-06-02,STR001,PRD054,8,5200.00
2026-06-02,STR001,PRD055,8,3120.00
2026-06-02,STR002,PRD001,7,3850.00
2026-06-02,STR002,PRD002,5,825.00
2026-06-02,STR002,PRD003,8,1960.00
2026-06-02,STR002,PRD004,5,300.00
2026-06-02,STR002,PRD005,4,1520.00
2026-06-02,STR002,PRD006,8,1400.00
2026-06-02,STR002,PRD007,7,196.00
2026-06-02,STR002,PRD008,5,260.00
2026-06-02,STR002,PRD009,5,225.00
2026-06-02,STR002,PRD010,6,228.00
2026-06-02,STR002,PRD011,8,880.00
2026-06-02,STR002,PRD012,5,1100.00
2026-06-02,STR002,PRD013,2,130.00
2026-06-02,STR002,PRD014,4,160.00
2026-06-02,STR002,PRD015,5,100.00
2026-06-02,STR002,PRD016,2,580.00
2026-06-02,STR002,PRD017,7,350.00
2026-06-02,STR002,PRD018,6,750.00
2026-06-02,STR002,PRD019,4,780.00
2026-06-02,STR002,PRD020,8,280.00
2026-06-02,STR002,PRD021,10,450.00
2026-06-02,STR002,PRD022,14,3920.00
2026-06-02,STR002,PRD023,3,960.00
2026-06-02,STR002,PRD024,3,450.00
2026-06-02,STR002,PRD025,3,180.00
2026-06-02,STR002,PRD026,4,300.00
2026-06-02,STR002,PRD027,5,200.00
2026-06-02,STR002,PRD028,4,120.00
2026-06-02,STR002,PRD029,6,1440.00
2026-06-02,STR002,PRD030,3,555.00
2026-06-02,STR002,PRD031,5,475.00
2026-06-02,STR002,PRD032,8,960.00
2026-06-02,STR002,PRD033,2,170.00
2026-06-02,STR002,PRD034,5,1300.00
2026-06-02,STR002,PRD035,4,1680.00
2026-06-02,STR002,PRD036,4,840.00
2026-06-02,STR002,PRD037,4,796.00
2026-06-02,STR002,PRD038,5,575.00
2026-06-02,STR002,PRD039,6,1080.00
2026-06-02,STR002,PRD040,4,580.00
2026-06-02,STR002,PRD041,7,686.00
2026-06-02,STR002,PRD042,5,650.00
2026-06-02,STR002,PRD044,9,990.00
2026-06-02,STR002,PRD045,7,1225.00
2026-06-02,STR002,PRD046,4,640.00
2026-06-02,STR002,PRD047,4,224.00
2026-06-02,STR002,PRD048,12,840.00
2026-06-02,STR002,PRD049,5,290.00
2026-06-02,STR002,PRD050,5,475.00
2026-06-02,STR002,PRD051,7,630.00
2026-06-02,STR002,PRD053,7,3150.00
2026-06-02,STR002,PRD054,7,4550.00
2026-06-02,STR002,PRD055,9,3510.00
2026-06-02,STR003,PRD001,6,3300.00
2026-06-02,STR003,PRD002,5,825.00
2026-06-02,STR003,PRD003,4,980.00
2026-06-02,STR003,PRD004,4,240.00
2026-06-02,STR003,PRD005,8,3040.00
2026-06-02,STR003,PRD006,7,1225.00
2026-06-02,STR003,PRD007,2,56.00
2026-06-02,STR003,PRD008,7,364.00
2026-06-02,STR003,PRD009,5,225.00
2026-06-02,STR003,PRD010,5,190.00
2026-06-02,STR003,PRD011,5,550.00
2026-06-02,STR003,PRD012,7,1540.00
2026-06-02,STR003,PRD013,5,325.00
2026-06-02,STR003,PRD014,7,280.00
2026-06-02,STR003,PRD015,5,100.00
2026-06-02,STR003,PRD016,2,580.00
2026-06-02,STR003,PRD017,4,200.00
2026-06-02,STR003,PRD018,6,750.00
2026-06-02,STR003,PRD019,9,1755.00
2026-06-02,STR003,PRD020,4,140.00
2026-06-02,STR003,PRD021,2,90.00
2026-06-02,STR003,PRD022,3,840.00
2026-06-02,STR003,PRD024,8,1200.00
2026-06-02,STR003,PRD025,2,120.00
2026-06-02,STR003,PRD026,3,225.00
2026-06-02,STR003,PRD027,3,120.00
2026-06-02,STR003,PRD028,7,210.00
2026-06-02,STR003,PRD029,6,1440.00
2026-06-02,STR003,PRD030,3,555.00
2026-06-02,STR003,PRD031,8,760.00
2026-06-02,STR003,PRD032,5,600.00
2026-06-02,STR003,PRD033,4,340.00
2026-06-02,STR003,PRD034,7,1820.00
2026-06-02,STR003,PRD036,5,1050.00
2026-06-02,STR003,PRD037,5,995.00
2026-06-02,STR003,PRD038,4,460.00
2026-06-02,STR003,PRD039,5,900.00
2026-06-02,STR003,PRD040,2,290.00
2026-06-02,STR003,PRD041,9,882.00
2026-06-02,STR003,PRD042,4,520.00
2026-06-02,STR003,PRD043,5,1050.00
2026-06-02,STR003,PRD044,4,440.00
2026-06-02,STR003,PRD045,1,175.00
2026-06-02,STR003,PRD046,2,320.00
2026-06-02,STR003,PRD047,2,112.00
2026-06-02,STR003,PRD048,4,280.00
2026-06-02,STR003,PRD049,3,174.00
2026-06-02,STR003,PRD050,2,190.00
2026-06-02,STR003,PRD051,5,450.00
2026-06-02,STR003,PRD052,5,700.00
2026-06-02,STR003,PRD053,3,1350.00
2026-06-02,STR003,PRD054,6,3900.00
2026-06-02,STR003,PRD055,7,2730.00
2026-06-02,STR004,PRD002,6,990.00
2026-06-02,STR004,PRD003,5,1225.00
2026-06-02,STR004,PRD004,5,300.00
2026-06-02,STR004,PRD005,4,1520.00
2026-06-02,STR004,PRD006,7,1225.00
2026-06-02,STR004,PRD007,4,112.00
2026-06-02,STR004,PRD008,7,364.00
2026-06-02,STR004,PRD009,8,360.00
2026-06-02,STR004,PRD010,4,152.00
2026-06-02,STR004,PRD011,3,330.00
2026-06-02,STR004,PRD012,3,660.00
2026-06-02,STR004,PRD013,3,195.00
2026-06-02,STR004,PRD014,7,280.00
2026-06-02,STR004,PRD015,3,60.00
2026-06-02,STR004,PRD016,6,1740.00
2026-06-02,STR004,PRD017,17,850.00
2026-06-02,STR004,PRD018,8,1000.00
2026-06-02,STR004,PRD020,4,140.00
2026-06-02,STR004,PRD021,2,90.00
2026-06-02,STR004,PRD022,8,2240.00
2026-06-02,STR004,PRD023,3,960.00
2026-06-02,STR004,PRD024,2,300.00
2026-06-02,STR004,PRD025,5,300.00
2026-06-02,STR004,PRD026,7,525.00
2026-06-02,STR004,PRD027,2,80.00
2026-06-02,STR004,PRD028,6,180.00
2026-06-02,STR004,PRD029,5,1200.00
2026-06-02,STR004,PRD030,4,740.00
2026-06-02,STR004,PRD031,8,760.00
2026-06-02,STR004,PRD032,6,720.00
2026-06-02,STR004,PRD033,3,255.00
2026-06-02,STR004,PRD034,5,1300.00
2026-06-02,STR004,PRD035,8,3360.00
2026-06-02,STR004,PRD036,7,1470.00
2026-06-02,STR004,PRD037,5,995.00
2026-06-02,STR004,PRD038,7,805.00
2026-06-02,STR004,PRD039,5,900.00
2026-06-02,STR004,PRD041,5,490.00
2026-06-02,STR004,PRD042,5,650.00
2026-06-02,STR004,PRD043,4,840.00
2026-06-02,STR004,PRD044,4,440.00
2026-06-02,STR004,PRD045,8,1400.00
2026-06-02,STR004,PRD046,3,480.00
2026-06-02,STR004,PRD047,8,448.00
2026-06-02,STR004,PRD048,5,350.00
2026-06-02,STR004,PRD049,7,406.00
2026-06-02,STR004,PRD050,9,855.00
2026-06-02,STR004,PRD051,8,720.00
2026-06-02,STR004,PRD052,6,840.00
2026-06-02,STR004,PRD053,7,3150.00
2026-06-02,STR004,PRD054,6,3900.00
2026-06-02,STR004,PRD055,4,1560.00
2026-06-03,STR001,PRD001,8,4400.00
2026-06-03,STR001,PRD002,9,1485.00
2026-06-03,STR001,PRD003,2,490.00
2026-06-03,STR001,PRD004,12,720.00
2026-06-03,STR001,PRD005,7,2660.00
2026-06-03,STR001,PRD006,5,875.00
2026-06-03,STR001,PRD007,8,224.00
2026-06-03,STR001,PRD008,5,260.00
2026-06-03,STR001,PRD009,7,315.00
2026-06-03,STR001,PRD010,4,152.00
2026-06-03,STR001,PRD011,5,550.00
2026-06-03,STR001,PRD012,3,660.00
2026-06-03,STR001,PRD013,4,260.00
2026-06-03,STR001,PRD014,4,160.00
2026-06-03,STR001,PRD015,5,100.00
2026-06-03,STR001,PRD016,6,1740.00
2026-06-03,STR001,PRD017,3,150.00
2026-06-03,STR001,PRD018,5,625.00
2026-06-03,STR001,PRD019,6,1170.00
2026-06-03,STR001,PRD020,3,105.00
2026-06-03,STR001,PRD021,6,270.00
2026-06-03,STR001,PRD022,8,2240.00
2026-06-03,STR001,PRD023,4,1280.00
2026-06-03,STR001,PRD024,6,900.00
2026-06-03,STR001,PRD025,5,300.00
2026-06-03,STR001,PRD026,6,450.00
2026-06-03,STR001,PRD027,2,80.00
2026-06-03,STR001,PRD028,1,30.00
2026-06-03,STR001,PRD029,5,1200.00
2026-06-03,STR001,PRD030,6,1110.00
2026-06-03,STR001,PRD031,7,665.00
2026-06-03,STR001,PRD032,8,960.00
2026-06-03,STR001,PRD033,4,340.00
2026-06-03,STR001,PRD034,8,2080.00
2026-06-03,STR001,PRD035,6,2520.00
2026-06-03,STR001,PRD036,6,1260.00
2026-06-03,STR001,PRD037,4,796.00
2026-06-03,STR001,PRD039,6,1080.00
2026-06-03,STR001,PRD040,4,580.00
2026-06-03,STR001,PRD041,7,686.00
2026-06-03,STR001,PRD042,2,260.00
2026-06-03,STR001,PRD043,4,840.00
2026-06-03,STR001,PRD044,6,660.00
2026-06-03,STR001,PRD045,3,525.00
2026-06-03,STR001,PRD046,5,800.00
2026-06-03,STR001,PRD047,5,280.00
2026-06-03,STR001,PRD048,6,420.00
2026-06-03,STR001,PRD049,6,348.00
2026-06-03,STR001,PRD050,5,475.00
2026-06-03,STR001,PRD052,6,840.00
2026-06-03,STR001,PRD054,8,5200.00
2026-06-03,STR001,PRD055,6,2340.00
2026-06-03,STR002,PRD001,5,2750.00
2026-06-03,STR002,PRD002,4,660.00
2026-06-03,STR002,PRD003,5,1225.00
2026-06-03,STR002,PRD004,2,120.00
2026-06-03,STR002,PRD005,4,1520.00
2026-06-03,STR002,PRD006,7,1225.00
2026-06-03,STR002,PRD007,4,112.00
2026-06-03,STR002,PRD008,7,364.00
2026-06-03,STR002,PRD009,5,225.00
2026-06-03,STR002,PRD010,5,190.00
2026-06-03,STR002,PRD011,5,550.00
2026-06-03,STR002,PRD012,5,1100.00
2026-06-03,STR002,PRD013,3,195.00
2026-06-03,STR002,PRD014,6,240.00
2026-06-03,STR002,PRD015,6,120.00
2026-06-03,STR002,PRD016,6,1740.00
2026-06-03,STR002,PRD017,7,350.00
2026-06-03,STR002,PRD018,5,625.00
2026-06-03,STR002,PRD019,3,585.00
2026-06-03,STR002,PRD020,8,280.00
2026-06-03,STR002,PRD021,9,405.00
2026-06-03,STR002,PRD022,12,3360.00
2026-06-03,STR002,PRD023,4,1280.00
2026-06-03,STR002,PRD024,4,600.00
2026-06-03,STR002,PRD025,2,120.00
2026-06-03,STR002,PRD026,7,525.00
2026-06-03,STR002,PRD027,3,120.00
2026-06-03,STR002,PRD028,5,150.00
2026-06-03,STR002,PRD029,5,1200.00
2026-06-03,STR002,PRD030,3,555.00
2026-06-03,STR002,PRD031,6,570.00
2026-06-03,STR002,PRD032,7,840.00
2026-06-03,STR002,PRD034,4,1040.00
2026-06-03,STR002,PRD035,1,420.00
2026-06-03,STR002,PRD036,1,210.00
2026-06-03,STR002,PRD037,8,1592.00
2026-06-03,STR002,PRD038,6,690.00
2026-06-03,STR002,PRD039,6,1080.00
2026-06-03,STR002,PRD040,4,580.00
2026-06-03,STR002,PRD041,6,588.00
2026-06-03,STR002,PRD042,7,910.00
2026-06-03,STR002,PRD044,5,550.00
2026-06-03,STR002,PRD045,6,1050.00
2026-06-03,STR002,PRD046,4,640.00
2026-06-03,STR002,PRD047,4,224.00
2026-06-03,STR002,PRD048,10,700.00
2026-06-03,STR002,PRD049,6,348.00
2026-06-03,STR002,PRD050,5,475.00
2026-06-03,STR002,PRD051,4,360.00
2026-06-03,STR002,PRD053,7,3150.00
2026-06-03,STR002,PRD054,3,1950.00
2026-06-03,STR002,PRD055,6,2340.00
2026-06-03,STR003,PRD001,6,3300.00
2026-06-03,STR003,PRD002,6,990.00
2026-06-03,STR003,PRD003,5,1225.00
2026-06-03,STR003,PRD004,2,120.00
2026-06-03,STR003,PRD005,6,2280.00
2026-06-03,STR003,PRD006,4,700.00
2026-06-03,STR003,PRD007,6,168.00
2026-06-03,STR003,PRD008,7,364.00
2026-06-03,STR003,PRD009,7,315.00
2026-06-03,STR003,PRD010,6,228.00
2026-06-03,STR003,PRD011,8,880.00
2026-06-03,STR003,PRD012,5,1100.00
2026-06-03,STR003,PRD013,8,520.00
2026-06-03,STR003,PRD014,6,240.00
2026-06-03,STR003,PRD015,4,80.00
2026-06-03,STR003,PRD016,5,1450.00
2026-06-03,STR003,PRD017,3,150.00
2026-06-03,STR003,PRD018,6,750.00
2026-06-03,STR003,PRD019,8,1560.00
2026-06-03,STR003,PRD020,6,210.00
2026-06-03,STR003,PRD021,6,270.00
2026-06-03,STR003,PRD022,4,1120.00
2026-06-03,STR003,PRD024,9,1350.00
2026-06-03,STR003,PRD025,1,60.00
2026-06-03,STR003,PRD026,4,300.00
2026-06-03,STR003,PRD027,2,80.00
2026-06-03,STR003,PRD028,6,180.00
2026-06-03,STR003,PRD029,4,960.00
2026-06-03,STR003,PRD030,3,555.00
2026-06-03,STR003,PRD031,6,570.00
2026-06-03,STR003,PRD032,4,480.00
2026-06-03,STR003,PRD033,6,510.00
2026-06-03,STR003,PRD034,4,1040.00
2026-06-03,STR003,PRD036,5,1050.00
2026-06-03,STR003,PRD037,6,1194.00
2026-06-03,STR003,PRD038,8,920.00
2026-06-03,STR003,PRD039,5,900.00
2026-06-03,STR003,PRD040,4,580.00
2026-06-03,STR003,PRD041,5,490.00
2026-06-03,STR003,PRD042,5,650.00
2026-06-03,STR003,PRD043,5,1050.00
2026-06-03,STR003,PRD044,5,550.00
2026-06-03,STR003,PRD045,4,700.00
2026-06-03,STR003,PRD046,2,320.00
2026-06-03,STR003,PRD047,3,168.00
2026-06-03,STR003,PRD048,5,350.00
2026-06-03,STR003,PRD049,6,348.00
2026-06-03,STR003,PRD050,3,285.00
2026-06-03,STR003,PRD051,4,360.00
2026-06-03,STR003,PRD052,4,560.00
2026-06-03,STR003,PRD053,6,2700.00
2026-06-03,STR003,PRD054,6,3900.00
2026-06-03,STR003,PRD055,5,1950.00
2026-06-03,STR004,PRD001,2,1100.00
2026-06-03,STR004,PRD002,3,495.00
2026-06-03,STR004,PRD003,4,980.00
2026-06-03,STR004,PRD004,2,120.00
2026-06-03,STR004,PRD005,3,1140.00
2026-06-03,STR004,PRD006,7,1225.00
2026-06-03,STR004,PRD007,7,196.00
2026-06-03,STR004,PRD008,7,364.00
2026-06-03,STR004,PRD009,6,270.00
2026-06-03,STR004,PRD010,7,266.00
2026-06-03,STR004,PRD011,2,220.00
2026-06-03,STR004,PRD012,4,880.00
2026-06-03,STR004,PRD013,5,325.00
2026-06-03,STR004,PRD014,6,240.00
2026-06-03,STR004,PRD015,5,100.00
2026-06-03,STR004,PRD016,8,2320.00
2026-06-03,STR004,PRD017,17,850.00
2026-06-03,STR004,PRD018,8,1000.00
2026-06-03,STR004,PRD020,7,245.00
2026-06-03,STR004,PRD021,2,90.00
2026-06-03,STR004,PRD022,7,1960.00
2026-06-03,STR004,PRD023,4,1280.00
2026-06-03,STR004,PRD024,6,900.00
2026-06-03,STR004,PRD025,5,300.00
2026-06-03,STR004,PRD026,3,225.00
2026-06-03,STR004,PRD027,2,80.00
2026-06-03,STR004,PRD028,3,90.00
2026-06-03,STR004,PRD029,9,2160.00
2026-06-03,STR004,PRD030,6,1110.00
2026-06-03,STR004,PRD031,4,380.00
2026-06-03,STR004,PRD032,5,600.00
2026-06-03,STR004,PRD033,5,425.00
2026-06-03,STR004,PRD034,5,1300.00
2026-06-03,STR004,PRD035,5,2100.00
2026-06-03,STR004,PRD036,8,1680.00
2026-06-03,STR004,PRD037,9,1791.00
2026-06-03,STR004,PRD038,7,805.00
2026-06-03,STR004,PRD039,4,720.00
2026-06-03,STR004,PRD041,6,588.00
2026-06-03,STR004,PRD042,6,780.00
2026-06-03,STR004,PRD043,4,840.00
2026-06-03,STR004,PRD044,3,330.00
2026-06-03,STR004,PRD045,8,1400.00
2026-06-03,STR004,PRD046,4,640.00
2026-06-03,STR004,PRD047,7,392.00
2026-06-03,STR004,PRD048,5,350.00
2026-06-03,STR004,PRD049,5,290.00
2026-06-03,STR004,PRD050,5,475.00
2026-06-03,STR004,PRD051,6,540.00
2026-06-03,STR004,PRD052,5,700.00
2026-06-03,STR004,PRD053,7,3150.00
2026-06-03,STR004,PRD054,5,3250.00
2026-06-03,STR004,PRD055,4,1560.00
2026-06-04,STR001,PRD001,10,5500.00
2026-06-04,STR001,PRD002,12,1980.00
2026-06-04,STR001,PRD003,2,490.00
2026-06-04,STR001,PRD004,13,780.00
2026-06-04,STR001,PRD005,4,1520.00
2026-06-04,STR001,PRD006,6,1050.00
2026-06-04,STR001,PRD007,7,196.00
2026-06-04,STR001,PRD008,3,156.00
2026-06-04,STR001,PRD009,3,135.00
2026-06-04,STR001,PRD010,4,152.00
2026-06-04,STR001,PRD011,7,770.00
2026-06-04,STR001,PRD012,3,660.00
2026-06-04,STR001,PRD013,5,325.00
2026-06-04,STR001,PRD014,5,200.00
2026-06-04,STR001,PRD015,7,140.00
2026-06-04,STR001,PRD016,3,870.00
2026-06-04,STR001,PRD017,3,150.00
2026-06-04,STR001,PRD018,7,875.00
2026-06-04,STR001,PRD019,6,1170.00
2026-06-04,STR001,PRD020,5,175.00
2026-06-04,STR001,PRD021,7,315.00
2026-06-04,STR001,PRD022,7,1960.00
2026-06-04,STR001,PRD023,2,640.00
2026-06-04,STR001,PRD024,3,450.00
2026-06-04,STR001,PRD025,7,420.00
2026-06-04,STR001,PRD026,6,450.00
2026-06-04,STR001,PRD027,2,80.00
2026-06-04,STR001,PRD028,3,90.00
2026-06-04,STR001,PRD029,7,1680.00
2026-06-04,STR001,PRD030,6,1110.00
2026-06-04,STR001,PRD031,4,380.00
2026-06-04,STR001,PRD032,4,480.00
2026-06-04,STR001,PRD033,7,595.00
2026-06-04,STR001,PRD034,6,1560.00
2026-06-04,STR001,PRD035,4,1680.00
2026-06-04,STR001,PRD036,5,1050.00
2026-06-04,STR001,PRD037,8,1592.00
2026-06-04,STR001,PRD039,8,1440.00
2026-06-04,STR001,PRD040,6,870.00
2026-06-04,STR001,PRD041,4,392.00
2026-06-04,STR001,PRD042,2,260.00
2026-06-04,STR001,PRD043,2,420.00
2026-06-04,STR001,PRD044,5,550.00
2026-06-04,STR001,PRD045,1,175.00
2026-06-04,STR001,PRD046,3,480.00
2026-06-04,STR001,PRD047,4,224.00
2026-06-04,STR001,PRD048,4,280.00
2026-06-04,STR001,PRD049,8,464.00
2026-06-04,STR001,PRD050,4,380.00
2026-06-04,STR001,PRD052,5,700.00
2026-06-04,STR001,PRD054,8,5200.00
2026-06-04,STR001,PRD055,5,1950.00
2026-06-04,STR002,PRD001,6,3300.00
2026-06-04,STR002,PRD002,6,990.00
2026-06-04,STR002,PRD003,5,1225.00
2026-06-04,STR002,PRD004,5,300.00
2026-06-04,STR002,PRD005,4,1520.00
2026-06-04,STR002,PRD006,9,1575.00
2026-06-04,STR002,PRD007,8,224.00
2026-06-04,STR002,PRD008,4,208.00
2026-06-04,STR002,PRD009,4,180.00
2026-06-04,STR002,PRD010,6,228.00
2026-06-04,STR002,PRD011,7,770.00
2026-06-04,STR002,PRD012,4,880.00
2026-06-04,STR002,PRD013,5,325.00
2026-06-04,STR002,PRD014,4,160.00
2026-06-04,STR002,PRD015,2,40.00
2026-06-04,STR002,PRD016,4,1160.00
2026-06-04,STR002,PRD017,7,350.00
2026-06-04,STR002,PRD018,9,1125.00
2026-06-04,STR002,PRD019,6,1170.00
2026-06-04,STR002,PRD020,9,315.00
2026-06-04,STR002,PRD021,9,405.00
2026-06-04,STR002,PRD022,13,3640.00
2026-06-04,STR002,PRD023,7,2240.00
2026-06-04,STR002,PRD024,5,750.00
2026-06-04,STR002,PRD025,4,240.00
2026-06-04,STR002,PRD026,5,375.00
2026-06-04,STR002,PRD027,6,240.00
2026-06-04,STR002,PRD028,7,210.00
2026-06-04,STR002,PRD029,8,1920.00
2026-06-04,STR002,PRD030,6,1110.00
2026-06-04,STR002,PRD031,4,380.00
2026-06-04,STR002,PRD032,6,720.00
2026-06-04,STR002,PRD034,5,1300.00
2026-06-04,STR002,PRD035,4,1680.00
2026-06-04,STR002,PRD036,2,420.00
2026-06-04,STR002,PRD037,7,1393.00
2026-06-04,STR002,PRD038,4,460.00
2026-06-04,STR002,PRD039,5,900.00
2026-06-04,STR002,PRD040,4,580.00
2026-06-04,STR002,PRD041,6,588.00
2026-06-04,STR002,PRD042,8,1040.00
2026-06-04,STR002,PRD044,6,660.00
2026-06-04,STR002,PRD045,7,1225.00
2026-06-04,STR002,PRD046,1,160.00
2026-06-04,STR002,PRD047,5,280.00
2026-06-04,STR002,PRD048,14,980.00
2026-06-04,STR002,PRD049,7,406.00
2026-06-04,STR002,PRD050,4,380.00
2026-06-04,STR002,PRD051,4,360.00
2026-06-04,STR002,PRD053,6,2700.00
2026-06-04,STR002,PRD054,3,1950.00
2026-06-04,STR002,PRD055,9,3510.00
2026-06-04,STR003,PRD001,8,4400.00
2026-06-04,STR003,PRD002,2,330.00
2026-06-04,STR003,PRD003,4,980.00
2026-06-04,STR003,PRD004,5,300.00
2026-06-04,STR003,PRD005,6,2280.00
2026-06-04,STR003,PRD006,4,700.00
2026-06-04,STR003,PRD007,5,140.00
2026-06-04,STR003,PRD008,6,312.00
2026-06-04,STR003,PRD009,5,225.00
2026-06-04,STR003,PRD010,6,228.00
2026-06-04,STR003,PRD011,7,770.00
2026-06-04,STR003,PRD012,4,880.00
2026-06-04,STR003,PRD013,6,390.00
2026-06-04,STR003,PRD014,7,280.00
2026-06-04,STR003,PRD015,4,80.00
2026-06-04,STR003,PRD016,4,1160.00
2026-06-04,STR003,PRD017,4,200.00
2026-06-04,STR003,PRD018,6,750.00
2026-06-04,STR003,PRD019,5,975.00
2026-06-04,STR003,PRD020,8,280.00
2026-06-04,STR003,PRD021,2,90.00
2026-06-04,STR003,PRD022,1,280.00
2026-06-04,STR003,PRD023,1,320.00
2026-06-04,STR003,PRD024,6,900.00
2026-06-04,STR003,PRD025,1,60.00
2026-06-04,STR003,PRD026,6,450.00
2026-06-04,STR003,PRD027,1,40.00
2026-06-04,STR003,PRD028,4,120.00
2026-06-04,STR003,PRD029,7,1680.00
2026-06-04,STR003,PRD030,3,555.00
2026-06-04,STR003,PRD031,8,760.00
2026-06-04,STR003,PRD032,3,360.00
2026-06-04,STR003,PRD033,2,170.00
2026-06-04,STR003,PRD034,6,1560.00
2026-06-04,STR003,PRD036,4,840.00
2026-06-04,STR003,PRD037,5,995.00
2026-06-04,STR003,PRD038,6,690.00
2026-06-04,STR003,PRD039,5,900.00
2026-06-04,STR003,PRD040,3,435.00
2026-06-04,STR003,PRD041,6,588.00
2026-06-04,STR003,PRD042,8,1040.00
2026-06-04,STR003,PRD043,6,1260.00
2026-06-04,STR003,PRD044,7,770.00
2026-06-04,STR003,PRD045,2,350.00
2026-06-04,STR003,PRD046,3,480.00
2026-06-04,STR003,PRD047,3,168.00
2026-06-04,STR003,PRD048,3,210.00
2026-06-04,STR003,PRD049,6,348.00
2026-06-04,STR003,PRD050,5,475.00
2026-06-04,STR003,PRD051,5,450.00
2026-06-04,STR003,PRD052,5,700.00
2026-06-04,STR003,PRD053,5,2250.00
2026-06-04,STR003,PRD054,9,5850.00
2026-06-04,STR003,PRD055,5,1950.00
2026-06-04,STR004,PRD002,5,825.00
2026-06-04,STR004,PRD003,6,1470.00
2026-06-04,STR004,PRD004,5,300.00
2026-06-04,STR004,PRD005,4,1520.00
2026-06-04,STR004,PRD006,5,875.00
2026-06-04,STR004,PRD007,6,168.00
2026-06-04,STR004,PRD008,5,260.00
2026-06-04,STR004,PRD009,8,360.00
2026-06-04,STR004,PRD010,5,190.00
2026-06-04,STR004,PRD011,2,220.00
2026-06-04,STR004,PRD012,4,880.00
2026-06-04,STR004,PRD013,5,325.00
2026-06-04,STR004,PRD014,7,280.00
2026-06-04,STR004,PRD015,5,100.00
2026-06-04,STR004,PRD016,7,2030.00
2026-06-04,STR004,PRD017,15,750.00
2026-06-04,STR004,PRD018,8,1000.00
2026-06-04,STR004,PRD020,4,140.00
2026-06-04,STR004,PRD021,5,225.00
2026-06-04,STR004,PRD022,7,1960.00
2026-06-04,STR004,PRD023,2,640.00
2026-06-04,STR004,PRD024,3,450.00
2026-06-04,STR004,PRD025,6,360.00
2026-06-04,STR004,PRD026,7,525.00
2026-06-04,STR004,PRD027,4,160.00
2026-06-04,STR004,PRD028,6,180.00
2026-06-04,STR004,PRD029,7,1680.00
2026-06-04,STR004,PRD030,4,740.00
2026-06-04,STR004,PRD031,4,380.00
2026-06-04,STR004,PRD032,6,720.00
2026-06-04,STR004,PRD033,3,255.00
2026-06-04,STR004,PRD034,5,1300.00
2026-06-04,STR004,PRD035,8,3360.00
2026-06-04,STR004,PRD036,5,1050.00
2026-06-04,STR004,PRD037,9,1791.00
2026-06-04,STR004,PRD038,7,805.00
2026-06-04,STR004,PRD039,4,720.00
2026-06-04,STR004,PRD041,6,588.00
2026-06-04,STR004,PRD042,5,650.00
2026-06-04,STR004,PRD043,2,420.00
2026-06-04,STR004,PRD044,4,440.00
2026-06-04,STR004,PRD045,9,1575.00
2026-06-04,STR004,PRD046,4,640.00
2026-06-04,STR004,PRD047,5,280.00
2026-06-04,STR004,PRD048,3,210.00
2026-06-04,STR004,PRD049,3,174.00
2026-06-04,STR004,PRD050,7,665.00
2026-06-04,STR004,PRD051,8,720.00
2026-06-04,STR004,PRD052,3,420.00
2026-06-04,STR004,PRD053,8,3600.00
2026-06-04,STR004,PRD054,4,2600.00
2026-06-04,STR004,PRD055,3,1170.00
2026-06-05,STR001,PRD001,6,3300.00
2026-06-05,STR001,PRD002,10,1650.00
2026-06-05,STR001,PRD003,4,980.00
2026-06-05,STR001,PRD004,13,780.00
2026-06-05,STR001,PRD005,5,1900.00
2026-06-05,STR001,PRD006,5,875.00
2026-06-05,STR001,PRD007,6,168.00
2026-06-05,STR001,PRD008,5,260.00
2026-06-05,STR001,PRD009,5,225.00
2026-06-05,STR001,PRD010,5,190.00
2026-06-05,STR001,PRD011,7,770.00
2026-06-05,STR001,PRD012,5,1100.00
2026-06-05,STR001,PRD013,2,130.00
2026-06-05,STR001,PRD014,4,160.00
2026-06-05,STR001,PRD015,7,140.00
2026-06-05,STR001,PRD016,5,1450.00
2026-06-05,STR001,PRD017,4,200.00
2026-06-05,STR001,PRD018,3,375.00
2026-06-05,STR001,PRD019,7,1365.00
2026-06-05,STR001,PRD020,1,35.00
2026-06-05,STR001,PRD021,5,225.00
2026-06-05,STR001,PRD022,5,1400.00
2026-06-05,STR001,PRD023,5,1600.00
2026-06-05,STR001,PRD024,6,900.00
2026-06-05,STR001,PRD025,7,420.00
2026-06-05,STR001,PRD026,2,150.00
2026-06-05,STR001,PRD027,4,160.00
2026-06-05,STR001,PRD028,1,30.00
2026-06-05,STR001,PRD029,6,1440.00
2026-06-05,STR001,PRD030,7,1295.00
2026-06-05,STR001,PRD031,4,380.00
2026-06-05,STR001,PRD032,7,840.00
2026-06-05,STR001,PRD033,5,425.00
2026-06-05,STR001,PRD034,7,1820.00
2026-06-05,STR001,PRD035,7,2940.00
2026-06-05,STR001,PRD036,6,1260.00
2026-06-05,STR001,PRD037,6,1194.00
2026-06-05,STR001,PRD039,5,900.00
2026-06-05,STR001,PRD040,6,870.00
2026-06-05,STR001,PRD041,4,392.00
2026-06-05,STR001,PRD042,5,650.00
2026-06-05,STR001,PRD043,6,1260.00
2026-06-05,STR001,PRD044,4,440.00
2026-06-05,STR001,PRD045,5,875.00
2026-06-05,STR001,PRD046,3,480.00
2026-06-05,STR001,PRD047,1,56.00
2026-06-05,STR001,PRD048,5,350.00
2026-06-05,STR001,PRD049,6,348.00
2026-06-05,STR001,PRD050,5,475.00
2026-06-05,STR001,PRD052,2,280.00
2026-06-05,STR001,PRD054,5,3250.00
2026-06-05,STR001,PRD055,6,2340.00
2026-06-05,STR002,PRD001,6,3300.00
2026-06-05,STR002,PRD002,2,330.00
2026-06-05,STR002,PRD003,4,980.00
2026-06-05,STR002,PRD004,3,180.00
2026-06-05,STR002,PRD005,7,2660.00
2026-06-05,STR002,PRD006,6,1050.00
2026-06-05,STR002,PRD007,7,196.00
2026-06-05,STR002,PRD008,6,312.00
2026-06-05,STR002,PRD009,6,270.00
2026-06-05,STR002,PRD010,8,304.00
2026-06-05,STR002,PRD011,7,770.00
2026-06-05,STR002,PRD012,6,1320.00
2026-06-05,STR002,PRD013,2,130.00
2026-06-05,STR002,PRD014,5,200.00
2026-06-05,STR002,PRD015,2,40.00
2026-06-05,STR002,PRD016,5,1450.00
2026-06-05,STR002,PRD017,9,450.00
2026-06-05,STR002,PRD018,8,1000.00
2026-06-05,STR002,PRD019,4,780.00
2026-06-05,STR002,PRD020,6,210.00
2026-06-05,STR002,PRD021,10,450.00
2026-06-05,STR002,PRD022,11,3080.00
2026-06-05,STR002,PRD023,6,1920.00
2026-06-05,STR002,PRD024,5,750.00
2026-06-05,STR002,PRD025,3,180.00
2026-06-05,STR002,PRD026,5,375.00
2026-06-05,STR002,PRD027,2,80.00
2026-06-05,STR002,PRD028,5,150.00
2026-06-05,STR002,PRD029,9,2160.00
2026-06-05,STR002,PRD030,5,925.00
2026-06-05,STR002,PRD031,2,190.00
2026-06-05,STR002,PRD032,8,960.00
2026-06-05,STR002,PRD033,2,170.00
2026-06-05,STR002,PRD034,2,520.00
2026-06-05,STR002,PRD035,1,420.00
2026-06-05,STR002,PRD036,4,840.00
2026-06-05,STR002,PRD037,4,796.00
2026-06-05,STR002,PRD038,5,575.00
2026-06-05,STR002,PRD039,7,1260.00
2026-06-05,STR002,PRD040,1,145.00
2026-06-05,STR002,PRD041,3,294.00
2026-06-05,STR002,PRD042,7,910.00
2026-06-05,STR002,PRD044,6,660.00
2026-06-05,STR002,PRD045,8,1400.00
2026-06-05,STR002,PRD046,2,320.00
2026-06-05,STR002,PRD047,4,224.00
2026-06-05,STR002,PRD048,14,980.00
2026-06-05,STR002,PRD049,4,232.00
2026-06-05,STR002,PRD050,6,570.00
2026-06-05,STR002,PRD051,5,450.00
2026-06-05,STR002,PRD053,4,1800.00
2026-06-05,STR002,PRD054,5,3250.00
2026-06-05,STR002,PRD055,6,2340.00
2026-06-05,STR003,PRD001,8,4400.00
2026-06-05,STR003,PRD002,2,330.00
2026-06-05,STR003,PRD003,5,1225.00
2026-06-05,STR003,PRD004,3,180.00
2026-06-05,STR003,PRD005,6,2280.00
2026-06-05,STR003,PRD006,8,1400.00
2026-06-05,STR003,PRD007,4,112.00
2026-06-05,STR003,PRD008,5,260.00
2026-06-05,STR003,PRD009,3,135.00
2026-06-05,STR003,PRD010,2,76.00
2026-06-05,STR003,PRD011,5,550.00
2026-06-05,STR003,PRD012,4,880.00
2026-06-05,STR003,PRD013,6,390.00
2026-06-05,STR003,PRD014,4,160.00
2026-06-05,STR003,PRD015,5,100.00
2026-06-05,STR003,PRD016,4,1160.00
2026-06-05,STR003,PRD017,1,50.00
2026-06-05,STR003,PRD018,3,375.00
2026-06-05,STR003,PRD019,7,1365.00
2026-06-05,STR003,PRD020,4,140.00
2026-06-05,STR003,PRD021,3,135.00
2026-06-05,STR003,PRD022,3,840.00
2026-06-05,STR003,PRD023,3,960.00
2026-06-05,STR003,PRD024,5,750.00
2026-06-05,STR003,PRD025,1,60.00
2026-06-05,STR003,PRD026,6,450.00
2026-06-05,STR003,PRD027,4,160.00
2026-06-05,STR003,PRD028,6,180.00
2026-06-05,STR003,PRD029,8,1920.00
2026-06-05,STR003,PRD030,6,1110.00
2026-06-05,STR003,PRD031,6,570.00
2026-06-05,STR003,PRD032,6,720.00
2026-06-05,STR003,PRD033,6,510.00
2026-06-05,STR003,PRD034,5,1300.00
2026-06-05,STR003,PRD036,2,420.00
2026-06-05,STR003,PRD037,7,1393.00
2026-06-05,STR003,PRD038,6,690.00
2026-06-05,STR003,PRD039,5,900.00
2026-06-05,STR003,PRD040,2,290.00
2026-06-05,STR003,PRD041,5,490.00
2026-06-05,STR003,PRD042,7,910.00
2026-06-05,STR003,PRD043,6,1260.00
2026-06-05,STR003,PRD044,6,660.00
2026-06-05,STR003,PRD045,1,175.00
2026-06-05,STR003,PRD046,5,800.00
2026-06-05,STR003,PRD047,5,280.00
2026-06-05,STR003,PRD048,3,210.00
2026-06-05,STR003,PRD049,2,116.00
2026-06-05,STR003,PRD050,4,380.00
2026-06-05,STR003,PRD051,5,450.00
2026-06-05,STR003,PRD052,5,700.00
2026-06-05,STR003,PRD053,2,900.00
2026-06-05,STR003,PRD054,6,3900.00
2026-06-05,STR003,PRD055,6,2340.00
2026-06-05,STR004,PRD001,4,2200.00
2026-06-05,STR004,PRD002,6,990.00
2026-06-05,STR004,PRD003,8,1960.00
2026-06-05,STR004,PRD004,4,240.00
2026-06-05,STR004,PRD005,5,1900.00
2026-06-05,STR004,PRD006,9,1575.00
2026-06-05,STR004,PRD007,7,196.00
2026-06-05,STR004,PRD008,5,260.00
2026-06-05,STR004,PRD009,7,315.00
2026-06-05,STR004,PRD010,8,304.00
2026-06-05,STR004,PRD011,6,660.00
2026-06-05,STR004,PRD012,4,880.00
2026-06-05,STR004,PRD013,3,195.00
2026-06-05,STR004,PRD014,3,120.00
2026-06-05,STR004,PRD015,7,140.00
2026-06-05,STR004,PRD016,5,1450.00
2026-06-05,STR004,PRD017,16,800.00
2026-06-05,STR004,PRD018,8,1000.00
2026-06-05,STR004,PRD020,6,210.00
2026-06-05,STR004,PRD021,4,180.00
2026-06-05,STR004,PRD022,7,1960.00
2026-06-05,STR004,PRD023,5,1600.00
2026-06-05,STR004,PRD024,5,750.00
2026-06-05,STR004,PRD025,3,180.00
2026-06-05,STR004,PRD026,5,375.00
2026-06-05,STR004,PRD027,5,200.00
2026-06-05,STR004,PRD028,4,120.00
2026-06-05,STR004,PRD029,7,1680.00
2026-06-05,STR004,PRD030,4,740.00
2026-06-05,STR004,PRD031,5,475.00
2026-06-05,STR004,PRD032,6,720.00
2026-06-05,STR004,PRD033,1,85.00
2026-06-05,STR004,PRD034,5,1300.00
2026-06-05,STR004,PRD035,4,1680.00
2026-06-05,STR004,PRD036,5,1050.00
2026-06-05,STR004,PRD037,8,1592.00
2026-06-05,STR004,PRD038,4,460.00
2026-06-05,STR004,PRD039,4,720.00
2026-06-05,STR004,PRD041,6,588.00
2026-06-05,STR004,PRD042,3,390.00
2026-06-05,STR004,PRD043,5,1050.00
2026-06-05,STR004,PRD044,7,770.00
2026-06-05,STR004,PRD045,9,1575.00
2026-06-05,STR004,PRD046,4,640.00
2026-06-05,STR004,PRD047,4,224.00
2026-06-05,STR004,PRD048,6,420.00
2026-06-05,STR004,PRD049,5,290.00
2026-06-05,STR004,PRD050,8,760.00
2026-06-05,STR004,PRD051,5,450.00
2026-06-05,STR004,PRD052,5,700.00
2026-06-05,STR004,PRD053,8,3600.00
2026-06-05,STR004,PRD054,4,2600.00
2026-06-05,STR004,PRD055,4,1560.00
2026-06-06,STR001,PRD001,6,3300.00
2026-06-06,STR001,PRD002,12,1980.00
2026-06-06,STR001,PRD003,6,1470.00
2026-06-06,STR001,PRD004,11,660.00
2026-06-06,STR001,PRD005,5,1900.00
2026-06-06,STR001,PRD006,7,1225.00
2026-06-06,STR001,PRD007,6,168.00
2026-06-06,STR001,PRD008,1,52.00
2026-06-06,STR001,PRD009,5,225.00
2026-06-06,STR001,PRD010,5,190.00
2026-06-06,STR001,PRD011,5,550.00
2026-06-06,STR001,PRD012,3,660.00
2026-06-06,STR001,PRD013,3,195.00
2026-06-06,STR001,PRD014,6,240.00
2026-06-06,STR001,PRD015,5,100.00
2026-06-06,STR001,PRD016,6,1740.00
2026-06-06,STR001,PRD017,6,300.00
2026-06-06,STR001,PRD018,7,875.00
2026-06-06,STR001,PRD019,8,1560.00
2026-06-06,STR001,PRD020,5,175.00
2026-06-06,STR001,PRD021,4,180.00
2026-06-06,STR001,PRD022,8,2240.00
2026-06-06,STR001,PRD023,4,1280.00
2026-06-06,STR001,PRD024,2,300.00
2026-06-06,STR001,PRD025,6,360.00
2026-06-06,STR001,PRD026,4,300.00
2026-06-06,STR001,PRD027,3,120.00
2026-06-06,STR001,PRD028,3,90.00
2026-06-06,STR001,PRD029,6,1440.00
2026-06-06,STR001,PRD030,3,555.00
2026-06-06,STR001,PRD031,5,475.00
2026-06-06,STR001,PRD032,5,600.00
2026-06-06,STR001,PRD033,7,595.00
2026-06-06,STR001,PRD034,8,2080.00
2026-06-06,STR001,PRD035,3,1260.00
2026-06-06,STR001,PRD036,4,840.00
2026-06-06,STR001,PRD037,4,796.00
2026-06-06,STR001,PRD039,8,1440.00
2026-06-06,STR001,PRD040,4,580.00
2026-06-06,STR001,PRD041,7,686.00
2026-06-06,STR001,PRD042,4,520.00
2026-06-06,STR001,PRD043,5,1050.00
2026-06-06,STR001,PRD044,4,440.00
2026-06-06,STR001,PRD045,2,350.00
2026-06-06,STR001,PRD046,4,640.00
2026-06-06,STR001,PRD047,3,168.00
2026-06-06,STR001,PRD048,4,280.00
2026-06-06,STR001,PRD049,8,464.00
2026-06-06,STR001,PRD050,6,570.00
2026-06-06,STR001,PRD052,2,280.00
2026-06-06,STR001,PRD054,6,3900.00
2026-06-06,STR001,PRD055,5,1950.00
2026-06-06,STR002,PRD001,7,3850.00
2026-06-06,STR002,PRD002,2,330.00
2026-06-06,STR002,PRD003,4,980.00
2026-06-06,STR002,PRD004,4,240.00
2026-06-06,STR002,PRD005,6,2280.00
2026-06-06,STR002,PRD006,8,1400.00
2026-06-06,STR002,PRD007,7,196.00
2026-06-06,STR002,PRD008,7,364.00
2026-06-06,STR002,PRD009,7,315.00
2026-06-06,STR002,PRD010,7,266.00
2026-06-06,STR002,PRD011,6,660.00
2026-06-06,STR002,PRD012,3,660.00
2026-06-06,STR002,PRD013,5,325.00
2026-06-06,STR002,PRD014,2,80.00
2026-06-06,STR002,PRD015,4,80.00
2026-06-06,STR002,PRD016,5,1450.00
2026-06-06,STR002,PRD017,5,250.00
2026-06-06,STR002,PRD018,7,875.00
2026-06-06,STR002,PRD019,6,1170.00
2026-06-06,STR002,PRD020,9,315.00
2026-06-06,STR002,PRD021,12,540.00
2026-06-06,STR002,PRD022,12,3360.00
2026-06-06,STR002,PRD023,3,960.00
2026-06-06,STR002,PRD024,3,450.00
2026-06-06,STR002,PRD025,5,300.00
2026-06-06,STR002,PRD026,7,525.00
2026-06-06,STR002,PRD027,2,80.00
2026-06-06,STR002,PRD028,3,90.00
2026-06-06,STR002,PRD029,6,1440.00
2026-06-06,STR002,PRD030,5,925.00
2026-06-06,STR002,PRD031,3,285.00
2026-06-06,STR002,PRD032,6,720.00
2026-06-06,STR002,PRD033,2,170.00
2026-06-06,STR002,PRD034,3,780.00
2026-06-06,STR002,PRD035,3,1260.00
2026-06-06,STR002,PRD036,1,210.00
2026-06-06,STR002,PRD037,4,796.00
2026-06-06,STR002,PRD038,7,805.00
2026-06-06,STR002,PRD039,6,1080.00
2026-06-06,STR002,PRD040,2,290.00
2026-06-06,STR002,PRD041,4,392.00
2026-06-06,STR002,PRD042,8,1040.00
2026-06-06,STR002,PRD044,6,660.00
2026-06-06,STR002,PRD045,8,1400.00
2026-06-06,STR002,PRD046,5,800.00
2026-06-06,STR002,PRD047,6,336.00
2026-06-06,STR002,PRD048,10,700.00
2026-06-06,STR002,PRD049,6,348.00
2026-06-06,STR002,PRD050,2,190.00
2026-06-06,STR002,PRD051,7,630.00
2026-06-06,STR002,PRD053,3,1350.00
2026-06-06,STR002,PRD054,6,3900.00
2026-06-06,STR002,PRD055,5,1950.00
2026-06-06,STR003,PRD001,6,3300.00
2026-06-06,STR003,PRD002,6,990.00
2026-06-06,STR003,PRD003,6,1470.00
2026-06-06,STR003,PRD004,6,360.00
2026-06-06,STR003,PRD005,8,3040.00
2026-06-06,STR003,PRD006,7,1225.00
2026-06-06,STR003,PRD007,4,112.00
2026-06-06,STR003,PRD008,4,208.00
2026-06-06,STR003,PRD009,6,270.00
2026-06-06,STR003,PRD010,2,76.00
2026-06-06,STR003,PRD011,6,660.00
2026-06-06,STR003,PRD012,5,1100.00
2026-06-06,STR003,PRD013,8,520.00
2026-06-06,STR003,PRD014,6,240.00
2026-06-06,STR003,PRD015,3,60.00
2026-06-06,STR003,PRD016,2,580.00
2026-06-06,STR003,PRD017,4,200.00
2026-06-06,STR003,PRD018,2,250.00
2026-06-06,STR003,PRD019,6,1170.00
2026-06-06,STR003,PRD020,7,245.00
2026-06-06,STR003,PRD021,6,270.00
2026-06-06,STR003,PRD022,3,840.00
2026-06-06,STR003,PRD023,3,960.00
2026-06-06,STR003,PRD024,5,750.00
2026-06-06,STR003,PRD025,4,240.00
2026-06-06,STR003,PRD026,5,375.00
2026-06-06,STR003,PRD027,3,120.00
2026-06-06,STR003,PRD028,5,150.00
2026-06-06,STR003,PRD029,6,1440.00
2026-06-06,STR003,PRD030,3,555.00
2026-06-06,STR003,PRD031,6,570.00
2026-06-06,STR003,PRD032,7,840.00
2026-06-06,STR003,PRD033,2,170.00
2026-06-06,STR003,PRD034,8,2080.00
2026-06-06,STR003,PRD036,4,840.00
2026-06-06,STR003,PRD037,5,995.00
2026-06-06,STR003,PRD038,5,575.00
2026-06-06,STR003,PRD039,3,540.00
2026-06-06,STR003,PRD040,2,290.00
2026-06-06,STR003,PRD041,6,588.00
2026-06-06,STR003,PRD042,6,780.00
2026-06-06,STR003,PRD043,4,840.00
2026-06-06,STR003,PRD044,4,440.00
2026-06-06,STR003,PRD045,5,875.00
2026-06-06,STR003,PRD046,3,480.00
2026-06-06,STR003,PRD047,2,112.00
2026-06-06,STR003,PRD048,4,280.00
2026-06-06,STR003,PRD049,5,290.00
2026-06-06,STR003,PRD050,5,475.00
2026-06-06,STR003,PRD051,5,450.00
2026-06-06,STR003,PRD052,8,1120.00
2026-06-06,STR003,PRD053,5,2250.00
2026-06-06,STR003,PRD054,9,5850.00
2026-06-06,STR003,PRD055,8,3120.00
2026-06-06,STR004,PRD001,2,1100.00
2026-06-06,STR004,PRD002,4,660.00
2026-06-06,STR004,PRD003,5,1225.00
2026-06-06,STR004,PRD004,5,300.00
2026-06-06,STR004,PRD005,2,760.00
2026-06-06,STR004,PRD006,8,1400.00
2026-06-06,STR004,PRD007,6,168.00
2026-06-06,STR004,PRD008,5,260.00
2026-06-06,STR004,PRD009,6,270.00
2026-06-06,STR004,PRD010,8,304.00
2026-06-06,STR004,PRD011,2,220.00
2026-06-06,STR004,PRD012,3,660.00
2026-06-06,STR004,PRD013,7,455.00
2026-06-06,STR004,PRD014,3,120.00
2026-06-06,STR004,PRD015,5,100.00
2026-06-06,STR004,PRD016,7,2030.00
2026-06-06,STR004,PRD017,16,800.00
2026-06-06,STR004,PRD018,5,625.00
2026-06-06,STR004,PRD019,1,195.00
2026-06-06,STR004,PRD020,5,175.00
2026-06-06,STR004,PRD021,2,90.00
2026-06-06,STR004,PRD022,4,1120.00
2026-06-06,STR004,PRD023,6,1920.00
2026-06-06,STR004,PRD024,6,900.00
2026-06-06,STR004,PRD025,7,420.00
2026-06-06,STR004,PRD026,6,450.00
2026-06-06,STR004,PRD027,5,200.00
2026-06-06,STR004,PRD028,6,180.00
2026-06-06,STR004,PRD029,9,2160.00
2026-06-06,STR004,PRD030,2,370.00
2026-06-06,STR004,PRD031,7,665.00
2026-06-06,STR004,PRD032,7,840.00
2026-06-06,STR004,PRD033,2,170.00
2026-06-06,STR004,PRD034,7,1820.00
2026-06-06,STR004,PRD035,8,3360.00
2026-06-06,STR004,PRD036,8,1680.00
2026-06-06,STR004,PRD037,9,1791.00
2026-06-06,STR004,PRD038,5,575.00
2026-06-06,STR004,PRD039,2,360.00
2026-06-06,STR004,PRD040,2,290.00
2026-06-06,STR004,PRD041,2,196.00
2026-06-06,STR004,PRD042,5,650.00
2026-06-06,STR004,PRD043,1,210.00
2026-06-06,STR004,PRD044,7,770.00
2026-06-06,STR004,PRD045,6,1050.00
2026-06-06,STR004,PRD046,2,320.00
2026-06-06,STR004,PRD047,5,280.00
2026-06-06,STR004,PRD048,6,420.00
2026-06-06,STR004,PRD049,6,348.00
2026-06-06,STR004,PRD050,9,855.00
2026-06-06,STR004,PRD051,9,810.00
2026-06-06,STR004,PRD052,7,980.00
2026-06-06,STR004,PRD053,5,2250.00
2026-06-06,STR004,PRD054,4,2600.00
2026-06-06,STR004,PRD055,4,1560.00
2026-06-07,STR001,PRD001,8,4400.00
2026-06-07,STR001,PRD002,11,1815.00
2026-06-07,STR001,PRD003,5,1225.00
2026-06-07,STR001,PRD004,12,720.00
2026-06-07,STR001,PRD005,8,3040.00
2026-06-07,STR001,PRD006,4,700.00
2026-06-07,STR001,PRD007,7,196.00
2026-06-07,STR001,PRD008,1,52.00
2026-06-07,STR001,PRD009,5,225.00
2026-06-07,STR001,PRD010,1,38.00
2026-06-07,STR001,PRD011,7,770.00
2026-06-07,STR001,PRD012,6,1320.00
2026-06-07,STR001,PRD013,3,195.00
2026-06-07,STR001,PRD014,4,160.00
2026-06-07,STR001,PRD015,8,160.00
2026-06-07,STR001,PRD016,4,1160.00
2026-06-07,STR001,PRD017,4,200.00
2026-06-07,STR001,PRD018,3,375.00
2026-06-07,STR001,PRD019,8,1560.00
2026-06-07,STR001,PRD020,2,70.00
2026-06-07,STR001,PRD021,6,270.00
2026-06-07,STR001,PRD022,6,1680.00
2026-06-07,STR001,PRD023,5,1600.00
2026-06-07,STR001,PRD024,3,450.00
2026-06-07,STR001,PRD025,9,540.00
2026-06-07,STR001,PRD026,2,150.00
2026-06-07,STR001,PRD027,3,120.00
2026-06-07,STR001,PRD028,5,150.00
2026-06-07,STR001,PRD029,7,1680.00
2026-06-07,STR001,PRD030,5,925.00
2026-06-07,STR001,PRD031,5,475.00
2026-06-07,STR001,PRD032,8,960.00
2026-06-07,STR001,PRD033,3,255.00
2026-06-07,STR001,PRD034,8,2080.00
2026-06-07,STR001,PRD035,7,2940.00
2026-06-07,STR001,PRD036,5,1050.00
2026-06-07,STR001,PRD037,4,796.00
2026-06-07,STR001,PRD038,1,115.00
2026-06-07,STR001,PRD039,6,1080.00
2026-06-07,STR001,PRD040,4,580.00
2026-06-07,STR001,PRD041,5,490.00
2026-06-07,STR001,PRD042,3,390.00
2026-06-07,STR001,PRD043,5,1050.00
2026-06-07,STR001,PRD044,3,330.00
2026-06-07,STR001,PRD045,2,350.00
2026-06-07,STR001,PRD046,3,480.00
2026-06-07,STR001,PRD047,2,112.00
2026-06-07,STR001,PRD048,2,140.00
2026-06-07,STR001,PRD049,6,348.00
2026-06-07,STR001,PRD050,2,190.00
2026-06-07,STR001,PRD052,6,840.00
2026-06-07,STR001,PRD054,9,5850.00
2026-06-07,STR001,PRD055,4,1560.00
2026-06-07,STR002,PRD001,5,2750.00
2026-06-07,STR002,PRD002,6,990.00
2026-06-07,STR002,PRD003,5,1225.00
2026-06-07,STR002,PRD004,6,360.00
2026-06-07,STR002,PRD005,6,2280.00
2026-06-07,STR002,PRD006,6,1050.00
2026-06-07,STR002,PRD007,5,140.00
2026-06-07,STR002,PRD008,4,208.00
2026-06-07,STR002,PRD009,8,360.00
2026-06-07,STR002,PRD010,5,190.00
2026-06-07,STR002,PRD011,7,770.00
2026-06-07,STR002,PRD012,2,440.00
2026-06-07,STR002,PRD013,4,260.00
2026-06-07,STR002,PRD014,4,160.00
2026-06-07,STR002,PRD015,3,60.00
2026-06-07,STR002,PRD016,5,1450.00
2026-06-07,STR002,PRD017,9,450.00
2026-06-07,STR002,PRD018,7,875.00
2026-06-07,STR002,PRD019,5,975.00
2026-06-07,STR002,PRD020,7,245.00
2026-06-07,STR002,PRD021,12,540.00
2026-06-07,STR002,PRD022,11,3080.00
2026-06-07,STR002,PRD023,5,1600.00
2026-06-07,STR002,PRD024,5,750.00
2026-06-07,STR002,PRD025,3,180.00
2026-06-07,STR002,PRD026,5,375.00
2026-06-07,STR002,PRD027,6,240.00
2026-06-07,STR002,PRD028,6,180.00
2026-06-07,STR002,PRD029,8,1920.00
2026-06-07,STR002,PRD030,5,925.00
2026-06-07,STR002,PRD031,5,475.00
2026-06-07,STR002,PRD032,9,1080.00
2026-06-07,STR002,PRD033,4,340.00
2026-06-07,STR002,PRD034,4,1040.00
2026-06-07,STR002,PRD035,2,840.00
2026-06-07,STR002,PRD036,2,420.00
2026-06-07,STR002,PRD037,8,1592.00
2026-06-07,STR002,PRD038,5,575.00
2026-06-07,STR002,PRD039,5,900.00
2026-06-07,STR002,PRD040,1,145.00
2026-06-07,STR002,PRD041,6,588.00
2026-06-07,STR002,PRD042,7,910.00
2026-06-07,STR002,PRD044,5,550.00
2026-06-07,STR002,PRD045,8,1400.00
2026-06-07,STR002,PRD046,1,160.00
2026-06-07,STR002,PRD047,6,336.00
2026-06-07,STR002,PRD048,10,700.00
2026-06-07,STR002,PRD049,4,232.00
2026-06-07,STR002,PRD050,4,380.00
2026-06-07,STR002,PRD051,7,630.00
2026-06-07,STR002,PRD053,7,3150.00
2026-06-07,STR002,PRD054,4,2600.00
2026-06-07,STR002,PRD055,8,3120.00
2026-06-07,STR003,PRD001,4,2200.00
2026-06-07,STR003,PRD002,3,495.00
2026-06-07,STR003,PRD003,6,1470.00
2026-06-07,STR003,PRD004,4,240.00
2026-06-07,STR003,PRD005,5,1900.00
2026-06-07,STR003,PRD006,7,1225.00
2026-06-07,STR003,PRD007,2,56.00
2026-06-07,STR003,PRD008,7,364.00
2026-06-07,STR003,PRD009,7,315.00
2026-06-07,STR003,PRD010,4,152.00
2026-06-07,STR003,PRD011,5,550.00
2026-06-07,STR003,PRD012,7,1540.00
2026-06-07,STR003,PRD013,4,260.00
2026-06-07,STR003,PRD014,5,200.00
2026-06-07,STR003,PRD015,2,40.00
2026-06-07,STR003,PRD016,2,580.00
2026-06-07,STR003,PRD017,3,150.00
2026-06-07,STR003,PRD018,2,250.00
2026-06-07,STR003,PRD019,7,1365.00
2026-06-07,STR003,PRD020,5,175.00
2026-06-07,STR003,PRD021,3,135.00
2026-06-07,STR003,PRD023,1,320.00
2026-06-07,STR003,PRD024,8,1200.00
2026-06-07,STR003,PRD025,2,120.00
2026-06-07,STR003,PRD026,6,450.00
2026-06-07,STR003,PRD027,4,160.00
2026-06-07,STR003,PRD028,8,240.00
2026-06-07,STR003,PRD029,4,960.00
2026-06-07,STR003,PRD030,2,370.00
2026-06-07,STR003,PRD031,6,570.00
2026-06-07,STR003,PRD032,5,600.00
2026-06-07,STR003,PRD033,3,255.00
2026-06-07,STR003,PRD034,5,1300.00
2026-06-07,STR003,PRD036,6,1260.00
2026-06-07,STR003,PRD037,7,1393.00
2026-06-07,STR003,PRD038,7,805.00
2026-06-07,STR003,PRD039,2,360.00
2026-06-07,STR003,PRD040,4,580.00
2026-06-07,STR003,PRD041,6,588.00
2026-06-07,STR003,PRD042,6,780.00
2026-06-07,STR003,PRD043,3,630.00
2026-06-07,STR003,PRD044,3,330.00
2026-06-07,STR003,PRD045,2,350.00
2026-06-07,STR003,PRD046,5,800.00
2026-06-07,STR003,PRD047,6,336.00
2026-06-07,STR003,PRD048,6,420.00
2026-06-07,STR003,PRD049,2,116.00
2026-06-07,STR003,PRD050,2,190.00
2026-06-07,STR003,PRD051,4,360.00
2026-06-07,STR003,PRD052,8,1120.00
2026-06-07,STR003,PRD053,6,2700.00
2026-06-07,STR003,PRD054,5,3250.00
2026-06-07,STR003,PRD055,8,3120.00
2026-06-07,STR004,PRD001,4,2200.00
2026-06-07,STR004,PRD002,3,495.00
2026-06-07,STR004,PRD003,5,1225.00
2026-06-07,STR004,PRD004,4,240.00
2026-06-07,STR004,PRD005,5,1900.00
2026-06-07,STR004,PRD006,5,875.00
2026-06-07,STR004,PRD007,7,196.00
2026-06-07,STR004,PRD008,5,260.00
2026-06-07,STR004,PRD009,5,225.00
2026-06-07,STR004,PRD010,8,304.00
2026-06-07,STR004,PRD011,5,550.00
2026-06-07,STR004,PRD012,2,440.00
2026-06-07,STR004,PRD013,3,195.00
2026-06-07,STR004,PRD014,7,280.00
2026-06-07,STR004,PRD015,5,100.00
2026-06-07,STR004,PRD016,4,1160.00
2026-06-07,STR004,PRD017,17,850.00
2026-06-07,STR004,PRD018,9,1125.00
2026-06-07,STR004,PRD020,7,245.00
2026-06-07,STR004,PRD021,6,270.00
2026-06-07,STR004,PRD022,4,1120.00
2026-06-07,STR004,PRD023,5,1600.00
2026-06-07,STR004,PRD024,5,750.00
2026-06-07,STR004,PRD025,3,180.00
2026-06-07,STR004,PRD026,6,450.00
2026-06-07,STR004,PRD027,4,160.00
2026-06-07,STR004,PRD028,4,120.00
2026-06-07,STR004,PRD029,5,1200.00
2026-06-07,STR004,PRD030,4,740.00
2026-06-07,STR004,PRD031,4,380.00
2026-06-07,STR004,PRD032,5,600.00
2026-06-07,STR004,PRD033,2,170.00
2026-06-07,STR004,PRD034,5,1300.00
2026-06-07,STR004,PRD035,8,3360.00
2026-06-07,STR004,PRD036,7,1470.00
2026-06-07,STR004,PRD037,6,1194.00
2026-06-07,STR004,PRD038,4,460.00
2026-06-07,STR004,PRD039,4,720.00
2026-06-07,STR004,PRD040,3,435.00
2026-06-07,STR004,PRD041,4,392.00
2026-06-07,STR004,PRD042,4,520.00
2026-06-07,STR004,PRD043,4,840.00
2026-06-07,STR004,PRD044,6,660.00
2026-06-07,STR004,PRD045,6,1050.00
2026-06-07,STR004,PRD046,3,480.00
2026-06-07,STR004,PRD047,4,224.00
2026-06-07,STR004,PRD048,6,420.00
2026-06-07,STR004,PRD049,3,174.00
2026-06-07,STR004,PRD050,7,665.00
2026-06-07,STR004,PRD051,6,540.00
2026-06-07,STR004,PRD052,3,420.00
2026-06-07,STR004,PRD053,5,2250.00
2026-06-07,STR004,PRD054,2,1300.00
2026-06-07,STR004,PRD055,4,1560.00
2026-06-08,STR001,PRD001,8,4400.00
2026-06-08,STR001,PRD002,12,1980.00
2026-06-08,STR001,PRD003,5,1225.00
2026-06-08,STR001,PRD004,14,840.00
2026-06-08,STR001,PRD005,7,2660.00
2026-06-08,STR001,PRD006,6,1050.00
2026-06-08,STR001,PRD007,5,140.00
2026-06-08,STR001,PRD008,2,104.00
2026-06-08,STR001,PRD009,5,225.00
2026-06-08,STR001,PRD010,3,114.00
2026-06-08,STR001,PRD011,3,330.00
2026-06-08,STR001,PRD012,5,1100.00
2026-06-08,STR001,PRD013,3,195.00
2026-06-08,STR001,PRD014,2,80.00
2026-06-08,STR001,PRD015,6,120.00
2026-06-08,STR001,PRD016,6,1740.00
2026-06-08,STR001,PRD017,5,250.00
2026-06-08,STR001,PRD018,6,750.00
2026-06-08,STR001,PRD019,7,1365.00
2026-06-08,STR001,PRD020,3,105.00
2026-06-08,STR001,PRD021,5,225.00
2026-06-08,STR001,PRD022,7,1960.00
2026-06-08,STR001,PRD023,5,1600.00
2026-06-08,STR001,PRD024,4,600.00
2026-06-08,STR001,PRD025,9,540.00
2026-06-08,STR001,PRD026,4,300.00
2026-06-08,STR001,PRD027,1,40.00
2026-06-08,STR001,PRD028,4,120.00
2026-06-08,STR001,PRD029,4,960.00
2026-06-08,STR001,PRD030,6,1110.00
2026-06-08,STR001,PRD031,8,760.00
2026-06-08,STR001,PRD032,5,600.00
2026-06-08,STR001,PRD033,7,595.00
2026-06-08,STR001,PRD034,7,1820.00
2026-06-08,STR001,PRD035,5,2100.00
2026-06-08,STR001,PRD036,3,630.00
2026-06-08,STR001,PRD037,4,796.00
2026-06-08,STR001,PRD038,1,115.00
2026-06-08,STR001,PRD039,6,1080.00
2026-06-08,STR001,PRD040,5,725.00
2026-06-08,STR001,PRD041,7,686.00
2026-06-08,STR001,PRD042,5,650.00
2026-06-08,STR001,PRD043,5,1050.00
2026-06-08,STR001,PRD044,3,330.00
2026-06-08,STR001,PRD045,4,700.00
2026-06-08,STR001,PRD046,4,640.00
2026-06-08,STR001,PRD047,4,224.00
2026-06-08,STR001,PRD048,2,140.00
2026-06-08,STR001,PRD049,6,348.00
2026-06-08,STR001,PRD050,6,570.00
2026-06-08,STR001,PRD052,5,700.00
2026-06-08,STR001,PRD054,5,3250.00
2026-06-08,STR001,PRD055,4,1560.00
2026-06-08,STR002,PRD001,6,3300.00
2026-06-08,STR002,PRD002,4,660.00
2026-06-08,STR002,PRD003,8,1960.00
2026-06-08,STR002,PRD004,3,180.00
2026-06-08,STR002,PRD005,3,1140.00
2026-06-08,STR002,PRD006,6,1050.00
2026-06-08,STR002,PRD007,8,224.00
2026-06-08,STR002,PRD008,6,312.00
2026-06-08,STR002,PRD009,4,180.00
2026-06-08,STR002,PRD010,5,190.00
2026-06-08,STR002,PRD011,4,440.00
2026-06-08,STR002,PRD012,3,660.00
2026-06-08,STR002,PRD013,3,195.00
2026-06-08,STR002,PRD014,4,160.00
2026-06-08,STR002,PRD015,5,100.00
2026-06-08,STR002,PRD016,6,1740.00
2026-06-08,STR002,PRD017,5,250.00
2026-06-08,STR002,PRD018,9,1125.00
2026-06-08,STR002,PRD019,3,585.00
2026-06-08,STR002,PRD020,9,315.00
2026-06-08,STR002,PRD021,10,450.00
2026-06-08,STR002,PRD022,12,3360.00
2026-06-08,STR002,PRD023,6,1920.00
2026-06-08,STR002,PRD024,2,300.00
2026-06-08,STR002,PRD025,6,360.00
2026-06-08,STR002,PRD026,4,300.00
2026-06-08,STR002,PRD027,6,240.00
2026-06-08,STR002,PRD028,5,150.00
2026-06-08,STR002,PRD029,8,1920.00
2026-06-08,STR002,PRD030,5,925.00
2026-06-08,STR002,PRD031,4,380.00
2026-06-08,STR002,PRD032,6,720.00
2026-06-08,STR002,PRD034,1,260.00
2026-06-08,STR002,PRD035,2,840.00
2026-06-08,STR002,PRD036,4,840.00
2026-06-08,STR002,PRD037,8,1592.00
2026-06-08,STR002,PRD038,7,805.00
2026-06-08,STR002,PRD039,7,1260.00
2026-06-08,STR002,PRD040,1,145.00
2026-06-08,STR002,PRD041,5,490.00
2026-06-08,STR002,PRD042,7,910.00
2026-06-08,STR002,PRD044,6,660.00
2026-06-08,STR002,PRD045,8,1400.00
2026-06-08,STR002,PRD046,3,480.00
2026-06-08,STR002,PRD047,7,392.00
2026-06-08,STR002,PRD048,11,770.00
2026-06-08,STR002,PRD049,3,174.00
2026-06-08,STR002,PRD050,3,285.00
2026-06-08,STR002,PRD051,4,360.00
2026-06-08,STR002,PRD053,6,2700.00
2026-06-08,STR002,PRD054,4,2600.00
2026-06-08,STR002,PRD055,8,3120.00
2026-06-08,STR003,PRD001,4,2200.00
2026-06-08,STR003,PRD002,4,660.00
2026-06-08,STR003,PRD003,5,1225.00
2026-06-08,STR003,PRD004,2,120.00
2026-06-08,STR003,PRD005,9,3420.00
2026-06-08,STR003,PRD006,8,1400.00
2026-06-08,STR003,PRD007,4,112.00
2026-06-08,STR003,PRD008,6,312.00
2026-06-08,STR003,PRD009,4,180.00
2026-06-08,STR003,PRD010,3,114.00
2026-06-08,STR003,PRD011,6,660.00
2026-06-08,STR003,PRD012,8,1760.00
2026-06-08,STR003,PRD013,5,325.00
2026-06-08,STR003,PRD014,3,120.00
2026-06-08,STR003,PRD015,2,40.00
2026-06-08,STR003,PRD016,3,870.00
2026-06-08,STR003,PRD017,2,100.00
2026-06-08,STR003,PRD018,5,625.00
2026-06-08,STR003,PRD019,5,975.00
2026-06-08,STR003,PRD020,6,210.00
2026-06-08,STR003,PRD021,6,270.00
2026-06-08,STR003,PRD022,4,1120.00
2026-06-08,STR003,PRD023,1,320.00
2026-06-08,STR003,PRD024,8,1200.00
2026-06-08,STR003,PRD025,5,300.00
2026-06-08,STR003,PRD026,4,300.00
2026-06-08,STR003,PRD027,5,200.00
2026-06-08,STR003,PRD028,4,120.00
2026-06-08,STR003,PRD029,4,960.00
2026-06-08,STR003,PRD030,4,740.00
2026-06-08,STR003,PRD031,8,760.00
2026-06-08,STR003,PRD032,6,720.00
2026-06-08,STR003,PRD033,6,510.00
2026-06-08,STR003,PRD034,7,1820.00
2026-06-08,STR003,PRD036,6,1260.00
2026-06-08,STR003,PRD037,3,597.00
2026-06-08,STR003,PRD038,5,575.00
2026-06-08,STR003,PRD039,4,720.00
2026-06-08,STR003,PRD040,2,290.00
2026-06-08,STR003,PRD041,8,784.00
2026-06-08,STR003,PRD042,7,910.00
2026-06-08,STR003,PRD043,7,1470.00
2026-06-08,STR003,PRD044,5,550.00
2026-06-08,STR003,PRD045,2,350.00
2026-06-08,STR003,PRD046,6,960.00
2026-06-08,STR003,PRD047,6,336.00
2026-06-08,STR003,PRD048,4,280.00
2026-06-08,STR003,PRD049,3,174.00
2026-06-08,STR003,PRD050,5,475.00
2026-06-08,STR003,PRD051,5,450.00
2026-06-08,STR003,PRD052,4,560.00
2026-06-08,STR003,PRD053,2,900.00
2026-06-08,STR003,PRD054,9,5850.00
2026-06-08,STR003,PRD055,5,1950.00
2026-06-08,STR004,PRD001,2,1100.00
2026-06-08,STR004,PRD002,3,495.00
2026-06-08,STR004,PRD003,5,1225.00
2026-06-08,STR004,PRD004,4,240.00
2026-06-08,STR004,PRD005,3,1140.00
2026-06-08,STR004,PRD006,7,1225.00
2026-06-08,STR004,PRD007,7,196.00
2026-06-08,STR004,PRD008,5,260.00
2026-06-08,STR004,PRD009,4,180.00
2026-06-08,STR004,PRD010,6,228.00
2026-06-08,STR004,PRD011,3,330.00
2026-06-08,STR004,PRD012,5,1100.00
2026-06-08,STR004,PRD013,5,325.00
2026-06-08,STR004,PRD014,4,160.00
2026-06-08,STR004,PRD015,5,100.00
2026-06-08,STR004,PRD016,8,2320.00
2026-06-08,STR004,PRD017,17,850.00
2026-06-08,STR004,PRD018,5,625.00
2026-06-08,STR004,PRD020,4,140.00
2026-06-08,STR004,PRD021,6,270.00
2026-06-08,STR004,PRD022,8,2240.00
2026-06-08,STR004,PRD023,3,960.00
2026-06-08,STR004,PRD024,3,450.00
2026-06-08,STR004,PRD025,7,420.00
2026-06-08,STR004,PRD026,7,525.00
2026-06-08,STR004,PRD027,4,160.00
2026-06-08,STR004,PRD028,6,180.00
2026-06-08,STR004,PRD029,5,1200.00
2026-06-08,STR004,PRD030,2,370.00
2026-06-08,STR004,PRD031,4,380.00
2026-06-08,STR004,PRD032,3,360.00
2026-06-08,STR004,PRD033,5,425.00
2026-06-08,STR004,PRD034,7,1820.00
2026-06-08,STR004,PRD035,5,2100.00
2026-06-08,STR004,PRD036,9,1890.00
2026-06-08,STR004,PRD037,8,1592.00
2026-06-08,STR004,PRD038,8,920.00
2026-06-08,STR004,PRD039,2,360.00
2026-06-08,STR004,PRD040,2,290.00
2026-06-08,STR004,PRD041,6,588.00
2026-06-08,STR004,PRD042,5,650.00
2026-06-08,STR004,PRD043,3,630.00
2026-06-08,STR004,PRD044,6,660.00
2026-06-08,STR004,PRD045,6,1050.00
2026-06-08,STR004,PRD046,5,800.00
2026-06-08,STR004,PRD047,6,336.00
2026-06-08,STR004,PRD048,6,420.00
2026-06-08,STR004,PRD049,3,174.00
2026-06-08,STR004,PRD050,5,475.00
2026-06-08,STR004,PRD051,6,540.00
2026-06-08,STR004,PRD052,6,840.00
2026-06-08,STR004,PRD053,7,3150.00
2026-06-08,STR004,PRD054,5,3250.00
2026-06-08,STR004,PRD055,5,1950.00
2026-06-09,STR001,PRD001,8,4400.00
2026-06-09,STR001,PRD002,10,1650.00
2026-06-09,STR001,PRD003,6,1470.00
2026-06-09,STR001,PRD004,11,660.00
2026-06-09,STR001,PRD005,6,2280.00
2026-06-09,STR001,PRD006,6,1050.00
2026-06-09,STR001,PRD007,7,196.00
2026-06-09,STR001,PRD008,4,208.00
2026-06-09,STR001,PRD009,4,180.00
2026-06-09,STR001,PRD010,3,114.00
2026-06-09,STR001,PRD011,7,770.00
2026-06-09,STR001,PRD012,7,1540.00
2026-06-09,STR001,PRD013,1,65.00
2026-06-09,STR001,PRD014,4,160.00
2026-06-09,STR001,PRD015,5,100.00
2026-06-09,STR001,PRD016,6,1740.00
2026-06-09,STR001,PRD017,2,100.00
2026-06-09,STR001,PRD018,5,625.00
2026-06-09,STR001,PRD019,7,1365.00
2026-06-09,STR001,PRD020,2,70.00
2026-06-09,STR001,PRD021,5,225.00
2026-06-09,STR001,PRD022,4,1120.00
2026-06-09,STR001,PRD023,2,640.00
2026-06-09,STR001,PRD024,4,600.00
2026-06-09,STR001,PRD025,8,480.00
2026-06-09,STR001,PRD026,6,450.00
2026-06-09,STR001,PRD027,4,160.00
2026-06-09,STR001,PRD028,2,60.00
2026-06-09,STR001,PRD029,5,1200.00
2026-06-09,STR001,PRD030,5,925.00
2026-06-09,STR001,PRD031,8,760.00
2026-06-09,STR001,PRD032,6,720.00
2026-06-09,STR001,PRD033,4,340.00
2026-06-09,STR001,PRD034,6,1560.00
2026-06-09,STR001,PRD035,6,2520.00
2026-06-09,STR001,PRD036,7,1470.00
2026-06-09,STR001,PRD037,7,1393.00
2026-06-09,STR001,PRD038,2,230.00
2026-06-09,STR001,PRD039,6,1080.00
2026-06-09,STR001,PRD040,6,870.00
2026-06-09,STR001,PRD041,4,392.00
2026-06-09,STR001,PRD042,1,130.00
2026-06-09,STR001,PRD043,5,1050.00
2026-06-09,STR001,PRD044,6,660.00
2026-06-09,STR001,PRD045,4,700.00
2026-06-09,STR001,PRD046,3,480.00
2026-06-09,STR001,PRD047,2,112.00
2026-06-09,STR001,PRD048,6,420.00
2026-06-09,STR001,PRD049,6,348.00
2026-06-09,STR001,PRD050,2,190.00
2026-06-09,STR001,PRD052,2,280.00
2026-06-09,STR001,PRD054,9,5850.00
2026-06-09,STR001,PRD055,7,2730.00
2026-06-09,STR002,PRD001,5,2750.00
2026-06-09,STR002,PRD002,6,990.00
2026-06-09,STR002,PRD003,4,980.00
2026-06-09,STR002,PRD004,2,120.00
2026-06-09,STR002,PRD005,6,2280.00
2026-06-09,STR002,PRD006,6,1050.00
2026-06-09,STR002,PRD007,6,168.00
2026-06-09,STR002,PRD008,5,260.00
2026-06-09,STR002,PRD009,7,315.00
2026-06-09,STR002,PRD010,6,228.00
2026-06-09,STR002,PRD011,4,440.00
2026-06-09,STR002,PRD012,5,1100.00
2026-06-09,STR002,PRD013,1,65.00
2026-06-09,STR002,PRD014,6,240.00
2026-06-09,STR002,PRD015,6,120.00
2026-06-09,STR002,PRD016,3,870.00
2026-06-09,STR002,PRD017,7,350.00
2026-06-09,STR002,PRD018,9,1125.00
2026-06-09,STR002,PRD019,4,780.00
2026-06-09,STR002,PRD020,6,210.00
2026-06-09,STR002,PRD021,11,495.00
2026-06-09,STR002,PRD022,14,3920.00
2026-06-09,STR002,PRD023,6,1920.00
2026-06-09,STR002,PRD024,6,900.00
2026-06-09,STR002,PRD025,4,240.00
2026-06-09,STR002,PRD026,7,525.00
2026-06-09,STR002,PRD027,6,240.00
2026-06-09,STR002,PRD028,3,90.00
2026-06-09,STR002,PRD029,6,1440.00
2026-06-09,STR002,PRD030,3,555.00
2026-06-09,STR002,PRD031,5,475.00
2026-06-09,STR002,PRD032,7,840.00
2026-06-09,STR002,PRD033,2,170.00
2026-06-09,STR002,PRD034,5,1300.00
2026-06-09,STR002,PRD035,3,1260.00
2026-06-09,STR002,PRD036,2,420.00
2026-06-09,STR002,PRD037,5,995.00
2026-06-09,STR002,PRD038,8,920.00
2026-06-09,STR002,PRD039,7,1260.00
2026-06-09,STR002,PRD040,4,580.00
2026-06-09,STR002,PRD041,7,686.00
2026-06-09,STR002,PRD042,5,650.00
2026-06-09,STR002,PRD043,1,210.00
2026-06-09,STR002,PRD044,6,660.00
2026-06-09,STR002,PRD045,6,1050.00
2026-06-09,STR002,PRD046,4,640.00
2026-06-09,STR002,PRD047,8,448.00
2026-06-09,STR002,PRD048,13,910.00
2026-06-09,STR002,PRD049,4,232.00
2026-06-09,STR002,PRD050,6,570.00
2026-06-09,STR002,PRD051,8,720.00
2026-06-09,STR002,PRD053,4,1800.00
2026-06-09,STR002,PRD054,5,3250.00
2026-06-09,STR002,PRD055,9,3510.00
2026-06-09,STR003,PRD001,6,3300.00
2026-06-09,STR003,PRD002,3,495.00
2026-06-09,STR003,PRD003,6,1470.00
2026-06-09,STR003,PRD004,6,360.00
2026-06-09,STR003,PRD005,7,2660.00
2026-06-09,STR003,PRD006,8,1400.00
2026-06-09,STR003,PRD007,4,112.00
2026-06-09,STR003,PRD008,8,416.00
2026-06-09,STR003,PRD009,7,315.00
2026-06-09,STR003,PRD010,6,228.00
2026-06-09,STR003,PRD011,7,770.00
2026-06-09,STR003,PRD012,8,1760.00
2026-06-09,STR003,PRD013,6,390.00
2026-06-09,STR003,PRD014,6,240.00
2026-06-09,STR003,PRD015,1,20.00
2026-06-09,STR003,PRD016,4,1160.00
2026-06-09,STR003,PRD017,3,150.00
2026-06-09,STR003,PRD018,2,250.00
2026-06-09,STR003,PRD019,8,1560.00
2026-06-09,STR003,PRD020,8,280.00
2026-06-09,STR003,PRD021,4,180.00
2026-06-09,STR003,PRD023,3,960.00
2026-06-09,STR003,PRD024,8,1200.00
2026-06-09,STR003,PRD025,3,180.00
2026-06-09,STR003,PRD026,7,525.00
2026-06-09,STR003,PRD027,5,200.00
2026-06-09,STR003,PRD028,5,150.00
2026-06-09,STR003,PRD029,4,960.00
2026-06-09,STR003,PRD030,6,1110.00
2026-06-09,STR003,PRD031,8,760.00
2026-06-09,STR003,PRD032,4,480.00
2026-06-09,STR003,PRD033,6,510.00
2026-06-09,STR003,PRD034,8,2080.00
2026-06-09,STR003,PRD036,5,1050.00
2026-06-09,STR003,PRD037,4,796.00
2026-06-09,STR003,PRD038,5,575.00
2026-06-09,STR003,PRD039,2,360.00
2026-06-09,STR003,PRD040,6,870.00
2026-06-09,STR003,PRD041,5,490.00
2026-06-09,STR003,PRD042,5,650.00
2026-06-09,STR003,PRD043,3,630.00
2026-06-09,STR003,PRD044,6,660.00
2026-06-09,STR003,PRD045,3,525.00
2026-06-09,STR003,PRD046,5,800.00
2026-06-09,STR003,PRD047,3,168.00
2026-06-09,STR003,PRD048,6,420.00
2026-06-09,STR003,PRD049,3,174.00
2026-06-09,STR003,PRD050,5,475.00
2026-06-09,STR003,PRD051,5,450.00
2026-06-09,STR003,PRD052,8,1120.00
2026-06-09,STR003,PRD053,5,2250.00
2026-06-09,STR003,PRD054,5,3250.00
2026-06-09,STR003,PRD055,5,1950.00
2026-06-09,STR004,PRD001,4,2200.00
2026-06-09,STR004,PRD002,3,495.00
2026-06-09,STR004,PRD003,8,1960.00
2026-06-09,STR004,PRD004,4,240.00
2026-06-09,STR004,PRD005,5,1900.00
2026-06-09,STR004,PRD006,9,1575.00
2026-06-09,STR004,PRD007,6,168.00
2026-06-09,STR004,PRD008,5,260.00
2026-06-09,STR004,PRD009,5,225.00
2026-06-09,STR004,PRD010,7,266.00
2026-06-09,STR004,PRD011,6,660.00
2026-06-09,STR004,PRD012,3,660.00
2026-06-09,STR004,PRD013,7,455.00
2026-06-09,STR004,PRD014,5,200.00
2026-06-09,STR004,PRD015,5,100.00
2026-06-09,STR004,PRD016,8,2320.00
2026-06-09,STR004,PRD017,16,800.00
2026-06-09,STR004,PRD018,6,750.00
2026-06-09,STR004,PRD020,5,175.00
2026-06-09,STR004,PRD021,6,270.00
2026-06-09,STR004,PRD022,6,1680.00
2026-06-09,STR004,PRD023,3,960.00
2026-06-09,STR004,PRD024,4,600.00
2026-06-09,STR004,PRD025,5,300.00
2026-06-09,STR004,PRD026,4,300.00
2026-06-09,STR004,PRD027,5,200.00
2026-06-09,STR004,PRD028,4,120.00
2026-06-09,STR004,PRD029,8,1920.00
2026-06-09,STR004,PRD030,4,740.00
2026-06-09,STR004,PRD031,8,760.00
2026-06-09,STR004,PRD032,5,600.00
2026-06-09,STR004,PRD033,3,255.00
2026-06-09,STR004,PRD034,5,1300.00
2026-06-09,STR004,PRD035,8,3360.00
2026-06-09,STR004,PRD036,9,1890.00
2026-06-09,STR004,PRD037,8,1592.00
2026-06-09,STR004,PRD038,7,805.00
2026-06-09,STR004,PRD039,4,720.00
2026-06-09,STR004,PRD041,4,392.00
2026-06-09,STR004,PRD042,3,390.00
2026-06-09,STR004,PRD043,3,630.00
2026-06-09,STR004,PRD044,3,330.00
2026-06-09,STR004,PRD045,7,1225.00
2026-06-09,STR004,PRD046,5,800.00
2026-06-09,STR004,PRD047,6,336.00
2026-06-09,STR004,PRD048,6,420.00
2026-06-09,STR004,PRD049,4,232.00
2026-06-09,STR004,PRD050,6,570.00
2026-06-09,STR004,PRD051,9,810.00
2026-06-09,STR004,PRD052,5,700.00
2026-06-09,STR004,PRD053,8,3600.00
2026-06-09,STR004,PRD054,4,2600.00
2026-06-09,STR004,PRD055,3,1170.00
2026-06-10,STR001,PRD001,6,3300.00
2026-06-10,STR001,PRD002,12,1980.00
2026-06-10,STR001,PRD003,6,1470.00
2026-06-10,STR001,PRD004,11,660.00
2026-06-10,STR001,PRD005,5,1900.00
2026-06-10,STR001,PRD006,4,700.00
2026-06-10,STR001,PRD007,9,252.00
2026-06-10,STR001,PRD008,2,104.00
2026-06-10,STR001,PRD009,4,180.00
2026-06-10,STR001,PRD010,1,38.00
2026-06-10,STR001,PRD011,3,330.00
2026-06-10,STR001,PRD012,6,1320.00
2026-06-10,STR001,PRD013,3,195.00
2026-06-10,STR001,PRD014,5,200.00
2026-06-10,STR001,PRD015,4,80.00
2026-06-10,STR001,PRD016,4,1160.00
2026-06-10,STR001,PRD017,2,100.00
2026-06-10,STR001,PRD018,7,875.00
2026-06-10,STR001,PRD019,5,975.00
2026-06-10,STR001,PRD020,4,140.00
2026-06-10,STR001,PRD021,7,315.00
2026-06-10,STR001,PRD022,7,1960.00
2026-06-10,STR001,PRD023,3,960.00
2026-06-10,STR001,PRD024,4,600.00
2026-06-10,STR001,PRD025,7,420.00
2026-06-10,STR001,PRD026,4,300.00
2026-06-10,STR001,PRD027,1,40.00
2026-06-10,STR001,PRD028,1,30.00
2026-06-10,STR001,PRD029,8,1920.00
2026-06-10,STR001,PRD030,4,740.00
2026-06-10,STR001,PRD031,8,760.00
2026-06-10,STR001,PRD032,4,480.00
2026-06-10,STR001,PRD033,4,340.00
2026-06-10,STR001,PRD034,8,2080.00
2026-06-10,STR001,PRD035,4,1680.00
2026-06-10,STR001,PRD036,3,630.00
2026-06-10,STR001,PRD037,7,1393.00
2026-06-10,STR001,PRD038,2,230.00
2026-06-10,STR001,PRD039,5,900.00
2026-06-10,STR001,PRD040,5,725.00
2026-06-10,STR001,PRD041,4,392.00
2026-06-10,STR001,PRD042,1,130.00
2026-06-10,STR001,PRD043,4,840.00
2026-06-10,STR001,PRD044,6,660.00
2026-06-10,STR001,PRD045,5,875.00
2026-06-10,STR001,PRD046,2,320.00
2026-06-10,STR001,PRD047,3,168.00
2026-06-10,STR001,PRD048,4,280.00
2026-06-10,STR001,PRD049,7,406.00
2026-06-10,STR001,PRD050,6,570.00
2026-06-10,STR001,PRD052,6,840.00
2026-06-10,STR001,PRD054,6,3900.00
2026-06-10,STR001,PRD055,8,3120.00
2026-06-10,STR002,PRD001,6,3300.00
2026-06-10,STR002,PRD002,4,660.00
2026-06-10,STR002,PRD003,5,1225.00
2026-06-10,STR002,PRD004,2,120.00
2026-06-10,STR002,PRD005,5,1900.00
2026-06-10,STR002,PRD006,6,1050.00
2026-06-10,STR002,PRD007,7,196.00
2026-06-10,STR002,PRD008,5,260.00
2026-06-10,STR002,PRD009,5,225.00
2026-06-10,STR002,PRD010,4,152.00
2026-06-10,STR002,PRD011,6,660.00
2026-06-10,STR002,PRD012,4,880.00
2026-06-10,STR002,PRD013,5,325.00
2026-06-10,STR002,PRD014,3,120.00
2026-06-10,STR002,PRD015,3,60.00
2026-06-10,STR002,PRD016,6,1740.00
2026-06-10,STR002,PRD017,8,400.00
2026-06-10,STR002,PRD018,8,1000.00
2026-06-10,STR002,PRD019,6,1170.00
2026-06-10,STR002,PRD020,8,280.00
2026-06-10,STR002,PRD021,8,360.00
2026-06-10,STR002,PRD022,13,3640.00
2026-06-10,STR002,PRD023,3,960.00
2026-06-10,STR002,PRD024,3,450.00
2026-06-10,STR002,PRD025,3,180.00
2026-06-10,STR002,PRD026,6,450.00
2026-06-10,STR002,PRD027,4,160.00
2026-06-10,STR002,PRD028,4,120.00
2026-06-10,STR002,PRD029,5,1200.00
2026-06-10,STR002,PRD030,5,925.00
2026-06-10,STR002,PRD031,5,475.00
2026-06-10,STR002,PRD032,6,720.00
2026-06-10,STR002,PRD033,2,170.00
2026-06-10,STR002,PRD034,3,780.00
2026-06-10,STR002,PRD035,3,1260.00
2026-06-10,STR002,PRD036,3,630.00
2026-06-10,STR002,PRD037,8,1592.00
2026-06-10,STR002,PRD038,8,920.00
2026-06-10,STR002,PRD039,3,540.00
2026-06-10,STR002,PRD040,3,435.00
2026-06-10,STR002,PRD041,5,490.00
2026-06-10,STR002,PRD042,6,780.00
2026-06-10,STR002,PRD043,1,210.00
2026-06-10,STR002,PRD044,5,550.00
2026-06-10,STR002,PRD045,7,1225.00
2026-06-10,STR002,PRD046,3,480.00
2026-06-10,STR002,PRD047,5,280.00
2026-06-10,STR002,PRD048,13,910.00
2026-06-10,STR002,PRD049,7,406.00
2026-06-10,STR002,PRD050,4,380.00
2026-06-10,STR002,PRD051,4,360.00
2026-06-10,STR002,PRD053,5,2250.00
2026-06-10,STR002,PRD054,5,3250.00
2026-06-10,STR002,PRD055,9,3510.00
2026-06-10,STR003,PRD001,6,3300.00
2026-06-10,STR003,PRD002,3,495.00
2026-06-10,STR003,PRD003,4,980.00
2026-06-10,STR003,PRD004,5,300.00
2026-06-10,STR003,PRD005,6,2280.00
2026-06-10,STR003,PRD006,7,1225.00
2026-06-10,STR003,PRD007,6,168.00
2026-06-10,STR003,PRD008,6,312.00
2026-06-10,STR003,PRD009,6,270.00
2026-06-10,STR003,PRD010,6,228.00
2026-06-10,STR003,PRD011,7,770.00
2026-06-10,STR003,PRD012,8,1760.00
2026-06-10,STR003,PRD013,5,325.00
2026-06-10,STR003,PRD014,4,160.00
2026-06-10,STR003,PRD015,5,100.00
2026-06-10,STR003,PRD016,2,580.00
2026-06-10,STR003,PRD017,5,250.00
2026-06-10,STR003,PRD018,5,625.00
2026-06-10,STR003,PRD019,9,1755.00
2026-06-10,STR003,PRD020,6,210.00
2026-06-10,STR003,PRD021,2,90.00
2026-06-10,STR003,PRD022,4,1120.00
2026-06-10,STR003,PRD024,5,750.00
2026-06-10,STR003,PRD025,5,300.00
2026-06-10,STR003,PRD026,7,525.00
2026-06-10,STR003,PRD027,2,80.00
2026-06-10,STR003,PRD028,8,240.00
2026-06-10,STR003,PRD029,8,1920.00
2026-06-10,STR003,PRD030,3,555.00
2026-06-10,STR003,PRD031,6,570.00
2026-06-10,STR003,PRD032,5,600.00
2026-06-10,STR003,PRD033,6,510.00
2026-06-10,STR003,PRD034,7,1820.00
2026-06-10,STR003,PRD036,3,630.00
2026-06-10,STR003,PRD037,7,1393.00
2026-06-10,STR003,PRD038,7,805.00
2026-06-10,STR003,PRD039,2,360.00
2026-06-10,STR003,PRD040,6,870.00
2026-06-10,STR003,PRD041,8,784.00
2026-06-10,STR003,PRD042,4,520.00
2026-06-10,STR003,PRD043,6,1260.00
2026-06-10,STR003,PRD044,4,440.00
2026-06-10,STR003,PRD045,5,875.00
2026-06-10,STR003,PRD046,5,800.00
2026-06-10,STR003,PRD047,5,280.00
2026-06-10,STR003,PRD048,7,490.00
2026-06-10,STR003,PRD049,2,116.00
2026-06-10,STR003,PRD050,6,570.00
2026-06-10,STR003,PRD051,4,360.00
2026-06-10,STR003,PRD052,6,840.00
2026-06-10,STR003,PRD053,2,900.00
2026-06-10,STR003,PRD054,8,5200.00
2026-06-10,STR003,PRD055,6,2340.00
2026-06-10,STR004,PRD002,3,495.00
2026-06-10,STR004,PRD003,8,1960.00
2026-06-10,STR004,PRD004,2,120.00
2026-06-10,STR004,PRD005,2,760.00
2026-06-10,STR004,PRD006,8,1400.00
2026-06-10,STR004,PRD007,5,140.00
2026-06-10,STR004,PRD008,3,156.00
2026-06-10,STR004,PRD009,8,360.00
2026-06-10,STR004,PRD010,4,152.00
2026-06-10,STR004,PRD011,2,220.00
2026-06-10,STR004,PRD012,4,880.00
2026-06-10,STR004,PRD013,3,195.00
2026-06-10,STR004,PRD014,5,200.00
2026-06-10,STR004,PRD015,6,120.00
2026-06-10,STR004,PRD016,5,1450.00
2026-06-10,STR004,PRD017,14,700.00
2026-06-10,STR004,PRD018,8,1000.00
2026-06-10,STR004,PRD020,6,210.00
2026-06-10,STR004,PRD021,5,225.00
2026-06-10,STR004,PRD022,7,1960.00
2026-06-10,STR004,PRD023,5,1600.00
2026-06-10,STR004,PRD024,2,300.00
2026-06-10,STR004,PRD025,7,420.00
2026-06-10,STR004,PRD026,4,300.00
2026-06-10,STR004,PRD027,4,160.00
2026-06-10,STR004,PRD028,2,60.00
2026-06-10,STR004,PRD029,6,1440.00
2026-06-10,STR004,PRD030,6,1110.00
2026-06-10,STR004,PRD031,7,665.00
2026-06-10,STR004,PRD032,7,840.00
2026-06-10,STR004,PRD033,2,170.00
2026-06-10,STR004,PRD034,6,1560.00
2026-06-10,STR004,PRD035,4,1680.00
2026-06-10,STR004,PRD036,5,1050.00
2026-06-10,STR004,PRD037,7,1393.00
2026-06-10,STR004,PRD038,7,805.00
2026-06-10,STR004,PRD039,6,1080.00
2026-06-10,STR004,PRD040,2,290.00
2026-06-10,STR004,PRD041,6,588.00
2026-06-10,STR004,PRD042,6,780.00
2026-06-10,STR004,PRD043,2,420.00
2026-06-10,STR004,PRD044,4,440.00
2026-06-10,STR004,PRD045,8,1400.00
2026-06-10,STR004,PRD046,4,640.00
2026-06-10,STR004,PRD047,5,280.00
2026-06-10,STR004,PRD048,5,350.00
2026-06-10,STR004,PRD049,4,232.00
2026-06-10,STR004,PRD050,5,475.00
2026-06-10,STR004,PRD051,5,450.00
2026-06-10,STR004,PRD052,6,840.00
2026-06-10,STR004,PRD053,8,3600.00
2026-06-10,STR004,PRD054,2,1300.00
2026-06-10,STR004,PRD055,3,1170.00
2026-06-11,STR001,PRD001,8,4400.00
2026-06-11,STR001,PRD002,8,1320.00
2026-06-11,STR001,PRD003,2,490.00
2026-06-11,STR001,PRD004,14,840.00
2026-06-11,STR001,PRD005,4,1520.00
2026-06-11,STR001,PRD006,7,1225.00
2026-06-11,STR001,PRD007,9,252.00
2026-06-11,STR001,PRD008,1,52.00
2026-06-11,STR001,PRD009,4,180.00
2026-06-11,STR001,PRD010,1,38.00
2026-06-11,STR001,PRD011,6,660.00
2026-06-11,STR001,PRD012,6,1320.00
2026-06-11,STR001,PRD013,2,130.00
2026-06-11,STR001,PRD014,6,240.00
2026-06-11,STR001,PRD015,5,100.00
2026-06-11,STR001,PRD016,3,870.00
2026-06-11,STR001,PRD017,3,150.00
2026-06-11,STR001,PRD018,7,875.00
2026-06-11,STR001,PRD019,6,1170.00
2026-06-11,STR001,PRD020,2,70.00
2026-06-11,STR001,PRD021,8,360.00
2026-06-11,STR001,PRD022,6,1680.00
2026-06-11,STR001,PRD023,6,1920.00
2026-06-11,STR001,PRD024,6,900.00
2026-06-11,STR001,PRD025,7,420.00
2026-06-11,STR001,PRD026,3,225.00
2026-06-11,STR001,PRD027,3,120.00
2026-06-11,STR001,PRD028,2,60.00
2026-06-11,STR001,PRD029,8,1920.00
2026-06-11,STR001,PRD030,4,740.00
2026-06-11,STR001,PRD031,7,665.00
2026-06-11,STR001,PRD032,6,720.00
2026-06-11,STR001,PRD033,5,425.00
2026-06-11,STR001,PRD034,5,1300.00
2026-06-11,STR001,PRD035,7,2940.00
2026-06-11,STR001,PRD036,7,1470.00
2026-06-11,STR001,PRD037,5,995.00
2026-06-11,STR001,PRD038,2,230.00
2026-06-11,STR001,PRD039,8,1440.00
2026-06-11,STR001,PRD040,6,870.00
2026-06-11,STR001,PRD041,4,392.00
2026-06-11,STR001,PRD042,3,390.00
2026-06-11,STR001,PRD043,5,1050.00
2026-06-11,STR001,PRD044,6,660.00
2026-06-11,STR001,PRD045,3,525.00
2026-06-11,STR001,PRD046,5,800.00
2026-06-11,STR001,PRD047,4,224.00
2026-06-11,STR001,PRD048,3,210.00
2026-06-11,STR001,PRD049,6,348.00
2026-06-11,STR001,PRD050,5,475.00
2026-06-11,STR001,PRD052,3,420.00
2026-06-11,STR001,PRD054,8,5200.00
2026-06-11,STR001,PRD055,5,1950.00
2026-06-11,STR002,PRD001,4,2200.00
2026-06-11,STR002,PRD002,4,660.00
2026-06-11,STR002,PRD003,5,1225.00
2026-06-11,STR002,PRD004,5,300.00
2026-06-11,STR002,PRD005,3,1140.00
2026-06-11,STR002,PRD006,9,1575.00
2026-06-11,STR002,PRD007,7,196.00
2026-06-11,STR002,PRD008,6,312.00
2026-06-11,STR002,PRD009,8,360.00
2026-06-11,STR002,PRD010,8,304.00
2026-06-11,STR002,PRD011,5,550.00
2026-06-11,STR002,PRD012,5,1100.00
2026-06-11,STR002,PRD013,2,130.00
2026-06-11,STR002,PRD014,4,160.00
2026-06-11,STR002,PRD015,3,60.00
2026-06-11,STR002,PRD016,4,1160.00
2026-06-11,STR002,PRD017,5,250.00
2026-06-11,STR002,PRD018,8,1000.00
2026-06-11,STR002,PRD019,4,780.00
2026-06-11,STR002,PRD020,6,210.00
2026-06-11,STR002,PRD021,12,540.00
2026-06-11,STR002,PRD022,11,3080.00
2026-06-11,STR002,PRD023,3,960.00
2026-06-11,STR002,PRD024,4,600.00
2026-06-11,STR002,PRD025,5,300.00
2026-06-11,STR002,PRD026,7,525.00
2026-06-11,STR002,PRD027,6,240.00
2026-06-11,STR002,PRD028,3,90.00
2026-06-11,STR002,PRD029,5,1200.00
2026-06-11,STR002,PRD030,4,740.00
2026-06-11,STR002,PRD031,6,570.00
2026-06-11,STR002,PRD032,9,1080.00
2026-06-11,STR002,PRD034,4,1040.00
2026-06-11,STR002,PRD035,2,840.00
2026-06-11,STR002,PRD036,3,630.00
2026-06-11,STR002,PRD037,6,1194.00
2026-06-11,STR002,PRD038,4,460.00
2026-06-11,STR002,PRD039,4,720.00
2026-06-11,STR002,PRD040,2,290.00
2026-06-11,STR002,PRD041,3,294.00
2026-06-11,STR002,PRD042,8,1040.00
2026-06-11,STR002,PRD044,9,990.00
2026-06-11,STR002,PRD045,5,875.00
2026-06-11,STR002,PRD046,4,640.00
2026-06-11,STR002,PRD047,5,280.00
2026-06-11,STR002,PRD048,14,980.00
2026-06-11,STR002,PRD049,5,290.00
2026-06-11,STR002,PRD050,4,380.00
2026-06-11,STR002,PRD051,7,630.00
2026-06-11,STR002,PRD053,6,2700.00
2026-06-11,STR002,PRD054,7,4550.00
2026-06-11,STR002,PRD055,7,2730.00
2026-06-11,STR003,PRD001,6,3300.00
2026-06-11,STR003,PRD002,4,660.00
2026-06-11,STR003,PRD003,5,1225.00
2026-06-11,STR003,PRD004,6,360.00
2026-06-11,STR003,PRD005,8,3040.00
2026-06-11,STR003,PRD006,7,1225.00
2026-06-11,STR003,PRD007,2,56.00
2026-06-11,STR003,PRD008,7,364.00
2026-06-11,STR003,PRD009,5,225.00
2026-06-11,STR003,PRD010,3,114.00
2026-06-11,STR003,PRD011,6,660.00
2026-06-11,STR003,PRD012,6,1320.00
2026-06-11,STR003,PRD013,7,455.00
2026-06-11,STR003,PRD014,3,120.00
2026-06-11,STR003,PRD015,5,100.00
2026-06-11,STR003,PRD016,3,870.00
2026-06-11,STR003,PRD017,2,100.00
2026-06-11,STR003,PRD018,2,250.00
2026-06-11,STR003,PRD019,7,1365.00
2026-06-11,STR003,PRD020,8,280.00
2026-06-11,STR003,PRD021,6,270.00
2026-06-11,STR003,PRD022,4,1120.00
2026-06-11,STR003,PRD023,2,640.00
2026-06-11,STR003,PRD024,7,1050.00
2026-06-11,STR003,PRD025,2,120.00
2026-06-11,STR003,PRD026,4,300.00
2026-06-11,STR003,PRD027,3,120.00
2026-06-11,STR003,PRD028,5,150.00
2026-06-11,STR003,PRD029,7,1680.00
2026-06-11,STR003,PRD030,6,1110.00
2026-06-11,STR003,PRD031,6,570.00
2026-06-11,STR003,PRD032,6,720.00
2026-06-11,STR003,PRD033,6,510.00
2026-06-11,STR003,PRD034,6,1560.00
2026-06-11,STR003,PRD036,5,1050.00
2026-06-11,STR003,PRD037,6,1194.00
2026-06-11,STR003,PRD038,7,805.00
2026-06-11,STR003,PRD039,3,540.00
2026-06-11,STR003,PRD040,4,580.00
2026-06-11,STR003,PRD041,6,588.00
2026-06-11,STR003,PRD042,5,650.00
2026-06-11,STR003,PRD043,7,1470.00
2026-06-11,STR003,PRD044,6,660.00
2026-06-11,STR003,PRD045,2,350.00
2026-06-11,STR003,PRD046,6,960.00
2026-06-11,STR003,PRD047,2,112.00
2026-06-11,STR003,PRD048,7,490.00
2026-06-11,STR003,PRD049,2,116.00
2026-06-11,STR003,PRD050,2,190.00
2026-06-11,STR003,PRD051,1,90.00
2026-06-11,STR003,PRD052,4,560.00
2026-06-11,STR003,PRD053,5,2250.00
2026-06-11,STR003,PRD054,6,3900.00
2026-06-11,STR003,PRD055,5,1950.00
2026-06-11,STR004,PRD002,3,495.00
2026-06-11,STR004,PRD003,4,980.00
2026-06-11,STR004,PRD004,3,180.00
2026-06-11,STR004,PRD005,6,2280.00
2026-06-11,STR004,PRD006,8,1400.00
2026-06-11,STR004,PRD007,5,140.00
2026-06-11,STR004,PRD008,3,156.00
2026-06-11,STR004,PRD009,8,360.00
2026-06-11,STR004,PRD010,8,304.00
2026-06-11,STR004,PRD011,5,550.00
2026-06-11,STR004,PRD012,4,880.00
2026-06-11,STR004,PRD013,3,195.00
2026-06-11,STR004,PRD014,3,120.00
2026-06-11,STR004,PRD015,7,140.00
2026-06-11,STR004,PRD016,8,2320.00
2026-06-11,STR004,PRD017,16,800.00
2026-06-11,STR004,PRD018,5,625.00
2026-06-11,STR004,PRD019,1,195.00
2026-06-11,STR004,PRD020,5,175.00
2026-06-11,STR004,PRD021,6,270.00
2026-06-11,STR004,PRD022,6,1680.00
2026-06-11,STR004,PRD023,2,640.00
2026-06-11,STR004,PRD024,6,900.00
2026-06-11,STR004,PRD025,6,360.00
2026-06-11,STR004,PRD026,4,300.00
2026-06-11,STR004,PRD027,2,80.00
2026-06-11,STR004,PRD028,2,60.00
2026-06-11,STR004,PRD029,9,2160.00
2026-06-11,STR004,PRD030,3,555.00
2026-06-11,STR004,PRD031,5,475.00
2026-06-11,STR004,PRD032,4,480.00
2026-06-11,STR004,PRD033,5,425.00
2026-06-11,STR004,PRD034,9,2340.00
2026-06-11,STR004,PRD035,6,2520.00
2026-06-11,STR004,PRD036,7,1470.00
2026-06-11,STR004,PRD037,7,1393.00
2026-06-11,STR004,PRD038,7,805.00
2026-06-11,STR004,PRD039,2,360.00
2026-06-11,STR004,PRD040,1,145.00
2026-06-11,STR004,PRD041,5,490.00
2026-06-11,STR004,PRD042,6,780.00
2026-06-11,STR004,PRD043,5,1050.00
2026-06-11,STR004,PRD044,4,440.00
2026-06-11,STR004,PRD045,6,1050.00
2026-06-11,STR004,PRD046,4,640.00
2026-06-11,STR004,PRD047,4,224.00
2026-06-11,STR004,PRD048,3,210.00
2026-06-11,STR004,PRD049,3,174.00
2026-06-11,STR004,PRD050,8,760.00
2026-06-11,STR004,PRD051,8,720.00
2026-06-11,STR004,PRD052,6,840.00
2026-06-11,STR004,PRD053,8,3600.00
2026-06-11,STR004,PRD054,5,3250.00
2026-06-11,STR004,PRD055,2,780.00
2026-06-12,STR001,PRD001,6,3300.00
2026-06-12,STR001,PRD002,9,1485.00
2026-06-12,STR001,PRD003,2,490.00
2026-06-12,STR001,PRD004,13,780.00
2026-06-12,STR001,PRD005,7,2660.00
2026-06-12,STR001,PRD006,6,1050.00
2026-06-12,STR001,PRD007,9,252.00
2026-06-12,STR001,PRD008,1,52.00
2026-06-12,STR001,PRD009,7,315.00
2026-06-12,STR001,PRD010,1,38.00
2026-06-12,STR001,PRD011,4,440.00
2026-06-12,STR001,PRD012,4,880.00
2026-06-12,STR001,PRD013,5,325.00
2026-06-12,STR001,PRD014,5,200.00
2026-06-12,STR001,PRD015,6,120.00
2026-06-12,STR001,PRD016,3,870.00
2026-06-12,STR001,PRD017,2,100.00
2026-06-12,STR001,PRD018,5,625.00
2026-06-12,STR001,PRD019,8,1560.00
2026-06-12,STR001,PRD020,5,175.00
2026-06-12,STR001,PRD021,4,180.00
2026-06-12,STR001,PRD022,5,1400.00
2026-06-12,STR001,PRD023,4,1280.00
2026-06-12,STR001,PRD024,2,300.00
2026-06-12,STR001,PRD025,6,360.00
2026-06-12,STR001,PRD026,6,450.00
2026-06-12,STR001,PRD027,2,80.00
2026-06-12,STR001,PRD028,4,120.00
2026-06-12,STR001,PRD029,4,960.00
2026-06-12,STR001,PRD030,5,925.00
2026-06-12,STR001,PRD031,5,475.00
2026-06-12,STR001,PRD032,8,960.00
2026-06-12,STR001,PRD033,4,340.00
2026-06-12,STR001,PRD034,9,2340.00
2026-06-12,STR001,PRD035,6,2520.00
2026-06-12,STR001,PRD036,7,1470.00
2026-06-12,STR001,PRD037,6,1194.00
2026-06-12,STR001,PRD038,2,230.00
2026-06-12,STR001,PRD039,5,900.00
2026-06-12,STR001,PRD040,3,435.00
2026-06-12,STR001,PRD041,8,784.00
2026-06-12,STR001,PRD042,3,390.00
2026-06-12,STR001,PRD043,2,420.00
2026-06-12,STR001,PRD044,2,220.00
2026-06-12,STR001,PRD045,4,700.00
2026-06-12,STR001,PRD046,3,480.00
2026-06-12,STR001,PRD047,1,56.00
2026-06-12,STR001,PRD048,4,280.00
2026-06-12,STR001,PRD049,8,464.00
2026-06-12,STR001,PRD050,6,570.00
2026-06-12,STR001,PRD052,6,840.00
2026-06-12,STR001,PRD054,7,4550.00
2026-06-12,STR001,PRD055,4,1560.00
2026-06-12,STR002,PRD001,5,2750.00
2026-06-12,STR002,PRD002,5,825.00
2026-06-12,STR002,PRD003,7,1715.00
2026-06-12,STR002,PRD004,3,180.00
2026-06-12,STR002,PRD005,5,1900.00
2026-06-12,STR002,PRD006,9,1575.00
2026-06-12,STR002,PRD007,7,196.00
2026-06-12,STR002,PRD008,6,312.00
2026-06-12,STR002,PRD009,5,225.00
2026-06-12,STR002,PRD010,8,304.00
2026-06-12,STR002,PRD011,7,770.00
2026-06-12,STR002,PRD012,2,440.00
2026-06-12,STR002,PRD013,5,325.00
2026-06-12,STR002,PRD014,4,160.00
2026-06-12,STR002,PRD015,3,60.00
2026-06-12,STR002,PRD016,2,580.00
2026-06-12,STR002,PRD017,5,250.00
2026-06-12,STR002,PRD018,7,875.00
2026-06-12,STR002,PRD019,3,585.00
2026-06-12,STR002,PRD020,9,315.00
2026-06-12,STR002,PRD021,9,405.00
2026-06-12,STR002,PRD022,13,3640.00
2026-06-12,STR002,PRD023,5,1600.00
2026-06-12,STR002,PRD024,4,600.00
2026-06-12,STR002,PRD025,2,120.00
2026-06-12,STR002,PRD026,3,225.00
2026-06-12,STR002,PRD027,2,80.00
2026-06-12,STR002,PRD028,5,150.00
2026-06-12,STR002,PRD029,8,1920.00
2026-06-12,STR002,PRD030,5,925.00
2026-06-12,STR002,PRD031,4,380.00
2026-06-12,STR002,PRD032,5,600.00
2026-06-12,STR002,PRD034,1,260.00
2026-06-12,STR002,PRD035,2,840.00
2026-06-12,STR002,PRD036,4,840.00
2026-06-12,STR002,PRD037,7,1393.00
2026-06-12,STR002,PRD038,8,920.00
2026-06-12,STR002,PRD039,7,1260.00
2026-06-12,STR002,PRD040,5,725.00
2026-06-12,STR002,PRD041,6,588.00
2026-06-12,STR002,PRD042,5,650.00
2026-06-12,STR002,PRD043,1,210.00
2026-06-12,STR002,PRD044,7,770.00
2026-06-12,STR002,PRD045,8,1400.00
2026-06-12,STR002,PRD046,1,160.00
2026-06-12,STR002,PRD047,8,448.00
2026-06-12,STR002,PRD048,14,980.00
2026-06-12,STR002,PRD049,5,290.00
2026-06-12,STR002,PRD050,5,475.00
2026-06-12,STR002,PRD051,4,360.00
2026-06-12,STR002,PRD053,5,2250.00
2026-06-12,STR002,PRD054,6,3900.00
2026-06-12,STR002,PRD055,8,3120.00
2026-06-12,STR003,PRD001,4,2200.00
2026-06-12,STR003,PRD002,6,990.00
2026-06-12,STR003,PRD003,4,980.00
2026-06-12,STR003,PRD004,6,360.00
2026-06-12,STR003,PRD005,9,3420.00
2026-06-12,STR003,PRD006,5,875.00
2026-06-12,STR003,PRD007,5,140.00
2026-06-12,STR003,PRD008,5,260.00
2026-06-12,STR003,PRD009,4,180.00
2026-06-12,STR003,PRD010,4,152.00
2026-06-12,STR003,PRD011,6,660.00
2026-06-12,STR003,PRD012,6,1320.00
2026-06-12,STR003,PRD013,7,455.00
2026-06-12,STR003,PRD014,4,160.00
2026-06-12,STR003,PRD015,1,20.00
2026-06-12,STR003,PRD016,3,870.00
2026-06-12,STR003,PRD017,4,200.00
2026-06-12,STR003,PRD018,4,500.00
2026-06-12,STR003,PRD019,8,1560.00
2026-06-12,STR003,PRD020,6,210.00
2026-06-12,STR003,PRD021,5,225.00
2026-06-12,STR003,PRD023,1,320.00
2026-06-12,STR003,PRD024,7,1050.00
2026-06-12,STR003,PRD025,2,120.00
2026-06-12,STR003,PRD026,6,450.00
2026-06-12,STR003,PRD027,5,200.00
2026-06-12,STR003,PRD028,8,240.00
2026-06-12,STR003,PRD029,5,1200.00
2026-06-12,STR003,PRD030,5,925.00
2026-06-12,STR003,PRD031,6,570.00
2026-06-12,STR003,PRD032,4,480.00
2026-06-12,STR003,PRD033,4,340.00
2026-06-12,STR003,PRD034,4,1040.00
2026-06-12,STR003,PRD036,4,840.00
2026-06-12,STR003,PRD037,7,1393.00
2026-06-12,STR003,PRD038,7,805.00
2026-06-12,STR003,PRD039,4,720.00
2026-06-12,STR003,PRD040,5,725.00
2026-06-12,STR003,PRD041,7,686.00
2026-06-12,STR003,PRD042,7,910.00
2026-06-12,STR003,PRD043,7,1470.00
2026-06-12,STR003,PRD044,4,440.00
2026-06-12,STR003,PRD045,3,525.00
2026-06-12,STR003,PRD046,4,640.00
2026-06-12,STR003,PRD047,6,336.00
2026-06-12,STR003,PRD048,4,280.00
2026-06-12,STR003,PRD049,5,290.00
2026-06-12,STR003,PRD050,4,380.00
2026-06-12,STR003,PRD051,2,180.00
2026-06-12,STR003,PRD052,7,980.00
2026-06-12,STR003,PRD053,4,1800.00
2026-06-12,STR003,PRD054,7,4550.00
2026-06-12,STR003,PRD055,7,2730.00
2026-06-12,STR004,PRD001,4,2200.00
2026-06-12,STR004,PRD002,3,495.00
2026-06-12,STR004,PRD003,6,1470.00
2026-06-12,STR004,PRD004,5,300.00
2026-06-12,STR004,PRD005,4,1520.00
2026-06-12,STR004,PRD006,8,1400.00
2026-06-12,STR004,PRD007,5,140.00
2026-06-12,STR004,PRD008,3,156.00
2026-06-12,STR004,PRD009,8,360.00
2026-06-12,STR004,PRD010,5,190.00
2026-06-12,STR004,PRD011,6,660.00
2026-06-12,STR004,PRD012,5,1100.00
2026-06-12,STR004,PRD013,4,260.00
2026-06-12,STR004,PRD014,7,280.00
2026-06-12,STR004,PRD015,3,60.00
2026-06-12,STR004,PRD016,7,2030.00
2026-06-12,STR004,PRD017,14,700.00
2026-06-12,STR004,PRD018,8,1000.00
2026-06-12,STR004,PRD020,3,105.00
2026-06-12,STR004,PRD021,5,225.00
2026-06-12,STR004,PRD022,7,1960.00
2026-06-12,STR004,PRD023,3,960.00
2026-06-12,STR004,PRD024,4,600.00
2026-06-12,STR004,PRD025,4,240.00
2026-06-12,STR004,PRD026,5,375.00
2026-06-12,STR004,PRD027,3,120.00
2026-06-12,STR004,PRD028,5,150.00
2026-06-12,STR004,PRD029,8,1920.00
2026-06-12,STR004,PRD030,2,370.00
2026-06-12,STR004,PRD031,7,665.00
2026-06-12,STR004,PRD032,7,840.00
2026-06-12,STR004,PRD033,4,340.00
2026-06-12,STR004,PRD034,9,2340.00
2026-06-12,STR004,PRD035,7,2940.00
2026-06-12,STR004,PRD036,9,1890.00
2026-06-12,STR004,PRD037,9,1791.00
2026-06-12,STR004,PRD038,7,805.00
2026-06-12,STR004,PRD039,6,1080.00
2026-06-12,STR004,PRD041,4,392.00
2026-06-12,STR004,PRD042,7,910.00
2026-06-12,STR004,PRD043,5,1050.00
2026-06-12,STR004,PRD044,3,330.00
2026-06-12,STR004,PRD045,5,875.00
2026-06-12,STR004,PRD046,3,480.00
2026-06-12,STR004,PRD047,6,336.00
2026-06-12,STR004,PRD048,4,280.00
2026-06-12,STR004,PRD049,7,406.00
2026-06-12,STR004,PRD050,5,475.00
2026-06-12,STR004,PRD051,9,810.00
2026-06-12,STR004,PRD052,6,840.00
2026-06-12,STR004,PRD053,6,2700.00
2026-06-12,STR004,PRD054,5,3250.00
2026-06-12,STR004,PRD055,2,780.00
2026-06-13,STR001,PRD001,6,3300.00
2026-06-13,STR001,PRD002,8,1320.00
2026-06-13,STR001,PRD003,4,980.00
2026-06-13,STR001,PRD004,11,660.00
2026-06-13,STR001,PRD005,8,3040.00
2026-06-13,STR001,PRD006,8,1400.00
2026-06-13,STR001,PRD007,9,252.00
2026-06-13,STR001,PRD008,5,260.00
2026-06-13,STR001,PRD009,7,315.00
2026-06-13,STR001,PRD010,2,76.00
2026-06-13,STR001,PRD011,6,660.00
2026-06-13,STR001,PRD012,5,1100.00
2026-06-13,STR001,PRD013,4,260.00
2026-06-13,STR001,PRD014,5,200.00
2026-06-13,STR001,PRD015,8,160.00
2026-06-13,STR001,PRD016,7,2030.00
2026-06-13,STR001,PRD017,3,150.00
2026-06-13,STR001,PRD018,5,625.00
2026-06-13,STR001,PRD019,4,780.00
2026-06-13,STR001,PRD020,4,140.00
2026-06-13,STR001,PRD021,4,180.00
2026-06-13,STR001,PRD022,6,1680.00
2026-06-13,STR001,PRD023,5,1600.00
2026-06-13,STR001,PRD024,2,300.00
2026-06-13,STR001,PRD025,5,300.00
2026-06-13,STR001,PRD026,3,225.00
2026-06-13,STR001,PRD027,3,120.00
2026-06-13,STR001,PRD028,3,90.00
2026-06-13,STR001,PRD029,6,1440.00
2026-06-13,STR001,PRD030,6,1110.00
2026-06-13,STR001,PRD031,5,475.00
2026-06-13,STR001,PRD032,8,960.00
2026-06-13,STR001,PRD033,6,510.00
2026-06-13,STR001,PRD034,7,1820.00
2026-06-13,STR001,PRD035,6,2520.00
2026-06-13,STR001,PRD036,3,630.00
2026-06-13,STR001,PRD037,7,1393.00
2026-06-13,STR001,PRD038,2,230.00
2026-06-13,STR001,PRD039,6,1080.00
2026-06-13,STR001,PRD040,3,435.00
2026-06-13,STR001,PRD041,6,588.00
2026-06-13,STR001,PRD042,1,130.00
2026-06-13,STR001,PRD043,2,420.00
2026-06-13,STR001,PRD044,2,220.00
2026-06-13,STR001,PRD045,3,525.00
2026-06-13,STR001,PRD046,2,320.00
2026-06-13,STR001,PRD047,2,112.00
2026-06-13,STR001,PRD048,3,210.00
2026-06-13,STR001,PRD049,8,464.00
2026-06-13,STR001,PRD050,3,285.00
2026-06-13,STR001,PRD052,6,840.00
2026-06-13,STR001,PRD054,9,5850.00
2026-06-13,STR001,PRD055,7,2730.00
2026-06-13,STR002,PRD001,6,3300.00
2026-06-13,STR002,PRD002,3,495.00
2026-06-13,STR002,PRD003,7,1715.00
2026-06-13,STR002,PRD004,3,180.00
2026-06-13,STR002,PRD005,4,1520.00
2026-06-13,STR002,PRD006,8,1400.00
2026-06-13,STR002,PRD007,7,196.00
2026-06-13,STR002,PRD008,3,156.00
2026-06-13,STR002,PRD009,8,360.00
2026-06-13,STR002,PRD010,5,190.00
2026-06-13,STR002,PRD011,7,770.00
2026-06-13,STR002,PRD012,6,1320.00
2026-06-13,STR002,PRD013,4,260.00
2026-06-13,STR002,PRD014,5,200.00
2026-06-13,STR002,PRD015,2,40.00
2026-06-13,STR002,PRD016,3,870.00
2026-06-13,STR002,PRD017,6,300.00
2026-06-13,STR002,PRD018,7,875.00
2026-06-13,STR002,PRD019,2,390.00
2026-06-13,STR002,PRD020,10,350.00
2026-06-13,STR002,PRD021,8,360.00
2026-06-13,STR002,PRD022,14,3920.00
2026-06-13,STR002,PRD023,4,1280.00
2026-06-13,STR002,PRD024,4,600.00
2026-06-13,STR002,PRD025,4,240.00
2026-06-13,STR002,PRD026,4,300.00
2026-06-13,STR002,PRD027,5,200.00
2026-06-13,STR002,PRD028,3,90.00
2026-06-13,STR002,PRD029,7,1680.00
2026-06-13,STR002,PRD030,6,1110.00
2026-06-13,STR002,PRD031,6,570.00
2026-06-13,STR002,PRD032,7,840.00
2026-06-13,STR002,PRD033,4,340.00
2026-06-13,STR002,PRD034,4,1040.00
2026-06-13,STR002,PRD035,5,2100.00
2026-06-13,STR002,PRD036,4,840.00
2026-06-13,STR002,PRD037,8,1592.00
2026-06-13,STR002,PRD038,4,460.00
2026-06-13,STR002,PRD039,5,900.00
2026-06-13,STR002,PRD040,3,435.00
2026-06-13,STR002,PRD041,6,588.00
2026-06-13,STR002,PRD042,9,1170.00
2026-06-13,STR002,PRD044,7,770.00
2026-06-13,STR002,PRD045,8,1400.00
2026-06-13,STR002,PRD046,5,800.00
2026-06-13,STR002,PRD047,4,224.00
2026-06-13,STR002,PRD048,11,770.00
2026-06-13,STR002,PRD049,5,290.00
2026-06-13,STR002,PRD050,2,190.00
2026-06-13,STR002,PRD051,5,450.00
2026-06-13,STR002,PRD053,5,2250.00
2026-06-13,STR002,PRD054,3,1950.00
2026-06-13,STR002,PRD055,6,2340.00
2026-06-13,STR003,PRD001,6,3300.00
2026-06-13,STR003,PRD002,3,495.00
2026-06-13,STR003,PRD003,7,1715.00
2026-06-13,STR003,PRD004,5,300.00
2026-06-13,STR003,PRD005,8,3040.00
2026-06-13,STR003,PRD006,8,1400.00
2026-06-13,STR003,PRD007,3,84.00
2026-06-13,STR003,PRD008,8,416.00
2026-06-13,STR003,PRD009,6,270.00
2026-06-13,STR003,PRD010,5,190.00
2026-06-13,STR003,PRD011,5,550.00
2026-06-13,STR003,PRD012,7,1540.00
2026-06-13,STR003,PRD013,8,520.00
2026-06-13,STR003,PRD014,4,160.00
2026-06-13,STR003,PRD015,5,100.00
2026-06-13,STR003,PRD016,3,870.00
2026-06-13,STR003,PRD017,4,200.00
2026-06-13,STR003,PRD018,4,500.00
2026-06-13,STR003,PRD019,6,1170.00
2026-06-13,STR003,PRD020,5,175.00
2026-06-13,STR003,PRD021,4,180.00
2026-06-13,STR003,PRD022,3,840.00
2026-06-13,STR003,PRD023,3,960.00
2026-06-13,STR003,PRD024,5,750.00
2026-06-13,STR003,PRD025,3,180.00
2026-06-13,STR003,PRD026,3,225.00
2026-06-13,STR003,PRD027,4,160.00
2026-06-13,STR003,PRD028,5,150.00
2026-06-13,STR003,PRD029,5,1200.00
2026-06-13,STR003,PRD030,5,925.00
2026-06-13,STR003,PRD031,10,950.00
2026-06-13,STR003,PRD032,7,840.00
2026-06-13,STR003,PRD033,5,425.00
2026-06-13,STR003,PRD034,7,1820.00
2026-06-13,STR003,PRD036,5,1050.00
2026-06-13,STR003,PRD037,6,1194.00
2026-06-13,STR003,PRD038,7,805.00
2026-06-13,STR003,PRD039,3,540.00
2026-06-13,STR003,PRD040,2,290.00
2026-06-13,STR003,PRD041,9,882.00
2026-06-13,STR003,PRD042,4,520.00
2026-06-13,STR003,PRD043,4,840.00
2026-06-13,STR003,PRD044,5,550.00
2026-06-13,STR003,PRD045,1,175.00
2026-06-13,STR003,PRD046,4,640.00
2026-06-13,STR003,PRD047,3,168.00
2026-06-13,STR003,PRD048,7,490.00
2026-06-13,STR003,PRD049,4,232.00
2026-06-13,STR003,PRD050,3,285.00
2026-06-13,STR003,PRD051,4,360.00
2026-06-13,STR003,PRD052,8,1120.00
2026-06-13,STR003,PRD053,5,2250.00
2026-06-13,STR003,PRD054,9,5850.00
2026-06-13,STR003,PRD055,8,3120.00
2026-06-13,STR004,PRD002,6,990.00
2026-06-13,STR004,PRD003,4,980.00
2026-06-13,STR004,PRD004,4,240.00
2026-06-13,STR004,PRD005,6,2280.00
2026-06-13,STR004,PRD006,7,1225.00
2026-06-13,STR004,PRD007,7,196.00
2026-06-13,STR004,PRD008,3,156.00
2026-06-13,STR004,PRD009,7,315.00
2026-06-13,STR004,PRD010,8,304.00
2026-06-13,STR004,PRD011,3,330.00
2026-06-13,STR004,PRD012,4,880.00
2026-06-13,STR004,PRD013,3,195.00
2026-06-13,STR004,PRD014,4,160.00
2026-06-13,STR004,PRD015,5,100.00
2026-06-13,STR004,PRD016,4,1160.00
2026-06-13,STR004,PRD017,16,800.00
2026-06-13,STR004,PRD018,7,875.00
2026-06-13,STR004,PRD020,3,105.00
2026-06-13,STR004,PRD021,5,225.00
2026-06-13,STR004,PRD022,4,1120.00
2026-06-13,STR004,PRD023,3,960.00
2026-06-13,STR004,PRD024,3,450.00
2026-06-13,STR004,PRD025,7,420.00
2026-06-13,STR004,PRD026,5,375.00
2026-06-13,STR004,PRD027,6,240.00
2026-06-13,STR004,PRD028,5,150.00
2026-06-13,STR004,PRD029,6,1440.00
2026-06-13,STR004,PRD030,6,1110.00
2026-06-13,STR004,PRD031,5,475.00
2026-06-13,STR004,PRD032,4,480.00
2026-06-13,STR004,PRD033,2,170.00
2026-06-13,STR004,PRD034,5,1300.00
2026-06-13,STR004,PRD035,8,3360.00
2026-06-13,STR004,PRD036,7,1470.00
2026-06-13,STR004,PRD037,9,1791.00
2026-06-13,STR004,PRD038,6,690.00
2026-06-13,STR004,PRD039,6,1080.00
2026-06-13,STR004,PRD040,3,435.00
2026-06-13,STR004,PRD041,3,294.00
2026-06-13,STR004,PRD042,5,650.00
2026-06-13,STR004,PRD043,3,630.00
2026-06-13,STR004,PRD044,5,550.00
2026-06-13,STR004,PRD045,9,1575.00
2026-06-13,STR004,PRD046,4,640.00
2026-06-13,STR004,PRD047,8,448.00
2026-06-13,STR004,PRD048,3,210.00
2026-06-13,STR004,PRD049,4,232.00
2026-06-13,STR004,PRD050,8,760.00
2026-06-13,STR004,PRD051,5,450.00
2026-06-13,STR004,PRD052,5,700.00
2026-06-13,STR004,PRD053,5,2250.00
2026-06-13,STR004,PRD054,3,1950.00
2026-06-13,STR004,PRD055,3,1170.00
2026-06-14,STR001,PRD001,8,4400.00
2026-06-14,STR001,PRD002,10,1650.00
2026-06-14,STR001,PRD003,3,735.00
2026-06-14,STR001,PRD004,13,780.00
2026-06-14,STR001,PRD005,7,2660.00
2026-06-14,STR001,PRD006,5,875.00
2026-06-14,STR001,PRD007,9,252.00
2026-06-14,STR001,PRD008,3,156.00
2026-06-14,STR001,PRD009,6,270.00
2026-06-14,STR001,PRD010,4,152.00
2026-06-14,STR001,PRD011,6,660.00
2026-06-14,STR001,PRD012,3,660.00
2026-06-14,STR001,PRD013,1,65.00
2026-06-14,STR001,PRD014,5,200.00
2026-06-14,STR001,PRD015,8,160.00
2026-06-14,STR001,PRD016,5,1450.00
2026-06-14,STR001,PRD017,4,200.00
2026-06-14,STR001,PRD018,6,750.00
2026-06-14,STR001,PRD019,7,1365.00
2026-06-14,STR001,PRD020,3,105.00
2026-06-14,STR001,PRD021,8,360.00
2026-06-14,STR001,PRD022,4,1120.00
2026-06-14,STR001,PRD023,2,640.00
2026-06-14,STR001,PRD024,5,750.00
2026-06-14,STR001,PRD025,7,420.00
2026-06-14,STR001,PRD026,2,150.00
2026-06-14,STR001,PRD027,5,200.00
2026-06-14,STR001,PRD028,4,120.00
2026-06-14,STR001,PRD029,5,1200.00
2026-06-14,STR001,PRD030,6,1110.00
2026-06-14,STR001,PRD031,5,475.00
2026-06-14,STR001,PRD032,7,840.00
2026-06-14,STR001,PRD033,5,425.00
2026-06-14,STR001,PRD034,7,1820.00
2026-06-14,STR001,PRD035,5,2100.00
2026-06-14,STR001,PRD036,5,1050.00
2026-06-14,STR001,PRD037,8,1592.00
2026-06-14,STR001,PRD038,3,345.00
2026-06-14,STR001,PRD039,5,900.00
2026-06-14,STR001,PRD040,7,1015.00
2026-06-14,STR001,PRD041,7,686.00
2026-06-14,STR001,PRD042,3,390.00
2026-06-14,STR001,PRD043,2,420.00
2026-06-14,STR001,PRD044,2,220.00
2026-06-14,STR001,PRD045,1,175.00
2026-06-14,STR001,PRD046,5,800.00
2026-06-14,STR001,PRD047,1,56.00
2026-06-14,STR001,PRD048,2,140.00
2026-06-14,STR001,PRD049,5,290.00
2026-06-14,STR001,PRD050,5,475.00
2026-06-14,STR001,PRD052,5,700.00
2026-06-14,STR001,PRD053,1,450.00
2026-06-14,STR001,PRD054,8,5200.00
2026-06-14,STR001,PRD055,5,1950.00
2026-06-14,STR002,PRD001,4,2200.00
2026-06-14,STR002,PRD002,4,660.00
2026-06-14,STR002,PRD003,5,1225.00
2026-06-14,STR002,PRD004,4,240.00
2026-06-14,STR002,PRD005,3,1140.00
2026-06-14,STR002,PRD006,7,1225.00
2026-06-14,STR002,PRD007,6,168.00
2026-06-14,STR002,PRD008,3,156.00
2026-06-14,STR002,PRD009,6,270.00
2026-06-14,STR002,PRD010,5,190.00
2026-06-14,STR002,PRD011,4,440.00
2026-06-14,STR002,PRD012,5,1100.00
2026-06-14,STR002,PRD013,3,195.00
2026-06-14,STR002,PRD014,3,120.00
2026-06-14,STR002,PRD015,5,100.00
2026-06-14,STR002,PRD016,2,580.00
2026-06-14,STR002,PRD017,5,250.00
2026-06-14,STR002,PRD018,5,625.00
2026-06-14,STR002,PRD019,3,585.00
2026-06-14,STR002,PRD020,9,315.00
2026-06-14,STR002,PRD021,8,360.00
2026-06-14,STR002,PRD022,11,3080.00
2026-06-14,STR002,PRD023,7,2240.00
2026-06-14,STR002,PRD024,3,450.00
2026-06-14,STR002,PRD025,6,360.00
2026-06-14,STR002,PRD026,6,450.00
2026-06-14,STR002,PRD027,2,80.00
2026-06-14,STR002,PRD028,3,90.00
2026-06-14,STR002,PRD029,7,1680.00
2026-06-14,STR002,PRD030,3,555.00
2026-06-14,STR002,PRD031,5,475.00
2026-06-14,STR002,PRD032,6,720.00
2026-06-14,STR002,PRD033,2,170.00
2026-06-14,STR002,PRD034,1,260.00
2026-06-14,STR002,PRD035,2,840.00
2026-06-14,STR002,PRD036,4,840.00
2026-06-14,STR002,PRD037,4,796.00
2026-06-14,STR002,PRD038,4,460.00
2026-06-14,STR002,PRD039,3,540.00
2026-06-14,STR002,PRD040,3,435.00
2026-06-14,STR002,PRD041,5,490.00
2026-06-14,STR002,PRD042,7,910.00
2026-06-14,STR002,PRD043,1,210.00
2026-06-14,STR002,PRD044,6,660.00
2026-06-14,STR002,PRD045,5,875.00
2026-06-14,STR002,PRD046,1,160.00
2026-06-14,STR002,PRD047,8,448.00
2026-06-14,STR002,PRD048,14,980.00
2026-06-14,STR002,PRD049,3,174.00
2026-06-14,STR002,PRD050,6,570.00
2026-06-14,STR002,PRD051,5,450.00
2026-06-14,STR002,PRD053,6,2700.00
2026-06-14,STR002,PRD054,5,3250.00
2026-06-14,STR002,PRD055,6,2340.00
2026-06-14,STR003,PRD001,6,3300.00
2026-06-14,STR003,PRD002,5,825.00
2026-06-14,STR003,PRD003,7,1715.00
2026-06-14,STR003,PRD004,5,300.00
2026-06-14,STR003,PRD005,6,2280.00
2026-06-14,STR003,PRD006,4,700.00
2026-06-14,STR003,PRD007,2,56.00
2026-06-14,STR003,PRD008,5,260.00
2026-06-14,STR003,PRD009,3,135.00
2026-06-14,STR003,PRD010,6,228.00
2026-06-14,STR003,PRD011,7,770.00
2026-06-14,STR003,PRD012,6,1320.00
2026-06-14,STR003,PRD013,7,455.00
2026-06-14,STR003,PRD014,5,200.00
2026-06-14,STR003,PRD015,2,40.00
2026-06-14,STR003,PRD016,3,870.00
2026-06-14,STR003,PRD017,3,150.00
2026-06-14,STR003,PRD018,2,250.00
2026-06-14,STR003,PRD019,6,1170.00
2026-06-14,STR003,PRD020,8,280.00
2026-06-14,STR003,PRD021,6,270.00
2026-06-14,STR003,PRD022,4,1120.00
2026-06-14,STR003,PRD023,3,960.00
2026-06-14,STR003,PRD024,7,1050.00
2026-06-14,STR003,PRD025,1,60.00
2026-06-14,STR003,PRD026,5,375.00
2026-06-14,STR003,PRD027,2,80.00
2026-06-14,STR003,PRD028,8,240.00
2026-06-14,STR003,PRD029,8,1920.00
2026-06-14,STR003,PRD030,6,1110.00
2026-06-14,STR003,PRD031,6,570.00
2026-06-14,STR003,PRD032,6,720.00
2026-06-14,STR003,PRD033,4,340.00
2026-06-14,STR003,PRD034,4,1040.00
2026-06-14,STR003,PRD036,3,630.00
2026-06-14,STR003,PRD037,6,1194.00
2026-06-14,STR003,PRD038,7,805.00
2026-06-14,STR003,PRD039,2,360.00
2026-06-14,STR003,PRD040,3,435.00
2026-06-14,STR003,PRD041,8,784.00
2026-06-14,STR003,PRD042,8,1040.00
2026-06-14,STR003,PRD043,3,630.00
2026-06-14,STR003,PRD044,7,770.00
2026-06-14,STR003,PRD045,1,175.00
2026-06-14,STR003,PRD046,4,640.00
2026-06-14,STR003,PRD047,4,224.00
2026-06-14,STR003,PRD048,4,280.00
2026-06-14,STR003,PRD049,5,290.00
2026-06-14,STR003,PRD050,6,570.00
2026-06-14,STR003,PRD051,4,360.00
2026-06-14,STR003,PRD052,6,840.00
2026-06-14,STR003,PRD053,6,2700.00
2026-06-14,STR003,PRD054,6,3900.00
2026-06-14,STR003,PRD055,7,2730.00
2026-06-14,STR004,PRD002,2,330.00
2026-06-14,STR004,PRD003,8,1960.00
2026-06-14,STR004,PRD004,2,120.00
2026-06-14,STR004,PRD005,2,760.00
2026-06-14,STR004,PRD006,7,1225.00
2026-06-14,STR004,PRD007,4,112.00
2026-06-14,STR004,PRD008,3,156.00
2026-06-14,STR004,PRD009,4,180.00
2026-06-14,STR004,PRD010,7,266.00
2026-06-14,STR004,PRD011,6,660.00
2026-06-14,STR004,PRD012,3,660.00
2026-06-14,STR004,PRD013,7,455.00
2026-06-14,STR004,PRD014,6,240.00
2026-06-14,STR004,PRD015,6,120.00
2026-06-14,STR004,PRD016,7,2030.00
2026-06-14,STR004,PRD017,13,650.00
2026-06-14,STR004,PRD018,9,1125.00
2026-06-14,STR004,PRD020,4,140.00
2026-06-14,STR004,PRD021,4,180.00
2026-06-14,STR004,PRD022,4,1120.00
2026-06-14,STR004,PRD023,4,1280.00
2026-06-14,STR004,PRD024,2,300.00
2026-06-14,STR004,PRD025,7,420.00
2026-06-14,STR004,PRD026,4,300.00
2026-06-14,STR004,PRD027,3,120.00
2026-06-14,STR004,PRD028,6,180.00
2026-06-14,STR004,PRD029,7,1680.00
2026-06-14,STR004,PRD030,5,925.00
2026-06-14,STR004,PRD031,8,760.00
2026-06-14,STR004,PRD032,3,360.00
2026-06-14,STR004,PRD033,3,255.00
2026-06-14,STR004,PRD034,8,2080.00
2026-06-14,STR004,PRD035,5,2100.00
2026-06-14,STR004,PRD036,5,1050.00
2026-06-14,STR004,PRD037,6,1194.00
2026-06-14,STR004,PRD038,4,460.00
2026-06-14,STR004,PRD039,5,900.00
2026-06-14,STR004,PRD041,5,490.00
2026-06-14,STR004,PRD042,7,910.00
2026-06-14,STR004,PRD043,5,1050.00
2026-06-14,STR004,PRD044,3,330.00
2026-06-14,STR004,PRD045,7,1225.00
2026-06-14,STR004,PRD046,3,480.00
2026-06-14,STR004,PRD047,4,224.00
2026-06-14,STR004,PRD048,3,210.00
2026-06-14,STR004,PRD049,4,232.00
2026-06-14,STR004,PRD050,5,475.00
2026-06-14,STR004,PRD051,6,540.00
2026-06-14,STR004,PRD052,6,840.00
2026-06-14,STR004,PRD053,6,2700.00
2026-06-14,STR004,PRD054,6,3900.00
2026-06-14,STR004,PRD055,6,2340.00
2026-06-15,STR001,PRD001,8,4400.00
2026-06-15,STR001,PRD002,9,1485.00
2026-06-15,STR001,PRD003,4,980.00
2026-06-15,STR001,PRD004,11,660.00
2026-06-15,STR001,PRD005,6,2280.00
2026-06-15,STR001,PRD006,4,700.00
2026-06-15,STR001,PRD007,5,140.00
2026-06-15,STR001,PRD008,3,156.00
2026-06-15,STR001,PRD009,6,270.00
2026-06-15,STR001,PRD010,3,114.00
2026-06-15,STR001,PRD011,7,770.00
2026-06-15,STR001,PRD012,3,660.00
2026-06-15,STR001,PRD013,3,195.00
2026-06-15,STR001,PRD014,6,240.00
2026-06-15,STR001,PRD015,4,80.00
2026-06-15,STR001,PRD016,6,1740.00
2026-06-15,STR001,PRD017,5,250.00
2026-06-15,STR001,PRD018,7,875.00
2026-06-15,STR001,PRD019,6,1170.00
2026-06-15,STR001,PRD020,1,35.00
2026-06-15,STR001,PRD021,7,315.00
2026-06-15,STR001,PRD022,8,2240.00
2026-06-15,STR001,PRD023,3,960.00
2026-06-15,STR001,PRD024,4,600.00
2026-06-15,STR001,PRD025,6,360.00
2026-06-15,STR001,PRD026,4,300.00
2026-06-15,STR001,PRD027,1,40.00
2026-06-15,STR001,PRD028,5,150.00
2026-06-15,STR001,PRD029,4,960.00
2026-06-15,STR001,PRD030,4,740.00
2026-06-15,STR001,PRD031,8,760.00
2026-06-15,STR001,PRD032,4,480.00
2026-06-15,STR001,PRD033,3,255.00
2026-06-15,STR001,PRD034,5,1300.00
2026-06-15,STR001,PRD035,4,1680.00
2026-06-15,STR001,PRD036,3,630.00
2026-06-15,STR001,PRD037,7,1393.00
2026-06-15,STR001,PRD038,1,115.00
2026-06-15,STR001,PRD039,7,1260.00
2026-06-15,STR001,PRD040,4,580.00
2026-06-15,STR001,PRD041,5,490.00
2026-06-15,STR001,PRD042,1,130.00
2026-06-15,STR001,PRD043,6,1260.00
2026-06-15,STR001,PRD044,5,550.00
2026-06-15,STR001,PRD045,2,350.00
2026-06-15,STR001,PRD046,4,640.00
2026-06-15,STR001,PRD047,2,112.00
2026-06-15,STR001,PRD048,5,350.00
2026-06-15,STR001,PRD049,6,348.00
2026-06-15,STR001,PRD050,4,380.00
2026-06-15,STR001,PRD052,2,280.00
2026-06-15,STR001,PRD054,5,3250.00
2026-06-15,STR001,PRD055,8,3120.00
2026-06-15,STR002,PRD001,3,1650.00
2026-06-15,STR002,PRD002,3,495.00
2026-06-15,STR002,PRD003,5,1225.00
2026-06-15,STR002,PRD004,6,360.00
2026-06-15,STR002,PRD005,3,1140.00
2026-06-15,STR002,PRD006,8,1400.00
2026-06-15,STR002,PRD007,4,112.00
2026-06-15,STR002,PRD008,6,312.00
2026-06-15,STR002,PRD009,6,270.00
2026-06-15,STR002,PRD010,6,228.00
2026-06-15,STR002,PRD011,6,660.00
2026-06-15,STR002,PRD012,2,440.00
2026-06-15,STR002,PRD013,5,325.00
2026-06-15,STR002,PRD014,5,200.00
2026-06-15,STR002,PRD015,2,40.00
2026-06-15,STR002,PRD016,4,1160.00
2026-06-15,STR002,PRD017,6,300.00
2026-06-15,STR002,PRD018,7,875.00
2026-06-15,STR002,PRD019,6,1170.00
2026-06-15,STR002,PRD020,8,280.00
2026-06-15,STR002,PRD021,12,540.00
2026-06-15,STR002,PRD022,11,3080.00
2026-06-15,STR002,PRD023,6,1920.00
2026-06-15,STR002,PRD024,4,600.00
2026-06-15,STR002,PRD025,6,360.00
2026-06-15,STR002,PRD026,6,450.00
2026-06-15,STR002,PRD027,3,120.00
2026-06-15,STR002,PRD028,7,210.00
2026-06-15,STR002,PRD029,6,1440.00
2026-06-15,STR002,PRD030,4,740.00
2026-06-15,STR002,PRD031,2,190.00
2026-06-15,STR002,PRD032,8,960.00
2026-06-15,STR002,PRD034,2,520.00
2026-06-15,STR002,PRD035,5,2100.00
2026-06-15,STR002,PRD036,3,630.00
2026-06-15,STR002,PRD037,4,796.00
2026-06-15,STR002,PRD038,6,690.00
2026-06-15,STR002,PRD039,3,540.00
2026-06-15,STR002,PRD040,4,580.00
2026-06-15,STR002,PRD041,5,490.00
2026-06-15,STR002,PRD042,5,650.00
2026-06-15,STR002,PRD044,6,660.00
2026-06-15,STR002,PRD045,7,1225.00
2026-06-15,STR002,PRD046,4,640.00
2026-06-15,STR002,PRD047,4,224.00
2026-06-15,STR002,PRD048,11,770.00
2026-06-15,STR002,PRD049,5,290.00
2026-06-15,STR002,PRD050,2,190.00
2026-06-15,STR002,PRD051,4,360.00
2026-06-15,STR002,PRD053,4,1800.00
2026-06-15,STR002,PRD054,7,4550.00
2026-06-15,STR002,PRD055,8,3120.00
2026-06-15,STR003,PRD001,6,3300.00
2026-06-15,STR003,PRD002,5,825.00
2026-06-15,STR003,PRD003,3,735.00
2026-06-15,STR003,PRD004,6,360.00
2026-06-15,STR003,PRD005,5,1900.00
2026-06-15,STR003,PRD006,8,1400.00
2026-06-15,STR003,PRD007,3,84.00
2026-06-15,STR003,PRD008,7,364.00
2026-06-15,STR003,PRD009,3,135.00
2026-06-15,STR003,PRD010,6,228.00
2026-06-15,STR003,PRD011,8,880.00
2026-06-15,STR003,PRD012,4,880.00
2026-06-15,STR003,PRD013,7,455.00
2026-06-15,STR003,PRD014,4,160.00
2026-06-15,STR003,PRD015,2,40.00
2026-06-15,STR003,PRD016,4,1160.00
2026-06-15,STR003,PRD017,3,150.00
2026-06-15,STR003,PRD018,4,500.00
2026-06-15,STR003,PRD019,8,1560.00
2026-06-15,STR003,PRD020,6,210.00
2026-06-15,STR003,PRD021,4,180.00
2026-06-15,STR003,PRD022,3,840.00
2026-06-15,STR003,PRD023,1,320.00
2026-06-15,STR003,PRD024,6,900.00
2026-06-15,STR003,PRD025,1,60.00
2026-06-15,STR003,PRD026,4,300.00
2026-06-15,STR003,PRD027,2,80.00
2026-06-15,STR003,PRD028,8,240.00
2026-06-15,STR003,PRD029,4,960.00
2026-06-15,STR003,PRD030,3,555.00
2026-06-15,STR003,PRD031,6,570.00
2026-06-15,STR003,PRD032,4,480.00
2026-06-15,STR003,PRD033,5,425.00
2026-06-15,STR003,PRD034,7,1820.00
2026-06-15,STR003,PRD036,2,420.00
2026-06-15,STR003,PRD037,7,1393.00
2026-06-15,STR003,PRD038,6,690.00
2026-06-15,STR003,PRD039,3,540.00
2026-06-15,STR003,PRD040,5,725.00
2026-06-15,STR003,PRD041,7,686.00
2026-06-15,STR003,PRD042,7,910.00
2026-06-15,STR003,PRD043,5,1050.00
2026-06-15,STR003,PRD044,3,330.00
2026-06-15,STR003,PRD045,1,175.00
2026-06-15,STR003,PRD046,3,480.00
2026-06-15,STR003,PRD047,4,224.00
2026-06-15,STR003,PRD048,7,490.00
2026-06-15,STR003,PRD049,2,116.00
2026-06-15,STR003,PRD050,3,285.00
2026-06-15,STR003,PRD051,3,270.00
2026-06-15,STR003,PRD052,5,700.00
2026-06-15,STR003,PRD053,2,900.00
2026-06-15,STR003,PRD054,6,3900.00
2026-06-15,STR003,PRD055,6,2340.00
2026-06-15,STR004,PRD001,2,1100.00
2026-06-15,STR004,PRD002,6,990.00
2026-06-15,STR004,PRD003,4,980.00
2026-06-15,STR004,PRD004,4,240.00
2026-06-15,STR004,PRD005,4,1520.00
2026-06-15,STR004,PRD006,6,1050.00
2026-06-15,STR004,PRD007,3,84.00
2026-06-15,STR004,PRD008,6,312.00
2026-06-15,STR004,PRD009,7,315.00
2026-06-15,STR004,PRD010,8,304.00
2026-06-15,STR004,PRD011,6,660.00
2026-06-15,STR004,PRD012,2,440.00
2026-06-15,STR004,PRD013,3,195.00
2026-06-15,STR004,PRD014,6,240.00
2026-06-15,STR004,PRD015,3,60.00
2026-06-15,STR004,PRD016,5,1450.00
2026-06-15,STR004,PRD017,13,650.00
2026-06-15,STR004,PRD018,5,625.00
2026-06-15,STR004,PRD019,1,195.00
2026-06-15,STR004,PRD020,4,140.00
2026-06-15,STR004,PRD021,3,135.00
2026-06-15,STR004,PRD022,5,1400.00
2026-06-15,STR004,PRD023,5,1600.00
2026-06-15,STR004,PRD024,4,600.00
2026-06-15,STR004,PRD025,3,180.00
2026-06-15,STR004,PRD026,7,525.00
2026-06-15,STR004,PRD027,6,240.00
2026-06-15,STR004,PRD028,4,120.00
2026-06-15,STR004,PRD029,5,1200.00
2026-06-15,STR004,PRD030,2,370.00
2026-06-15,STR004,PRD031,4,380.00
2026-06-15,STR004,PRD032,4,480.00
2026-06-15,STR004,PRD033,4,340.00
2026-06-15,STR004,PRD034,6,1560.00
2026-06-15,STR004,PRD035,4,1680.00
2026-06-15,STR004,PRD036,7,1470.00
2026-06-15,STR004,PRD037,5,995.00
2026-06-15,STR004,PRD038,4,460.00
2026-06-15,STR004,PRD039,5,900.00
2026-06-15,STR004,PRD041,3,294.00
2026-06-15,STR004,PRD042,7,910.00
2026-06-15,STR004,PRD043,4,840.00
2026-06-15,STR004,PRD044,6,660.00
2026-06-15,STR004,PRD045,8,1400.00
2026-06-15,STR004,PRD046,2,320.00
2026-06-15,STR004,PRD047,7,392.00
2026-06-15,STR004,PRD048,6,420.00
2026-06-15,STR004,PRD049,4,232.00
2026-06-15,STR004,PRD050,7,665.00
2026-06-15,STR004,PRD051,6,540.00
2026-06-15,STR004,PRD052,4,560.00
2026-06-15,STR004,PRD053,6,2700.00
2026-06-15,STR004,PRD054,4,2600.00
2026-06-15,STR004,PRD055,5,1950.00
2026-06-16,STR001,PRD001,8,4400.00
2026-06-16,STR001,PRD002,8,1320.00
2026-06-16,STR001,PRD003,6,1470.00
2026-06-16,STR001,PRD004,14,840.00
2026-06-16,STR001,PRD005,8,3040.00
2026-06-16,STR001,PRD006,5,875.00
2026-06-16,STR001,PRD007,7,196.00
2026-06-16,STR001,PRD008,4,208.00
2026-06-16,STR001,PRD009,6,270.00
2026-06-16,STR001,PRD010,5,190.00
2026-06-16,STR001,PRD011,6,660.00
2026-06-16,STR001,PRD012,3,660.00
2026-06-16,STR001,PRD013,1,65.00
2026-06-16,STR001,PRD014,4,160.00
2026-06-16,STR001,PRD015,7,140.00
2026-06-16,STR001,PRD016,4,1160.00
2026-06-16,STR001,PRD017,5,250.00
2026-06-16,STR001,PRD018,4,500.00
2026-06-16,STR001,PRD019,8,1560.00
2026-06-16,STR001,PRD020,2,70.00
2026-06-16,STR001,PRD021,8,360.00
2026-06-16,STR001,PRD022,4,1120.00
2026-06-16,STR001,PRD023,5,1600.00
2026-06-16,STR001,PRD024,4,600.00
2026-06-16,STR001,PRD025,8,480.00
2026-06-16,STR001,PRD026,6,450.00
2026-06-16,STR001,PRD027,4,160.00
2026-06-16,STR001,PRD028,3,90.00
2026-06-16,STR001,PRD029,8,1920.00
2026-06-16,STR001,PRD030,7,1295.00
2026-06-16,STR001,PRD031,6,570.00
2026-06-16,STR001,PRD032,7,840.00
2026-06-16,STR001,PRD033,5,425.00
2026-06-16,STR001,PRD034,6,1560.00
2026-06-16,STR001,PRD035,3,1260.00
2026-06-16,STR001,PRD036,5,1050.00
2026-06-16,STR001,PRD037,8,1592.00
2026-06-16,STR001,PRD039,4,720.00
2026-06-16,STR001,PRD040,5,725.00
2026-06-16,STR001,PRD041,4,392.00
2026-06-16,STR001,PRD042,4,520.00
2026-06-16,STR001,PRD043,6,1260.00
2026-06-16,STR001,PRD044,4,440.00
2026-06-16,STR001,PRD045,5,875.00
2026-06-16,STR001,PRD046,3,480.00
2026-06-16,STR001,PRD047,2,112.00
2026-06-16,STR001,PRD048,2,140.00
2026-06-16,STR001,PRD049,5,290.00
2026-06-16,STR001,PRD050,3,285.00
2026-06-16,STR001,PRD052,4,560.00
2026-06-16,STR001,PRD054,5,3250.00
2026-06-16,STR001,PRD055,5,1950.00
2026-06-16,STR002,PRD001,7,3850.00
2026-06-16,STR002,PRD002,5,825.00
2026-06-16,STR002,PRD003,6,1470.00
2026-06-16,STR002,PRD004,3,180.00
2026-06-16,STR002,PRD005,4,1520.00
2026-06-16,STR002,PRD006,6,1050.00
2026-06-16,STR002,PRD007,8,224.00
2026-06-16,STR002,PRD008,5,260.00
2026-06-16,STR002,PRD009,6,270.00
2026-06-16,STR002,PRD010,8,304.00
2026-06-16,STR002,PRD011,4,440.00
2026-06-16,STR002,PRD012,4,880.00
2026-06-16,STR002,PRD013,5,325.00
2026-06-16,STR002,PRD014,6,240.00
2026-06-16,STR002,PRD015,3,60.00
2026-06-16,STR002,PRD016,6,1740.00
2026-06-16,STR002,PRD017,6,300.00
2026-06-16,STR002,PRD018,8,1000.00
2026-06-16,STR002,PRD019,6,1170.00
2026-06-16,STR002,PRD020,8,280.00
2026-06-16,STR002,PRD021,9,405.00
2026-06-16,STR002,PRD022,13,3640.00
2026-06-16,STR002,PRD023,3,960.00
2026-06-16,STR002,PRD024,2,300.00
2026-06-16,STR002,PRD025,2,120.00
2026-06-16,STR002,PRD026,4,300.00
2026-06-16,STR002,PRD027,6,240.00
2026-06-16,STR002,PRD028,4,120.00
2026-06-16,STR002,PRD029,5,1200.00
2026-06-16,STR002,PRD030,7,1295.00
2026-06-16,STR002,PRD031,5,475.00
2026-06-16,STR002,PRD032,5,600.00
2026-06-16,STR002,PRD033,2,170.00
2026-06-16,STR002,PRD034,5,1300.00
2026-06-16,STR002,PRD035,2,840.00
2026-06-16,STR002,PRD036,2,420.00
2026-06-16,STR002,PRD037,6,1194.00
2026-06-16,STR002,PRD038,5,575.00
2026-06-16,STR002,PRD039,5,900.00
2026-06-16,STR002,PRD040,1,145.00
2026-06-16,STR002,PRD041,3,294.00
2026-06-16,STR002,PRD042,6,780.00
2026-06-16,STR002,PRD044,6,660.00
2026-06-16,STR002,PRD045,4,700.00
2026-06-16,STR002,PRD046,5,800.00
2026-06-16,STR002,PRD047,6,336.00
2026-06-16,STR002,PRD048,10,700.00
2026-06-16,STR002,PRD049,5,290.00
2026-06-16,STR002,PRD050,5,475.00
2026-06-16,STR002,PRD051,8,720.00
2026-06-16,STR002,PRD053,3,1350.00
2026-06-16,STR002,PRD054,5,3250.00
2026-06-16,STR002,PRD055,7,2730.00
2026-06-16,STR003,PRD001,6,3300.00
2026-06-16,STR003,PRD002,3,495.00
2026-06-16,STR003,PRD003,4,980.00
2026-06-16,STR003,PRD004,5,300.00
2026-06-16,STR003,PRD005,8,3040.00
2026-06-16,STR003,PRD006,6,1050.00
2026-06-16,STR003,PRD007,3,84.00
2026-06-16,STR003,PRD008,8,416.00
2026-06-16,STR003,PRD009,7,315.00
2026-06-16,STR003,PRD010,4,152.00
2026-06-16,STR003,PRD011,5,550.00
2026-06-16,STR003,PRD012,8,1760.00
2026-06-16,STR003,PRD013,5,325.00
2026-06-16,STR003,PRD014,6,240.00
2026-06-16,STR003,PRD015,3,60.00
2026-06-16,STR003,PRD016,4,1160.00
2026-06-16,STR003,PRD017,2,100.00
2026-06-16,STR003,PRD018,3,375.00
2026-06-16,STR003,PRD019,5,975.00
2026-06-16,STR003,PRD020,8,280.00
2026-06-16,STR003,PRD021,5,225.00
2026-06-16,STR003,PRD022,4,1120.00
2026-06-16,STR003,PRD024,6,900.00
2026-06-16,STR003,PRD025,5,300.00
2026-06-16,STR003,PRD026,5,375.00
2026-06-16,STR003,PRD027,5,200.00
2026-06-16,STR003,PRD028,5,150.00
2026-06-16,STR003,PRD029,8,1920.00
2026-06-16,STR003,PRD030,2,370.00
2026-06-16,STR003,PRD031,8,760.00
2026-06-16,STR003,PRD032,4,480.00
2026-06-16,STR003,PRD033,4,340.00
2026-06-16,STR003,PRD034,4,1040.00
2026-06-16,STR003,PRD036,4,840.00
2026-06-16,STR003,PRD037,4,796.00
2026-06-16,STR003,PRD038,4,460.00
2026-06-16,STR003,PRD039,4,720.00
2026-06-16,STR003,PRD040,5,725.00
2026-06-16,STR003,PRD041,5,490.00
2026-06-16,STR003,PRD042,6,780.00
2026-06-16,STR003,PRD043,4,840.00
2026-06-16,STR003,PRD044,4,440.00
2026-06-16,STR003,PRD045,1,175.00
2026-06-16,STR003,PRD046,4,640.00
2026-06-16,STR003,PRD047,4,224.00
2026-06-16,STR003,PRD048,3,210.00
2026-06-16,STR003,PRD049,2,116.00
2026-06-16,STR003,PRD050,2,190.00
2026-06-16,STR003,PRD051,4,360.00
2026-06-16,STR003,PRD052,7,980.00
2026-06-16,STR003,PRD053,5,2250.00
2026-06-16,STR003,PRD054,6,3900.00
2026-06-16,STR003,PRD055,7,2730.00
2026-06-16,STR004,PRD001,2,1100.00
2026-06-16,STR004,PRD002,5,825.00
2026-06-16,STR004,PRD003,6,1470.00
2026-06-16,STR004,PRD004,6,360.00
2026-06-16,STR004,PRD005,5,1900.00
2026-06-16,STR004,PRD006,5,875.00
2026-06-16,STR004,PRD007,6,168.00
2026-06-16,STR004,PRD008,7,364.00
2026-06-16,STR004,PRD009,5,225.00
2026-06-16,STR004,PRD010,5,190.00
2026-06-16,STR004,PRD011,5,550.00
2026-06-16,STR004,PRD012,1,220.00
2026-06-16,STR004,PRD013,3,195.00
2026-06-16,STR004,PRD014,5,200.00
2026-06-16,STR004,PRD015,3,60.00
2026-06-16,STR004,PRD016,6,1740.00
2026-06-16,STR004,PRD017,15,750.00
2026-06-16,STR004,PRD018,5,625.00
2026-06-16,STR004,PRD019,1,195.00
2026-06-16,STR004,PRD020,4,140.00
2026-06-16,STR004,PRD021,5,225.00
2026-06-16,STR004,PRD022,5,1400.00
2026-06-16,STR004,PRD023,2,640.00
2026-06-16,STR004,PRD024,6,900.00
2026-06-16,STR004,PRD025,3,180.00
2026-06-16,STR004,PRD026,5,375.00
2026-06-16,STR004,PRD027,6,240.00
2026-06-16,STR004,PRD028,6,180.00
2026-06-16,STR004,PRD029,8,1920.00
2026-06-16,STR004,PRD030,2,370.00
2026-06-16,STR004,PRD031,7,665.00
2026-06-16,STR004,PRD032,4,480.00
2026-06-16,STR004,PRD033,5,425.00
2026-06-16,STR004,PRD034,8,2080.00
2026-06-16,STR004,PRD035,5,2100.00
2026-06-16,STR004,PRD036,5,1050.00
2026-06-16,STR004,PRD037,5,995.00
2026-06-16,STR004,PRD038,6,690.00
2026-06-16,STR004,PRD039,3,540.00
2026-06-16,STR004,PRD041,5,490.00
2026-06-16,STR004,PRD042,7,910.00
2026-06-16,STR004,PRD043,5,1050.00
2026-06-16,STR004,PRD044,5,550.00
2026-06-16,STR004,PRD045,7,1225.00
2026-06-16,STR004,PRD046,4,640.00
2026-06-16,STR004,PRD047,5,280.00
2026-06-16,STR004,PRD048,3,210.00
2026-06-16,STR004,PRD049,3,174.00
2026-06-16,STR004,PRD050,8,760.00
2026-06-16,STR004,PRD051,9,810.00
2026-06-16,STR004,PRD052,7,980.00
2026-06-16,STR004,PRD053,7,3150.00
2026-06-16,STR004,PRD054,3,1950.00
2026-06-16,STR004,PRD055,2,780.00
2026-06-17,STR001,PRD001,8,4400.00
2026-06-17,STR001,PRD002,8,1320.00
2026-06-17,STR001,PRD003,5,1225.00
2026-06-17,STR001,PRD004,10,600.00
2026-06-17,STR001,PRD005,6,2280.00
2026-06-17,STR001,PRD006,8,1400.00
2026-06-17,STR001,PRD007,8,224.00
2026-06-17,STR001,PRD008,2,104.00
2026-06-17,STR001,PRD009,3,135.00
2026-06-17,STR001,PRD010,1,38.00
2026-06-17,STR001,PRD011,4,440.00
2026-06-17,STR001,PRD012,4,880.00
2026-06-17,STR001,PRD013,3,195.00
2026-06-17,STR001,PRD014,2,80.00
2026-06-17,STR001,PRD015,7,140.00
2026-06-17,STR001,PRD016,3,870.00
2026-06-17,STR001,PRD017,4,200.00
2026-06-17,STR001,PRD018,6,750.00
2026-06-17,STR001,PRD019,7,1365.00
2026-06-17,STR001,PRD020,4,140.00
2026-06-17,STR001,PRD021,6,270.00
2026-06-17,STR001,PRD022,4,1120.00
2026-06-17,STR001,PRD023,6,1920.00
2026-06-17,STR001,PRD024,5,750.00
2026-06-17,STR001,PRD025,6,360.00
2026-06-17,STR001,PRD026,4,300.00
2026-06-17,STR001,PRD027,4,160.00
2026-06-17,STR001,PRD028,3,90.00
2026-06-17,STR001,PRD029,5,1200.00
2026-06-17,STR001,PRD030,6,1110.00
2026-06-17,STR001,PRD031,4,380.00
2026-06-17,STR001,PRD032,6,720.00
2026-06-17,STR001,PRD033,6,510.00
2026-06-17,STR001,PRD034,8,2080.00
2026-06-17,STR001,PRD035,5,2100.00
2026-06-17,STR001,PRD036,4,840.00
2026-06-17,STR001,PRD037,6,1194.00
2026-06-17,STR001,PRD038,3,345.00
2026-06-17,STR001,PRD039,4,720.00
2026-06-17,STR001,PRD040,4,580.00
2026-06-17,STR001,PRD041,4,392.00
2026-06-17,STR001,PRD042,1,130.00
2026-06-17,STR001,PRD043,4,840.00
2026-06-17,STR001,PRD044,6,660.00
2026-06-17,STR001,PRD045,4,700.00
2026-06-17,STR001,PRD046,6,960.00
2026-06-17,STR001,PRD047,2,112.00
2026-06-17,STR001,PRD048,6,420.00
2026-06-17,STR001,PRD049,4,232.00
2026-06-17,STR001,PRD050,5,475.00
2026-06-17,STR001,PRD052,6,840.00
2026-06-17,STR001,PRD054,9,5850.00
2026-06-17,STR001,PRD055,7,2730.00
2026-06-17,STR002,PRD001,7,3850.00
2026-06-17,STR002,PRD002,3,495.00
2026-06-17,STR002,PRD003,7,1715.00
2026-06-17,STR002,PRD004,4,240.00
2026-06-17,STR002,PRD005,3,1140.00
2026-06-17,STR002,PRD006,8,1400.00
2026-06-17,STR002,PRD007,4,112.00
2026-06-17,STR002,PRD008,7,364.00
2026-06-17,STR002,PRD009,8,360.00
2026-06-17,STR002,PRD010,8,304.00
2026-06-17,STR002,PRD011,8,880.00
2026-06-17,STR002,PRD012,6,1320.00
2026-06-17,STR002,PRD013,2,130.00
2026-06-17,STR002,PRD014,2,80.00
2026-06-17,STR002,PRD015,5,100.00
2026-06-17,STR002,PRD016,3,870.00
2026-06-17,STR002,PRD017,6,300.00
2026-06-17,STR002,PRD018,6,750.00
2026-06-17,STR002,PRD019,3,585.00
2026-06-17,STR002,PRD020,7,245.00
2026-06-17,STR002,PRD021,8,360.00
2026-06-17,STR002,PRD022,13,3640.00
2026-06-17,STR002,PRD023,3,960.00
2026-06-17,STR002,PRD024,5,750.00
2026-06-17,STR002,PRD025,3,180.00
2026-06-17,STR002,PRD026,4,300.00
2026-06-17,STR002,PRD027,6,240.00
2026-06-17,STR002,PRD028,5,150.00
2026-06-17,STR002,PRD029,7,1680.00
2026-06-17,STR002,PRD030,3,555.00
2026-06-17,STR002,PRD031,2,190.00
2026-06-17,STR002,PRD032,8,960.00
2026-06-17,STR002,PRD033,4,340.00
2026-06-17,STR002,PRD034,4,1040.00
2026-06-17,STR002,PRD035,5,2100.00
2026-06-17,STR002,PRD036,3,630.00
2026-06-17,STR002,PRD037,6,1194.00
2026-06-17,STR002,PRD038,8,920.00
2026-06-17,STR002,PRD039,6,1080.00
2026-06-17,STR002,PRD040,1,145.00
2026-06-17,STR002,PRD041,7,686.00
2026-06-17,STR002,PRD042,9,1170.00
2026-06-17,STR002,PRD044,8,880.00
2026-06-17,STR002,PRD045,4,700.00
2026-06-17,STR002,PRD046,4,640.00
2026-06-17,STR002,PRD047,5,280.00
2026-06-17,STR002,PRD048,11,770.00
2026-06-17,STR002,PRD049,7,406.00
2026-06-17,STR002,PRD050,6,570.00
2026-06-17,STR002,PRD051,8,720.00
2026-06-17,STR002,PRD053,3,1350.00
2026-06-17,STR002,PRD054,3,1950.00
2026-06-17,STR002,PRD055,9,3510.00
2026-06-17,STR003,PRD001,4,2200.00
2026-06-17,STR003,PRD002,4,660.00
2026-06-17,STR003,PRD003,7,1715.00
2026-06-17,STR003,PRD004,4,240.00
2026-06-17,STR003,PRD005,8,3040.00
2026-06-17,STR003,PRD006,6,1050.00
2026-06-17,STR003,PRD007,5,140.00
2026-06-17,STR003,PRD008,7,364.00
2026-06-17,STR003,PRD009,7,315.00
2026-06-17,STR003,PRD010,6,228.00
2026-06-17,STR003,PRD011,7,770.00
2026-06-17,STR003,PRD012,4,880.00
2026-06-17,STR003,PRD013,5,325.00
2026-06-17,STR003,PRD014,5,200.00
2026-06-17,STR003,PRD015,4,80.00
2026-06-17,STR003,PRD016,3,870.00
2026-06-17,STR003,PRD017,5,250.00
2026-06-17,STR003,PRD018,6,750.00
2026-06-17,STR003,PRD019,8,1560.00
2026-06-17,STR003,PRD020,4,140.00
2026-06-17,STR003,PRD021,5,225.00
2026-06-17,STR003,PRD022,2,560.00
2026-06-17,STR003,PRD024,5,750.00
2026-06-17,STR003,PRD025,4,240.00
2026-06-17,STR003,PRD026,5,375.00
2026-06-17,STR003,PRD027,3,120.00
2026-06-17,STR003,PRD028,4,120.00
2026-06-17,STR003,PRD029,6,1440.00
2026-06-17,STR003,PRD030,4,740.00
2026-06-17,STR003,PRD031,8,760.00
2026-06-17,STR003,PRD032,5,600.00
2026-06-17,STR003,PRD033,5,425.00
2026-06-17,STR003,PRD034,4,1040.00
2026-06-17,STR003,PRD036,3,630.00
2026-06-17,STR003,PRD037,4,796.00
2026-06-17,STR003,PRD038,6,690.00
2026-06-17,STR003,PRD039,5,900.00
2026-06-17,STR003,PRD040,4,580.00
2026-06-17,STR003,PRD041,7,686.00
2026-06-17,STR003,PRD042,7,910.00
2026-06-17,STR003,PRD043,7,1470.00
2026-06-17,STR003,PRD044,3,330.00
2026-06-17,STR003,PRD045,2,350.00
2026-06-17,STR003,PRD046,5,800.00
2026-06-17,STR003,PRD047,3,168.00
2026-06-17,STR003,PRD048,6,420.00
2026-06-17,STR003,PRD049,5,290.00
2026-06-17,STR003,PRD050,6,570.00
2026-06-17,STR003,PRD051,3,270.00
2026-06-17,STR003,PRD052,4,560.00
2026-06-17,STR003,PRD053,6,2700.00
2026-06-17,STR003,PRD054,6,3900.00
2026-06-17,STR003,PRD055,4,1560.00
2026-06-17,STR004,PRD001,2,1100.00
2026-06-17,STR004,PRD002,6,990.00
2026-06-17,STR004,PRD003,7,1715.00
2026-06-17,STR004,PRD004,3,180.00
2026-06-17,STR004,PRD005,6,2280.00
2026-06-17,STR004,PRD006,9,1575.00
2026-06-17,STR004,PRD007,3,84.00
2026-06-17,STR004,PRD008,4,208.00
2026-06-17,STR004,PRD009,5,225.00
2026-06-17,STR004,PRD010,5,190.00
2026-06-17,STR004,PRD011,2,220.00
2026-06-17,STR004,PRD012,2,440.00
2026-06-17,STR004,PRD013,3,195.00
2026-06-17,STR004,PRD014,6,240.00
2026-06-17,STR004,PRD015,3,60.00
2026-06-17,STR004,PRD016,6,1740.00
2026-06-17,STR004,PRD017,14,700.00
2026-06-17,STR004,PRD018,7,875.00
2026-06-17,STR004,PRD020,6,210.00
2026-06-17,STR004,PRD021,6,270.00
2026-06-17,STR004,PRD022,7,1960.00
2026-06-17,STR004,PRD023,2,640.00
2026-06-17,STR004,PRD024,2,300.00
2026-06-17,STR004,PRD025,4,240.00
2026-06-17,STR004,PRD026,5,375.00
2026-06-17,STR004,PRD027,5,200.00
2026-06-17,STR004,PRD028,6,180.00
2026-06-17,STR004,PRD029,8,1920.00
2026-06-17,STR004,PRD030,3,555.00
2026-06-17,STR004,PRD031,7,665.00
2026-06-17,STR004,PRD032,7,840.00
2026-06-17,STR004,PRD033,5,425.00
2026-06-17,STR004,PRD034,7,1820.00
2026-06-17,STR004,PRD035,6,2520.00
2026-06-17,STR004,PRD036,6,1260.00
2026-06-17,STR004,PRD037,7,1393.00
2026-06-17,STR004,PRD038,4,460.00
2026-06-17,STR004,PRD039,4,720.00
2026-06-17,STR004,PRD041,5,490.00
2026-06-17,STR004,PRD042,3,390.00
2026-06-17,STR004,PRD043,2,420.00
2026-06-17,STR004,PRD044,7,770.00
2026-06-17,STR004,PRD045,6,1050.00
2026-06-17,STR004,PRD046,3,480.00
2026-06-17,STR004,PRD047,5,280.00
2026-06-17,STR004,PRD048,4,280.00
2026-06-17,STR004,PRD049,5,290.00
2026-06-17,STR004,PRD050,8,760.00
2026-06-17,STR004,PRD051,9,810.00
2026-06-17,STR004,PRD052,3,420.00
2026-06-17,STR004,PRD053,4,1800.00
2026-06-17,STR004,PRD054,5,3250.00
2026-06-17,STR004,PRD055,3,1170.00
2026-06-18,STR001,PRD001,8,4400.00
2026-06-18,STR001,PRD002,12,1980.00
2026-06-18,STR001,PRD003,2,490.00
2026-06-18,STR001,PRD004,11,660.00
2026-06-18,STR001,PRD005,6,2280.00
2026-06-18,STR001,PRD006,8,1400.00
2026-06-18,STR001,PRD007,7,196.00
2026-06-18,STR001,PRD008,3,156.00
2026-06-18,STR001,PRD009,6,270.00
2026-06-18,STR001,PRD010,4,152.00
2026-06-18,STR001,PRD011,5,550.00
2026-06-18,STR001,PRD012,6,1320.00
2026-06-18,STR001,PRD013,3,195.00
2026-06-18,STR001,PRD014,3,120.00
2026-06-18,STR001,PRD015,7,140.00
2026-06-18,STR001,PRD016,5,1450.00
2026-06-18,STR001,PRD017,6,300.00
2026-06-18,STR001,PRD018,7,875.00
2026-06-18,STR001,PRD019,7,1365.00
2026-06-18,STR001,PRD020,5,175.00
2026-06-18,STR001,PRD021,4,180.00
2026-06-18,STR001,PRD022,4,1120.00
2026-06-18,STR001,PRD023,6,1920.00
2026-06-18,STR001,PRD024,4,600.00
2026-06-18,STR001,PRD025,9,540.00
2026-06-18,STR001,PRD026,6,450.00
2026-06-18,STR001,PRD027,5,200.00
2026-06-18,STR001,PRD028,3,90.00
2026-06-18,STR001,PRD029,6,1440.00
2026-06-18,STR001,PRD030,3,555.00
2026-06-18,STR001,PRD031,7,665.00
2026-06-18,STR001,PRD032,4,480.00
2026-06-18,STR001,PRD033,5,425.00
2026-06-18,STR001,PRD034,7,1820.00
2026-06-18,STR001,PRD035,5,2100.00
2026-06-18,STR001,PRD036,5,1050.00
2026-06-18,STR001,PRD037,6,1194.00
2026-06-18,STR001,PRD038,1,115.00
2026-06-18,STR001,PRD039,5,900.00
2026-06-18,STR001,PRD040,4,580.00
2026-06-18,STR001,PRD041,8,784.00
2026-06-18,STR001,PRD042,2,260.00
2026-06-18,STR001,PRD043,2,420.00
2026-06-18,STR001,PRD044,6,660.00
2026-06-18,STR001,PRD045,4,700.00
2026-06-18,STR001,PRD046,4,640.00
2026-06-18,STR001,PRD047,2,112.00
2026-06-18,STR001,PRD048,2,140.00
2026-06-18,STR001,PRD049,7,406.00
2026-06-18,STR001,PRD050,4,380.00
2026-06-18,STR001,PRD052,4,560.00
2026-06-18,STR001,PRD054,8,5200.00
2026-06-18,STR001,PRD055,7,2730.00
2026-06-18,STR002,PRD001,3,1650.00
2026-06-18,STR002,PRD002,6,990.00
2026-06-18,STR002,PRD003,8,1960.00
2026-06-18,STR002,PRD004,3,180.00
2026-06-18,STR002,PRD005,5,1900.00
2026-06-18,STR002,PRD006,6,1050.00
2026-06-18,STR002,PRD007,8,224.00
2026-06-18,STR002,PRD008,6,312.00
2026-06-18,STR002,PRD009,6,270.00
2026-06-18,STR002,PRD010,8,304.00
2026-06-18,STR002,PRD011,6,660.00
2026-06-18,STR002,PRD012,3,660.00
2026-06-18,STR002,PRD013,5,325.00
2026-06-18,STR002,PRD014,3,120.00
2026-06-18,STR002,PRD015,4,80.00
2026-06-18,STR002,PRD016,2,580.00
2026-06-18,STR002,PRD017,8,400.00
2026-06-18,STR002,PRD018,6,750.00
2026-06-18,STR002,PRD019,4,780.00
2026-06-18,STR002,PRD020,10,350.00
2026-06-18,STR002,PRD021,9,405.00
2026-06-18,STR002,PRD022,12,3360.00
2026-06-18,STR002,PRD023,3,960.00
2026-06-18,STR002,PRD024,3,450.00
2026-06-18,STR002,PRD025,4,240.00
2026-06-18,STR002,PRD026,4,300.00
2026-06-18,STR002,PRD027,4,160.00
2026-06-18,STR002,PRD028,6,180.00
2026-06-18,STR002,PRD029,7,1680.00
2026-06-18,STR002,PRD030,5,925.00
2026-06-18,STR002,PRD031,4,380.00
2026-06-18,STR002,PRD032,9,1080.00
2026-06-18,STR002,PRD033,2,170.00
2026-06-18,STR002,PRD034,4,1040.00
2026-06-18,STR002,PRD035,1,420.00
2026-06-18,STR002,PRD036,4,840.00
2026-06-18,STR002,PRD037,4,796.00
2026-06-18,STR002,PRD038,8,920.00
2026-06-18,STR002,PRD039,7,1260.00
2026-06-18,STR002,PRD040,5,725.00
2026-06-18,STR002,PRD041,3,294.00
2026-06-18,STR002,PRD042,8,1040.00
2026-06-18,STR002,PRD044,9,990.00
2026-06-18,STR002,PRD045,4,700.00
2026-06-18,STR002,PRD046,4,640.00
2026-06-18,STR002,PRD047,8,448.00
2026-06-18,STR002,PRD048,12,840.00
2026-06-18,STR002,PRD049,6,348.00
2026-06-18,STR002,PRD050,2,190.00
2026-06-18,STR002,PRD051,5,450.00
2026-06-18,STR002,PRD053,4,1800.00
2026-06-18,STR002,PRD054,4,2600.00
2026-06-18,STR002,PRD055,7,2730.00
2026-06-18,STR003,PRD001,8,4400.00
2026-06-18,STR003,PRD002,6,990.00
2026-06-18,STR003,PRD003,6,1470.00
2026-06-18,STR003,PRD004,3,180.00
2026-06-18,STR003,PRD005,7,2660.00
2026-06-18,STR003,PRD006,5,875.00
2026-06-18,STR003,PRD007,2,56.00
2026-06-18,STR003,PRD008,7,364.00
2026-06-18,STR003,PRD009,5,225.00
2026-06-18,STR003,PRD010,3,114.00
2026-06-18,STR003,PRD011,6,660.00
2026-06-18,STR003,PRD012,4,880.00
2026-06-18,STR003,PRD013,4,260.00
2026-06-18,STR003,PRD014,6,240.00
2026-06-18,STR003,PRD015,3,60.00
2026-06-18,STR003,PRD016,3,870.00
2026-06-18,STR003,PRD017,2,100.00
2026-06-18,STR003,PRD018,6,750.00
2026-06-18,STR003,PRD019,6,1170.00
2026-06-18,STR003,PRD020,7,245.00
2026-06-18,STR003,PRD021,2,90.00
2026-06-18,STR003,PRD022,1,280.00
2026-06-18,STR003,PRD023,3,960.00
2026-06-18,STR003,PRD024,8,1200.00
2026-06-18,STR003,PRD025,4,240.00
2026-06-18,STR003,PRD026,6,450.00
2026-06-18,STR003,PRD027,4,160.00
2026-06-18,STR003,PRD028,7,210.00
2026-06-18,STR003,PRD029,7,1680.00
2026-06-18,STR003,PRD030,2,370.00
2026-06-18,STR003,PRD031,6,570.00
2026-06-18,STR003,PRD032,7,840.00
2026-06-18,STR003,PRD033,3,255.00
2026-06-18,STR003,PRD034,6,1560.00
2026-06-18,STR003,PRD036,4,840.00
2026-06-18,STR003,PRD037,7,1393.00
2026-06-18,STR003,PRD038,5,575.00
2026-06-18,STR003,PRD039,2,360.00
2026-06-18,STR003,PRD040,2,290.00
2026-06-18,STR003,PRD041,6,588.00
2026-06-18,STR003,PRD042,5,650.00
2026-06-18,STR003,PRD043,5,1050.00
2026-06-18,STR003,PRD044,5,550.00
2026-06-18,STR003,PRD045,2,350.00
2026-06-18,STR003,PRD046,2,320.00
2026-06-18,STR003,PRD047,5,280.00
2026-06-18,STR003,PRD048,7,490.00
2026-06-18,STR003,PRD049,6,348.00
2026-06-18,STR003,PRD050,4,380.00
2026-06-18,STR003,PRD051,2,180.00
2026-06-18,STR003,PRD052,4,560.00
2026-06-18,STR003,PRD053,2,900.00
2026-06-18,STR003,PRD054,7,4550.00
2026-06-18,STR003,PRD055,6,2340.00
2026-06-18,STR004,PRD001,2,1100.00
2026-06-18,STR004,PRD002,6,990.00
2026-06-18,STR004,PRD003,8,1960.00
2026-06-18,STR004,PRD004,6,360.00
2026-06-18,STR004,PRD005,4,1520.00
2026-06-18,STR004,PRD006,8,1400.00
2026-06-18,STR004,PRD007,4,112.00
2026-06-18,STR004,PRD008,5,260.00
2026-06-18,STR004,PRD009,7,315.00
2026-06-18,STR004,PRD010,6,228.00
2026-06-18,STR004,PRD011,3,330.00
2026-06-18,STR004,PRD012,2,440.00
2026-06-18,STR004,PRD013,6,390.00
2026-06-18,STR004,PRD014,3,120.00
2026-06-18,STR004,PRD015,4,80.00
2026-06-18,STR004,PRD016,5,1450.00
2026-06-18,STR004,PRD017,14,700.00
2026-06-18,STR004,PRD018,6,750.00
2026-06-18,STR004,PRD020,7,245.00
2026-06-18,STR004,PRD021,6,270.00
2026-06-18,STR004,PRD022,5,1400.00
2026-06-18,STR004,PRD023,2,640.00
2026-06-18,STR004,PRD024,4,600.00
2026-06-18,STR004,PRD025,3,180.00
2026-06-18,STR004,PRD026,6,450.00
2026-06-18,STR004,PRD027,4,160.00
2026-06-18,STR004,PRD028,6,180.00
2026-06-18,STR004,PRD029,9,2160.00
2026-06-18,STR004,PRD030,2,370.00
2026-06-18,STR004,PRD031,8,760.00
2026-06-18,STR004,PRD032,3,360.00
2026-06-18,STR004,PRD033,1,85.00
2026-06-18,STR004,PRD034,5,1300.00
2026-06-18,STR004,PRD035,4,1680.00
2026-06-18,STR004,PRD036,5,1050.00
2026-06-18,STR004,PRD037,8,1592.00
2026-06-18,STR004,PRD038,7,805.00
2026-06-18,STR004,PRD039,5,900.00
2026-06-18,STR004,PRD041,6,588.00
2026-06-18,STR004,PRD042,5,650.00
2026-06-18,STR004,PRD043,4,840.00
2026-06-18,STR004,PRD044,4,440.00
2026-06-18,STR004,PRD045,6,1050.00
2026-06-18,STR004,PRD046,2,320.00
2026-06-18,STR004,PRD047,6,336.00
2026-06-18,STR004,PRD048,6,420.00
2026-06-18,STR004,PRD049,3,174.00
2026-06-18,STR004,PRD050,9,855.00
2026-06-18,STR004,PRD051,7,630.00
2026-06-18,STR004,PRD052,7,980.00
2026-06-18,STR004,PRD053,8,3600.00
2026-06-18,STR004,PRD054,3,1950.00
2026-06-18,STR004,PRD055,5,1950.00
2026-06-19,STR001,PRD001,6,3300.00
2026-06-19,STR001,PRD002,12,1980.00
2026-06-19,STR001,PRD003,6,1470.00
2026-06-19,STR001,PRD004,10,600.00
2026-06-19,STR001,PRD005,6,2280.00
2026-06-19,STR001,PRD006,4,700.00
2026-06-19,STR001,PRD007,5,140.00
2026-06-19,STR001,PRD008,4,208.00
2026-06-19,STR001,PRD009,4,180.00
2026-06-19,STR001,PRD010,5,190.00
2026-06-19,STR001,PRD011,4,440.00
2026-06-19,STR001,PRD012,5,1100.00
2026-06-19,STR001,PRD013,5,325.00
2026-06-19,STR001,PRD014,3,120.00
2026-06-19,STR001,PRD015,6,120.00
2026-06-19,STR001,PRD016,6,1740.00
2026-06-19,STR001,PRD017,4,200.00
2026-06-19,STR001,PRD018,4,500.00
2026-06-19,STR001,PRD019,4,780.00
2026-06-19,STR001,PRD020,5,175.00
2026-06-19,STR001,PRD021,7,315.00
2026-06-19,STR001,PRD022,5,1400.00
2026-06-19,STR001,PRD023,5,1600.00
2026-06-19,STR001,PRD024,4,600.00
2026-06-19,STR001,PRD025,6,360.00
2026-06-19,STR001,PRD026,2,150.00
2026-06-19,STR001,PRD027,1,40.00
2026-06-19,STR001,PRD028,1,30.00
2026-06-19,STR001,PRD029,4,960.00
2026-06-19,STR001,PRD030,7,1295.00
2026-06-19,STR001,PRD031,7,665.00
2026-06-19,STR001,PRD032,5,600.00
2026-06-19,STR001,PRD033,3,255.00
2026-06-19,STR001,PRD034,9,2340.00
2026-06-19,STR001,PRD035,3,1260.00
2026-06-19,STR001,PRD036,3,630.00
2026-06-19,STR001,PRD037,6,1194.00
2026-06-19,STR001,PRD039,7,1260.00
2026-06-19,STR001,PRD040,5,725.00
2026-06-19,STR001,PRD041,6,588.00
2026-06-19,STR001,PRD042,4,520.00
2026-06-19,STR001,PRD043,2,420.00
2026-06-19,STR001,PRD044,2,220.00
2026-06-19,STR001,PRD045,2,350.00
2026-06-19,STR001,PRD046,2,320.00
2026-06-19,STR001,PRD047,3,168.00
2026-06-19,STR001,PRD048,4,280.00
2026-06-19,STR001,PRD049,6,348.00
2026-06-19,STR001,PRD050,5,475.00
2026-06-19,STR001,PRD052,2,280.00
2026-06-19,STR001,PRD053,1,450.00
2026-06-19,STR001,PRD054,5,3250.00
2026-06-19,STR001,PRD055,4,1560.00
2026-06-19,STR002,PRD001,4,2200.00
2026-06-19,STR002,PRD002,3,495.00
2026-06-19,STR002,PRD003,6,1470.00
2026-06-19,STR002,PRD004,4,240.00
2026-06-19,STR002,PRD005,6,2280.00
2026-06-19,STR002,PRD006,9,1575.00
2026-06-19,STR002,PRD007,6,168.00
2026-06-19,STR002,PRD008,3,156.00
2026-06-19,STR002,PRD009,6,270.00
2026-06-19,STR002,PRD010,6,228.00
2026-06-19,STR002,PRD011,5,550.00
2026-06-19,STR002,PRD012,2,440.00
2026-06-19,STR002,PRD013,4,260.00
2026-06-19,STR002,PRD014,5,200.00
2026-06-19,STR002,PRD015,5,100.00
2026-06-19,STR002,PRD016,4,1160.00
2026-06-19,STR002,PRD017,8,400.00
2026-06-19,STR002,PRD018,8,1000.00
2026-06-19,STR002,PRD019,5,975.00
2026-06-19,STR002,PRD020,7,245.00
2026-06-19,STR002,PRD021,8,360.00
2026-06-19,STR002,PRD022,11,3080.00
2026-06-19,STR002,PRD023,3,960.00
2026-06-19,STR002,PRD024,3,450.00
2026-06-19,STR002,PRD025,2,120.00
2026-06-19,STR002,PRD026,6,450.00
2026-06-19,STR002,PRD027,6,240.00
2026-06-19,STR002,PRD028,6,180.00
2026-06-19,STR002,PRD029,9,2160.00
2026-06-19,STR002,PRD030,6,1110.00
2026-06-19,STR002,PRD031,3,285.00
2026-06-19,STR002,PRD032,9,1080.00
2026-06-19,STR002,PRD033,2,170.00
2026-06-19,STR002,PRD034,3,780.00
2026-06-19,STR002,PRD035,5,2100.00
2026-06-19,STR002,PRD036,1,210.00
2026-06-19,STR002,PRD037,5,995.00
2026-06-19,STR002,PRD038,7,805.00
2026-06-19,STR002,PRD039,6,1080.00
2026-06-19,STR002,PRD040,1,145.00
2026-06-19,STR002,PRD041,6,588.00
2026-06-19,STR002,PRD042,8,1040.00
2026-06-19,STR002,PRD043,1,210.00
2026-06-19,STR002,PRD044,7,770.00
2026-06-19,STR002,PRD045,6,1050.00
2026-06-19,STR002,PRD046,1,160.00
2026-06-19,STR002,PRD047,8,448.00
2026-06-19,STR002,PRD048,14,980.00
2026-06-19,STR002,PRD049,7,406.00
2026-06-19,STR002,PRD050,3,285.00
2026-06-19,STR002,PRD051,6,540.00
2026-06-19,STR002,PRD053,7,3150.00
2026-06-19,STR002,PRD054,7,4550.00
2026-06-19,STR002,PRD055,9,3510.00
2026-06-19,STR003,PRD001,4,2200.00
2026-06-19,STR003,PRD002,5,825.00
2026-06-19,STR003,PRD003,4,980.00
2026-06-19,STR003,PRD004,5,300.00
2026-06-19,STR003,PRD005,7,2660.00
2026-06-19,STR003,PRD006,7,1225.00
2026-06-19,STR003,PRD007,3,84.00
2026-06-19,STR003,PRD008,8,416.00
2026-06-19,STR003,PRD009,7,315.00
2026-06-19,STR003,PRD010,2,76.00
2026-06-19,STR003,PRD011,4,440.00
2026-06-19,STR003,PRD012,5,1100.00
2026-06-19,STR003,PRD013,8,520.00
2026-06-19,STR003,PRD014,6,240.00
2026-06-19,STR003,PRD015,4,80.00
2026-06-19,STR003,PRD016,3,870.00
2026-06-19,STR003,PRD017,1,50.00
2026-06-19,STR003,PRD018,5,625.00
2026-06-19,STR003,PRD019,7,1365.00
2026-06-19,STR003,PRD020,5,175.00
2026-06-19,STR003,PRD021,4,180.00
2026-06-19,STR003,PRD022,2,560.00
2026-06-19,STR003,PRD024,9,1350.00
2026-06-19,STR003,PRD025,2,120.00
2026-06-19,STR003,PRD026,7,525.00
2026-06-19,STR003,PRD027,4,160.00
2026-06-19,STR003,PRD028,7,210.00
2026-06-19,STR003,PRD029,5,1200.00
2026-06-19,STR003,PRD030,2,370.00
2026-06-19,STR003,PRD031,8,760.00
2026-06-19,STR003,PRD032,6,720.00
2026-06-19,STR003,PRD033,6,510.00
2026-06-19,STR003,PRD034,7,1820.00
2026-06-19,STR003,PRD036,5,1050.00
2026-06-19,STR003,PRD037,6,1194.00
2026-06-19,STR003,PRD038,6,690.00
2026-06-19,STR003,PRD039,2,360.00
2026-06-19,STR003,PRD040,5,725.00
2026-06-19,STR003,PRD041,5,490.00
2026-06-19,STR003,PRD042,4,520.00
2026-06-19,STR003,PRD043,6,1260.00
2026-06-19,STR003,PRD044,6,660.00
2026-06-19,STR003,PRD045,1,175.00
2026-06-19,STR003,PRD046,6,960.00
2026-06-19,STR003,PRD047,6,336.00
2026-06-19,STR003,PRD048,3,210.00
2026-06-19,STR003,PRD049,2,116.00
2026-06-19,STR003,PRD050,6,570.00
2026-06-19,STR003,PRD051,5,450.00
2026-06-19,STR003,PRD052,6,840.00
2026-06-19,STR003,PRD053,6,2700.00
2026-06-19,STR003,PRD054,9,5850.00
2026-06-19,STR003,PRD055,5,1950.00
2026-06-19,STR004,PRD001,2,1100.00
2026-06-19,STR004,PRD002,4,660.00
2026-06-19,STR004,PRD003,6,1470.00
2026-06-19,STR004,PRD004,2,120.00
2026-06-19,STR004,PRD005,3,1140.00
2026-06-19,STR004,PRD006,8,1400.00
2026-06-19,STR004,PRD007,5,140.00
2026-06-19,STR004,PRD008,7,364.00
2026-06-19,STR004,PRD009,8,360.00
2026-06-19,STR004,PRD010,8,304.00
2026-06-19,STR004,PRD011,5,550.00
2026-06-19,STR004,PRD012,3,660.00
2026-06-19,STR004,PRD013,6,390.00
2026-06-19,STR004,PRD014,3,120.00
2026-06-19,STR004,PRD015,3,60.00
2026-06-19,STR004,PRD016,5,1450.00
2026-06-19,STR004,PRD017,13,650.00
2026-06-19,STR004,PRD018,7,875.00
2026-06-19,STR004,PRD020,5,175.00
2026-06-19,STR004,PRD021,6,270.00
2026-06-19,STR004,PRD022,8,2240.00
2026-06-19,STR004,PRD023,4,1280.00
2026-06-19,STR004,PRD024,2,300.00
2026-06-19,STR004,PRD025,3,180.00
2026-06-19,STR004,PRD026,4,300.00
2026-06-19,STR004,PRD027,5,200.00
2026-06-19,STR004,PRD028,3,90.00
2026-06-19,STR004,PRD029,8,1920.00
2026-06-19,STR004,PRD030,2,370.00
2026-06-19,STR004,PRD031,6,570.00
2026-06-19,STR004,PRD032,7,840.00
2026-06-19,STR004,PRD033,2,170.00
2026-06-19,STR004,PRD034,6,1560.00
2026-06-19,STR004,PRD035,4,1680.00
2026-06-19,STR004,PRD036,8,1680.00
2026-06-19,STR004,PRD037,6,1194.00
2026-06-19,STR004,PRD038,7,805.00
2026-06-19,STR004,PRD039,3,540.00
2026-06-19,STR004,PRD040,1,145.00
2026-06-19,STR004,PRD041,2,196.00
2026-06-19,STR004,PRD042,6,780.00
2026-06-19,STR004,PRD043,1,210.00
2026-06-19,STR004,PRD044,7,770.00
2026-06-19,STR004,PRD045,5,875.00
2026-06-19,STR004,PRD046,5,800.00
2026-06-19,STR004,PRD047,7,392.00
2026-06-19,STR004,PRD048,7,490.00
2026-06-19,STR004,PRD049,7,406.00
2026-06-19,STR004,PRD050,6,570.00
2026-06-19,STR004,PRD051,8,720.00
2026-06-19,STR004,PRD052,3,420.00
2026-06-19,STR004,PRD053,8,3600.00
2026-06-19,STR004,PRD054,2,1300.00
2026-06-19,STR004,PRD055,6,2340.00
2026-06-20,STR001,PRD001,10,5500.00
2026-06-20,STR001,PRD002,12,1980.00
2026-06-20,STR001,PRD003,5,1225.00
2026-06-20,STR001,PRD004,14,840.00
2026-06-20,STR001,PRD005,5,1900.00
2026-06-20,STR001,PRD006,8,1400.00
2026-06-20,STR001,PRD007,6,168.00
2026-06-20,STR001,PRD008,2,104.00
2026-06-20,STR001,PRD009,3,135.00
2026-06-20,STR001,PRD010,4,152.00
2026-06-20,STR001,PRD011,7,770.00
2026-06-20,STR001,PRD012,7,1540.00
2026-06-20,STR001,PRD013,3,195.00
2026-06-20,STR001,PRD014,6,240.00
2026-06-20,STR001,PRD015,7,140.00
2026-06-20,STR001,PRD016,6,1740.00
2026-06-20,STR001,PRD017,6,300.00
2026-06-20,STR001,PRD018,4,500.00
2026-06-20,STR001,PRD019,6,1170.00
2026-06-20,STR001,PRD020,4,140.00
2026-06-20,STR001,PRD021,6,270.00
2026-06-20,STR001,PRD022,6,1680.00
2026-06-20,STR001,PRD023,5,1600.00
2026-06-20,STR001,PRD024,3,450.00
2026-06-20,STR001,PRD025,6,360.00
2026-06-20,STR001,PRD026,5,375.00
2026-06-20,STR001,PRD027,5,200.00
2026-06-20,STR001,PRD028,5,150.00
2026-06-20,STR001,PRD029,6,1440.00
2026-06-20,STR001,PRD030,7,1295.00
2026-06-20,STR001,PRD031,6,570.00
2026-06-20,STR001,PRD032,8,960.00
2026-06-20,STR001,PRD033,4,340.00
2026-06-20,STR001,PRD034,6,1560.00
2026-06-20,STR001,PRD035,4,1680.00
2026-06-20,STR001,PRD036,7,1470.00
2026-06-20,STR001,PRD037,6,1194.00
2026-06-20,STR001,PRD038,1,115.00
2026-06-20,STR001,PRD039,5,900.00
2026-06-20,STR001,PRD040,4,580.00
2026-06-20,STR001,PRD041,8,784.00
2026-06-20,STR001,PRD042,5,650.00
2026-06-20,STR001,PRD043,4,840.00
2026-06-20,STR001,PRD044,2,220.00
2026-06-20,STR001,PRD045,3,525.00
2026-06-20,STR001,PRD046,6,960.00
2026-06-20,STR001,PRD047,4,224.00
2026-06-20,STR001,PRD048,6,420.00
2026-06-20,STR001,PRD049,8,464.00
2026-06-20,STR001,PRD050,5,475.00
2026-06-20,STR001,PRD052,6,840.00
2026-06-20,STR001,PRD054,8,5200.00
2026-06-20,STR001,PRD055,4,1560.00
2026-06-20,STR002,PRD001,7,3850.00
2026-06-20,STR002,PRD002,2,330.00
2026-06-20,STR002,PRD003,4,980.00
2026-06-20,STR002,PRD004,5,300.00
2026-06-20,STR002,PRD005,4,1520.00
2026-06-20,STR002,PRD006,5,875.00
2026-06-20,STR002,PRD007,4,112.00
2026-06-20,STR002,PRD008,4,208.00
2026-06-20,STR002,PRD009,6,270.00
2026-06-20,STR002,PRD010,5,190.00
2026-06-20,STR002,PRD011,6,660.00
2026-06-20,STR002,PRD012,4,880.00
2026-06-20,STR002,PRD013,2,130.00
2026-06-20,STR002,PRD014,2,80.00
2026-06-20,STR002,PRD015,4,80.00
2026-06-20,STR002,PRD016,3,870.00
2026-06-20,STR002,PRD017,9,450.00
2026-06-20,STR002,PRD018,5,625.00
2026-06-20,STR002,PRD019,4,780.00
2026-06-20,STR002,PRD020,9,315.00
2026-06-20,STR002,PRD021,8,360.00
2026-06-20,STR002,PRD022,14,3920.00
2026-06-20,STR002,PRD023,7,2240.00
2026-06-20,STR002,PRD024,3,450.00
2026-06-20,STR002,PRD025,6,360.00
2026-06-20,STR002,PRD026,6,450.00
2026-06-20,STR002,PRD027,3,120.00
2026-06-20,STR002,PRD028,7,210.00
2026-06-20,STR002,PRD029,7,1680.00
2026-06-20,STR002,PRD030,3,555.00
2026-06-20,STR002,PRD031,5,475.00
2026-06-20,STR002,PRD032,8,960.00
2026-06-20,STR002,PRD033,2,170.00
2026-06-20,STR002,PRD034,3,780.00
2026-06-20,STR002,PRD035,5,2100.00
2026-06-20,STR002,PRD036,1,210.00
2026-06-20,STR002,PRD037,4,796.00
2026-06-20,STR002,PRD038,6,690.00
2026-06-20,STR002,PRD039,4,720.00
2026-06-20,STR002,PRD040,5,725.00
2026-06-20,STR002,PRD041,6,588.00
2026-06-20,STR002,PRD042,6,780.00
2026-06-20,STR002,PRD044,7,770.00
2026-06-20,STR002,PRD045,8,1400.00
2026-06-20,STR002,PRD046,5,800.00
2026-06-20,STR002,PRD047,8,448.00
2026-06-20,STR002,PRD048,11,770.00
2026-06-20,STR002,PRD049,4,232.00
2026-06-20,STR002,PRD050,4,380.00
2026-06-20,STR002,PRD051,7,630.00
2026-06-20,STR002,PRD053,4,1800.00
2026-06-20,STR002,PRD054,3,1950.00
2026-06-20,STR002,PRD055,6,2340.00
2026-06-20,STR003,PRD001,6,3300.00
2026-06-20,STR003,PRD002,6,990.00
2026-06-20,STR003,PRD003,3,735.00
2026-06-20,STR003,PRD004,5,300.00
2026-06-20,STR003,PRD005,5,1900.00
2026-06-20,STR003,PRD006,7,1225.00
2026-06-20,STR003,PRD007,4,112.00
2026-06-20,STR003,PRD008,8,416.00
2026-06-20,STR003,PRD009,5,225.00
2026-06-20,STR003,PRD010,3,114.00
2026-06-20,STR003,PRD011,5,550.00
2026-06-20,STR003,PRD012,8,1760.00
2026-06-20,STR003,PRD013,6,390.00
2026-06-20,STR003,PRD014,3,120.00
2026-06-20,STR003,PRD015,3,60.00
2026-06-20,STR003,PRD016,5,1450.00
2026-06-20,STR003,PRD017,2,100.00
2026-06-20,STR003,PRD018,2,250.00
2026-06-20,STR003,PRD019,6,1170.00
2026-06-20,STR003,PRD020,6,210.00
2026-06-20,STR003,PRD021,6,270.00
2026-06-20,STR003,PRD023,3,960.00
2026-06-20,STR003,PRD024,7,1050.00
2026-06-20,STR003,PRD025,4,240.00
2026-06-20,STR003,PRD026,7,525.00
2026-06-20,STR003,PRD027,5,200.00
2026-06-20,STR003,PRD028,6,180.00
2026-06-20,STR003,PRD029,4,960.00
2026-06-20,STR003,PRD030,4,740.00
2026-06-20,STR003,PRD031,10,950.00
2026-06-20,STR003,PRD032,4,480.00
2026-06-20,STR003,PRD033,3,255.00
2026-06-20,STR003,PRD034,8,2080.00
2026-06-20,STR003,PRD035,1,420.00
2026-06-20,STR003,PRD036,6,1260.00
2026-06-20,STR003,PRD037,4,796.00
2026-06-20,STR003,PRD038,7,805.00
2026-06-20,STR003,PRD039,6,1080.00
2026-06-20,STR003,PRD040,6,870.00
2026-06-20,STR003,PRD041,8,784.00
2026-06-20,STR003,PRD042,4,520.00
2026-06-20,STR003,PRD043,5,1050.00
2026-06-20,STR003,PRD044,4,440.00
2026-06-20,STR003,PRD045,2,350.00
2026-06-20,STR003,PRD046,4,640.00
2026-06-20,STR003,PRD047,4,224.00
2026-06-20,STR003,PRD048,5,350.00
2026-06-20,STR003,PRD049,4,232.00
2026-06-20,STR003,PRD050,3,285.00
2026-06-20,STR003,PRD051,5,450.00
2026-06-20,STR003,PRD052,8,1120.00
2026-06-20,STR003,PRD053,5,2250.00
2026-06-20,STR003,PRD054,9,5850.00
2026-06-20,STR003,PRD055,4,1560.00
2026-06-20,STR004,PRD002,4,660.00
2026-06-20,STR004,PRD003,7,1715.00
2026-06-20,STR004,PRD004,3,180.00
2026-06-20,STR004,PRD005,6,2280.00
2026-06-20,STR004,PRD006,9,1575.00
2026-06-20,STR004,PRD007,4,112.00
2026-06-20,STR004,PRD008,3,156.00
2026-06-20,STR004,PRD009,6,270.00
2026-06-20,STR004,PRD010,7,266.00
2026-06-20,STR004,PRD011,2,220.00
2026-06-20,STR004,PRD012,4,880.00
2026-06-20,STR004,PRD013,5,325.00
2026-06-20,STR004,PRD014,7,280.00
2026-06-20,STR004,PRD015,5,100.00
2026-06-20,STR004,PRD016,4,1160.00
2026-06-20,STR004,PRD017,17,850.00
2026-06-20,STR004,PRD018,7,875.00
2026-06-20,STR004,PRD020,7,245.00
2026-06-20,STR004,PRD021,5,225.00
2026-06-20,STR004,PRD022,7,1960.00
2026-06-20,STR004,PRD023,2,640.00
2026-06-20,STR004,PRD024,4,600.00
2026-06-20,STR004,PRD025,4,240.00
2026-06-20,STR004,PRD026,5,375.00
2026-06-20,STR004,PRD027,6,240.00
2026-06-20,STR004,PRD028,2,60.00
2026-06-20,STR004,PRD029,5,1200.00
2026-06-20,STR004,PRD030,3,555.00
2026-06-20,STR004,PRD031,8,760.00
2026-06-20,STR004,PRD032,7,840.00
2026-06-20,STR004,PRD033,1,85.00
2026-06-20,STR004,PRD034,5,1300.00
2026-06-20,STR004,PRD035,5,2100.00
2026-06-20,STR004,PRD036,6,1260.00
2026-06-20,STR004,PRD037,8,1592.00
2026-06-20,STR004,PRD038,4,460.00
2026-06-20,STR004,PRD039,3,540.00
2026-06-20,STR004,PRD040,3,435.00
2026-06-20,STR004,PRD041,5,490.00
2026-06-20,STR004,PRD042,3,390.00
2026-06-20,STR004,PRD043,2,420.00
2026-06-20,STR004,PRD044,3,330.00
2026-06-20,STR004,PRD045,8,1400.00
2026-06-20,STR004,PRD046,4,640.00
2026-06-20,STR004,PRD047,4,224.00
2026-06-20,STR004,PRD048,3,210.00
2026-06-20,STR004,PRD049,3,174.00
2026-06-20,STR004,PRD050,5,475.00
2026-06-20,STR004,PRD051,6,540.00
2026-06-20,STR004,PRD052,5,700.00
2026-06-20,STR004,PRD053,8,3600.00
2026-06-20,STR004,PRD054,2,1300.00
2026-06-20,STR004,PRD055,6,2340.00
2026-06-21,STR001,PRD001,8,4400.00
2026-06-21,STR001,PRD002,10,1650.00
2026-06-21,STR001,PRD003,5,1225.00
2026-06-21,STR001,PRD004,13,780.00
2026-06-21,STR001,PRD005,7,2660.00
2026-06-21,STR001,PRD006,7,1225.00
2026-06-21,STR001,PRD007,8,224.00
2026-06-21,STR001,PRD008,3,156.00
2026-06-21,STR001,PRD009,3,135.00
2026-06-21,STR001,PRD010,4,152.00
2026-06-21,STR001,PRD011,3,330.00
2026-06-21,STR001,PRD012,7,1540.00
2026-06-21,STR001,PRD013,1,65.00
2026-06-21,STR001,PRD014,6,240.00
2026-06-21,STR001,PRD015,4,80.00
2026-06-21,STR001,PRD016,7,2030.00
2026-06-21,STR001,PRD017,2,100.00
2026-06-21,STR001,PRD018,3,375.00
2026-06-21,STR001,PRD019,6,1170.00
2026-06-21,STR001,PRD020,5,175.00
2026-06-21,STR001,PRD021,4,180.00
2026-06-21,STR001,PRD022,6,1680.00
2026-06-21,STR001,PRD023,4,1280.00
2026-06-21,STR001,PRD024,6,900.00
2026-06-21,STR001,PRD025,5,300.00
2026-06-21,STR001,PRD026,4,300.00
2026-06-21,STR001,PRD027,4,160.00
2026-06-21,STR001,PRD028,4,120.00
2026-06-21,STR001,PRD029,7,1680.00
2026-06-21,STR001,PRD030,3,555.00
2026-06-21,STR001,PRD031,7,665.00
2026-06-21,STR001,PRD032,5,600.00
2026-06-21,STR001,PRD033,7,595.00
2026-06-21,STR001,PRD034,6,1560.00
2026-06-21,STR001,PRD035,4,1680.00
2026-06-21,STR001,PRD036,6,1260.00
2026-06-21,STR001,PRD037,8,1592.00
2026-06-21,STR001,PRD038,1,115.00
2026-06-21,STR001,PRD039,5,900.00
2026-06-21,STR001,PRD040,5,725.00
2026-06-21,STR001,PRD041,6,588.00
2026-06-21,STR001,PRD042,1,130.00
2026-06-21,STR001,PRD043,6,1260.00
2026-06-21,STR001,PRD044,6,660.00
2026-06-21,STR001,PRD045,2,350.00
2026-06-21,STR001,PRD046,2,320.00
2026-06-21,STR001,PRD047,1,56.00
2026-06-21,STR001,PRD048,2,140.00
2026-06-21,STR001,PRD049,8,464.00
2026-06-21,STR001,PRD050,6,570.00
2026-06-21,STR001,PRD052,5,700.00
2026-06-21,STR001,PRD054,5,3250.00
2026-06-21,STR001,PRD055,6,2340.00
2026-06-21,STR002,PRD001,4,2200.00
2026-06-21,STR002,PRD002,4,660.00
2026-06-21,STR002,PRD003,5,1225.00
2026-06-21,STR002,PRD004,5,300.00
2026-06-21,STR002,PRD005,7,2660.00
2026-06-21,STR002,PRD006,6,1050.00
2026-06-21,STR002,PRD007,5,140.00
2026-06-21,STR002,PRD008,4,208.00
2026-06-21,STR002,PRD009,5,225.00
2026-06-21,STR002,PRD010,8,304.00
2026-06-21,STR002,PRD011,6,660.00
2026-06-21,STR002,PRD012,3,660.00
2026-06-21,STR002,PRD013,1,65.00
2026-06-21,STR002,PRD014,3,120.00
2026-06-21,STR002,PRD015,6,120.00
2026-06-21,STR002,PRD016,2,580.00
2026-06-21,STR002,PRD017,9,450.00
2026-06-21,STR002,PRD018,8,1000.00
2026-06-21,STR002,PRD019,6,1170.00
2026-06-21,STR002,PRD020,6,210.00
2026-06-21,STR002,PRD021,10,450.00
2026-06-21,STR002,PRD022,10,2800.00
2026-06-21,STR002,PRD023,5,1600.00
2026-06-21,STR002,PRD024,2,300.00
2026-06-21,STR002,PRD025,3,180.00
2026-06-21,STR002,PRD026,7,525.00
2026-06-21,STR002,PRD027,5,200.00
2026-06-21,STR002,PRD028,5,150.00
2026-06-21,STR002,PRD029,7,1680.00
2026-06-21,STR002,PRD030,4,740.00
2026-06-21,STR002,PRD031,3,285.00
2026-06-21,STR002,PRD032,5,600.00
2026-06-21,STR002,PRD033,2,170.00
2026-06-21,STR002,PRD034,5,1300.00
2026-06-21,STR002,PRD035,1,420.00
2026-06-21,STR002,PRD036,2,420.00
2026-06-21,STR002,PRD037,6,1194.00
2026-06-21,STR002,PRD038,7,805.00
2026-06-21,STR002,PRD039,6,1080.00
2026-06-21,STR002,PRD040,3,435.00
2026-06-21,STR002,PRD041,7,686.00
2026-06-21,STR002,PRD042,7,910.00
2026-06-21,STR002,PRD044,6,660.00
2026-06-21,STR002,PRD045,8,1400.00
2026-06-21,STR002,PRD046,5,800.00
2026-06-21,STR002,PRD047,6,336.00
2026-06-21,STR002,PRD048,12,840.00
2026-06-21,STR002,PRD049,6,348.00
2026-06-21,STR002,PRD050,3,285.00
2026-06-21,STR002,PRD051,4,360.00
2026-06-21,STR002,PRD053,5,2250.00
2026-06-21,STR002,PRD054,4,2600.00
2026-06-21,STR002,PRD055,6,2340.00
2026-06-21,STR003,PRD001,8,4400.00
2026-06-21,STR003,PRD002,4,660.00
2026-06-21,STR003,PRD003,5,1225.00
2026-06-21,STR003,PRD004,3,180.00
2026-06-21,STR003,PRD005,7,2660.00
2026-06-21,STR003,PRD006,7,1225.00
2026-06-21,STR003,PRD007,5,140.00
2026-06-21,STR003,PRD008,7,364.00
2026-06-21,STR003,PRD009,5,225.00
2026-06-21,STR003,PRD010,4,152.00
2026-06-21,STR003,PRD011,7,770.00
2026-06-21,STR003,PRD012,8,1760.00
2026-06-21,STR003,PRD013,4,260.00
2026-06-21,STR003,PRD014,4,160.00
2026-06-21,STR003,PRD015,5,100.00
2026-06-21,STR003,PRD016,2,580.00
2026-06-21,STR003,PRD017,3,150.00
2026-06-21,STR003,PRD018,3,375.00
2026-06-21,STR003,PRD019,9,1755.00
2026-06-21,STR003,PRD020,5,175.00
2026-06-21,STR003,PRD021,4,180.00
2026-06-21,STR003,PRD024,5,750.00
2026-06-21,STR003,PRD025,5,300.00
2026-06-21,STR003,PRD026,3,225.00
2026-06-21,STR003,PRD027,5,200.00
2026-06-21,STR003,PRD028,8,240.00
2026-06-21,STR003,PRD029,7,1680.00
2026-06-21,STR003,PRD030,6,1110.00
2026-06-21,STR003,PRD031,6,570.00
2026-06-21,STR003,PRD032,3,360.00
2026-06-21,STR003,PRD033,6,510.00
2026-06-21,STR003,PRD034,6,1560.00
2026-06-21,STR003,PRD036,6,1260.00
2026-06-21,STR003,PRD037,6,1194.00
2026-06-21,STR003,PRD038,5,575.00
2026-06-21,STR003,PRD039,4,720.00
2026-06-21,STR003,PRD040,5,725.00
2026-06-21,STR003,PRD041,6,588.00
2026-06-21,STR003,PRD042,8,1040.00
2026-06-21,STR003,PRD043,5,1050.00
2026-06-21,STR003,PRD044,4,440.00
2026-06-21,STR003,PRD045,4,700.00
2026-06-21,STR003,PRD046,6,960.00
2026-06-21,STR003,PRD047,6,336.00
2026-06-21,STR003,PRD048,3,210.00
2026-06-21,STR003,PRD049,5,290.00
2026-06-21,STR003,PRD050,4,380.00
2026-06-21,STR003,PRD051,5,450.00
2026-06-21,STR003,PRD052,4,560.00
2026-06-21,STR003,PRD053,3,1350.00
2026-06-21,STR003,PRD054,9,5850.00
2026-06-21,STR003,PRD055,5,1950.00
2026-06-21,STR004,PRD001,4,2200.00
2026-06-21,STR004,PRD002,3,495.00
2026-06-21,STR004,PRD003,7,1715.00
2026-06-21,STR004,PRD004,3,180.00
2026-06-21,STR004,PRD005,3,1140.00
2026-06-21,STR004,PRD006,9,1575.00
2026-06-21,STR004,PRD007,7,196.00
2026-06-21,STR004,PRD008,4,208.00
2026-06-21,STR004,PRD009,7,315.00
2026-06-21,STR004,PRD010,6,228.00
2026-06-21,STR004,PRD011,2,220.00
2026-06-21,STR004,PRD012,2,440.00
2026-06-21,STR004,PRD013,6,390.00
2026-06-21,STR004,PRD014,4,160.00
2026-06-21,STR004,PRD015,3,60.00
2026-06-21,STR004,PRD016,6,1740.00
2026-06-21,STR004,PRD017,15,750.00
2026-06-21,STR004,PRD018,6,750.00
2026-06-21,STR004,PRD019,1,195.00
2026-06-21,STR004,PRD020,4,140.00
2026-06-21,STR004,PRD021,6,270.00
2026-06-21,STR004,PRD022,6,1680.00
2026-06-21,STR004,PRD023,5,1600.00
2026-06-21,STR004,PRD024,5,750.00
2026-06-21,STR004,PRD025,6,360.00
2026-06-21,STR004,PRD026,3,225.00
2026-06-21,STR004,PRD027,2,80.00
2026-06-21,STR004,PRD028,4,120.00
2026-06-21,STR004,PRD029,5,1200.00
2026-06-21,STR004,PRD030,6,1110.00
2026-06-21,STR004,PRD031,6,570.00
2026-06-21,STR004,PRD032,5,600.00
2026-06-21,STR004,PRD033,5,425.00
2026-06-21,STR004,PRD034,9,2340.00
2026-06-21,STR004,PRD035,8,3360.00
2026-06-21,STR004,PRD036,6,1260.00
2026-06-21,STR004,PRD037,8,1592.00
2026-06-21,STR004,PRD038,7,805.00
2026-06-21,STR004,PRD039,4,720.00
2026-06-21,STR004,PRD040,3,435.00
2026-06-21,STR004,PRD041,2,196.00
2026-06-21,STR004,PRD042,7,910.00
2026-06-21,STR004,PRD043,3,630.00
2026-06-21,STR004,PRD044,6,660.00
2026-06-21,STR004,PRD045,6,1050.00
2026-06-21,STR004,PRD046,6,960.00
2026-06-21,STR004,PRD047,7,392.00
2026-06-21,STR004,PRD048,5,350.00
2026-06-21,STR004,PRD049,5,290.00
2026-06-21,STR004,PRD050,8,760.00
2026-06-21,STR004,PRD051,8,720.00
2026-06-21,STR004,PRD052,7,980.00
2026-06-21,STR004,PRD053,4,1800.00
2026-06-21,STR004,PRD054,6,3900.00
2026-06-21,STR004,PRD055,3,1170.00
2026-06-22,STR001,PRD001,10,5500.00
2026-06-22,STR001,PRD002,9,1485.00
2026-06-22,STR001,PRD003,3,735.00
2026-06-22,STR001,PRD004,10,600.00
2026-06-22,STR001,PRD005,8,3040.00
2026-06-22,STR001,PRD006,6,1050.00
2026-06-22,STR001,PRD007,6,168.00
2026-06-22,STR001,PRD008,2,104.00
2026-06-22,STR001,PRD009,4,180.00
2026-06-22,STR001,PRD010,2,76.00
2026-06-22,STR001,PRD011,5,550.00
2026-06-22,STR001,PRD012,7,1540.00
2026-06-22,STR001,PRD013,1,65.00
2026-06-22,STR001,PRD014,3,120.00
2026-06-22,STR001,PRD015,7,140.00
2026-06-22,STR001,PRD016,5,1450.00
2026-06-22,STR001,PRD017,2,100.00
2026-06-22,STR001,PRD018,6,750.00
2026-06-22,STR001,PRD019,7,1365.00
2026-06-22,STR001,PRD020,4,140.00
2026-06-22,STR001,PRD021,5,225.00
2026-06-22,STR001,PRD022,8,2240.00
2026-06-22,STR001,PRD023,3,960.00
2026-06-22,STR001,PRD024,5,750.00
2026-06-22,STR001,PRD025,5,300.00
2026-06-22,STR001,PRD026,3,225.00
2026-06-22,STR001,PRD027,1,40.00
2026-06-22,STR001,PRD028,2,60.00
2026-06-22,STR001,PRD029,8,1920.00
2026-06-22,STR001,PRD030,7,1295.00
2026-06-22,STR001,PRD031,5,475.00
2026-06-22,STR001,PRD032,5,600.00
2026-06-22,STR001,PRD033,7,595.00
2026-06-22,STR001,PRD034,5,1300.00
2026-06-22,STR001,PRD035,7,2940.00
2026-06-22,STR001,PRD036,4,840.00
2026-06-22,STR001,PRD037,4,796.00
2026-06-22,STR001,PRD039,6,1080.00
2026-06-22,STR001,PRD040,4,580.00
2026-06-22,STR001,PRD041,8,784.00
2026-06-22,STR001,PRD042,4,520.00
2026-06-22,STR001,PRD043,6,1260.00
2026-06-22,STR001,PRD044,6,660.00
2026-06-22,STR001,PRD045,1,175.00
2026-06-22,STR001,PRD046,4,640.00
2026-06-22,STR001,PRD047,1,56.00
2026-06-22,STR001,PRD048,3,210.00
2026-06-22,STR001,PRD049,7,406.00
2026-06-22,STR001,PRD050,6,570.00
2026-06-22,STR001,PRD052,5,700.00
2026-06-22,STR001,PRD054,6,3900.00
2026-06-22,STR001,PRD055,5,1950.00
2026-06-22,STR002,PRD001,6,3300.00
2026-06-22,STR002,PRD002,6,990.00
2026-06-22,STR002,PRD003,5,1225.00
2026-06-22,STR002,PRD004,6,360.00
2026-06-22,STR002,PRD005,4,1520.00
2026-06-22,STR002,PRD006,9,1575.00
2026-06-22,STR002,PRD007,8,224.00
2026-06-22,STR002,PRD008,5,260.00
2026-06-22,STR002,PRD009,5,225.00
2026-06-22,STR002,PRD010,6,228.00
2026-06-22,STR002,PRD011,7,770.00
2026-06-22,STR002,PRD012,6,1320.00
2026-06-22,STR002,PRD013,5,325.00
2026-06-22,STR002,PRD014,2,80.00
2026-06-22,STR002,PRD015,3,60.00
2026-06-22,STR002,PRD016,5,1450.00
2026-06-22,STR002,PRD017,8,400.00
2026-06-22,STR002,PRD018,6,750.00
2026-06-22,STR002,PRD019,2,390.00
2026-06-22,STR002,PRD020,6,210.00
2026-06-22,STR002,PRD021,9,405.00
2026-06-22,STR002,PRD022,14,3920.00
2026-06-22,STR002,PRD023,7,2240.00
2026-06-22,STR002,PRD024,5,750.00
2026-06-22,STR002,PRD025,3,180.00
2026-06-22,STR002,PRD026,7,525.00
2026-06-22,STR002,PRD027,2,80.00
2026-06-22,STR002,PRD028,4,120.00
2026-06-22,STR002,PRD029,8,1920.00
2026-06-22,STR002,PRD030,7,1295.00
2026-06-22,STR002,PRD031,6,570.00
2026-06-22,STR002,PRD032,5,600.00
2026-06-22,STR002,PRD033,4,340.00
2026-06-22,STR002,PRD034,5,1300.00
2026-06-22,STR002,PRD035,1,420.00
2026-06-22,STR002,PRD036,1,210.00
2026-06-22,STR002,PRD037,7,1393.00
2026-06-22,STR002,PRD038,5,575.00
2026-06-22,STR002,PRD039,7,1260.00
2026-06-22,STR002,PRD040,5,725.00
2026-06-22,STR002,PRD041,3,294.00
2026-06-22,STR002,PRD042,8,1040.00
2026-06-22,STR002,PRD044,7,770.00
2026-06-22,STR002,PRD045,4,700.00
2026-06-22,STR002,PRD046,5,800.00
2026-06-22,STR002,PRD047,7,392.00
2026-06-22,STR002,PRD048,11,770.00
2026-06-22,STR002,PRD049,6,348.00
2026-06-22,STR002,PRD050,5,475.00
2026-06-22,STR002,PRD051,6,540.00
2026-06-22,STR002,PRD053,7,3150.00
2026-06-22,STR002,PRD054,7,4550.00
2026-06-22,STR002,PRD055,5,1950.00
2026-06-22,STR003,PRD001,8,4400.00
2026-06-22,STR003,PRD002,3,495.00
2026-06-22,STR003,PRD003,5,1225.00
2026-06-22,STR003,PRD004,5,300.00
2026-06-22,STR003,PRD005,6,2280.00
2026-06-22,STR003,PRD006,4,700.00
2026-06-22,STR003,PRD007,4,112.00
2026-06-22,STR003,PRD008,8,416.00
2026-06-22,STR003,PRD009,7,315.00
2026-06-22,STR003,PRD010,5,190.00
2026-06-22,STR003,PRD011,6,660.00
2026-06-22,STR003,PRD012,5,1100.00
2026-06-22,STR003,PRD013,4,260.00
2026-06-22,STR003,PRD014,3,120.00
2026-06-22,STR003,PRD015,5,100.00
2026-06-22,STR003,PRD016,6,1740.00
2026-06-22,STR003,PRD017,1,50.00
2026-06-22,STR003,PRD018,6,750.00
2026-06-22,STR003,PRD019,5,975.00
2026-06-22,STR003,PRD020,7,245.00
2026-06-22,STR003,PRD021,3,135.00
2026-06-22,STR003,PRD022,2,560.00
2026-06-22,STR003,PRD023,2,640.00
2026-06-22,STR003,PRD024,7,1050.00
2026-06-22,STR003,PRD025,1,60.00
2026-06-22,STR003,PRD026,4,300.00
2026-06-22,STR003,PRD027,4,160.00
2026-06-22,STR003,PRD028,8,240.00
2026-06-22,STR003,PRD029,6,1440.00
2026-06-22,STR003,PRD030,4,740.00
2026-06-22,STR003,PRD031,10,950.00
2026-06-22,STR003,PRD032,6,720.00
2026-06-22,STR003,PRD033,6,510.00
2026-06-22,STR003,PRD034,6,1560.00
2026-06-22,STR003,PRD036,5,1050.00
2026-06-22,STR003,PRD037,4,796.00
2026-06-22,STR003,PRD038,7,805.00
2026-06-22,STR003,PRD039,6,1080.00
2026-06-22,STR003,PRD040,6,870.00
2026-06-22,STR003,PRD041,8,784.00
2026-06-22,STR003,PRD042,5,650.00
2026-06-22,STR003,PRD043,5,1050.00
2026-06-22,STR003,PRD044,7,770.00
2026-06-22,STR003,PRD045,5,875.00
2026-06-22,STR003,PRD046,5,800.00
2026-06-22,STR003,PRD047,4,224.00
2026-06-22,STR003,PRD048,5,350.00
2026-06-22,STR003,PRD049,6,348.00
2026-06-22,STR003,PRD050,4,380.00
2026-06-22,STR003,PRD051,4,360.00
2026-06-22,STR003,PRD052,5,700.00
2026-06-22,STR003,PRD053,2,900.00
2026-06-22,STR003,PRD054,6,3900.00
2026-06-22,STR003,PRD055,7,2730.00
2026-06-22,STR004,PRD002,2,330.00
2026-06-22,STR004,PRD003,5,1225.00
2026-06-22,STR004,PRD004,6,360.00
2026-06-22,STR004,PRD005,5,1900.00
2026-06-22,STR004,PRD006,7,1225.00
2026-06-22,STR004,PRD007,7,196.00
2026-06-22,STR004,PRD008,7,364.00
2026-06-22,STR004,PRD009,4,180.00
2026-06-22,STR004,PRD010,5,190.00
2026-06-22,STR004,PRD011,5,550.00
2026-06-22,STR004,PRD012,1,220.00
2026-06-22,STR004,PRD013,3,195.00
2026-06-22,STR004,PRD014,4,160.00
2026-06-22,STR004,PRD015,6,120.00
2026-06-22,STR004,PRD016,8,2320.00
2026-06-22,STR004,PRD017,16,800.00
2026-06-22,STR004,PRD018,5,625.00
2026-06-22,STR004,PRD019,1,195.00
2026-06-22,STR004,PRD020,4,140.00
2026-06-22,STR004,PRD021,4,180.00
2026-06-22,STR004,PRD022,4,1120.00
2026-06-22,STR004,PRD023,6,1920.00
2026-06-22,STR004,PRD024,2,300.00
2026-06-22,STR004,PRD025,6,360.00
2026-06-22,STR004,PRD026,6,450.00
2026-06-22,STR004,PRD027,6,240.00
2026-06-22,STR004,PRD028,6,180.00
2026-06-22,STR004,PRD029,7,1680.00
2026-06-22,STR004,PRD030,6,1110.00
2026-06-22,STR004,PRD031,4,380.00
2026-06-22,STR004,PRD032,4,480.00
2026-06-22,STR004,PRD033,4,340.00
2026-06-22,STR004,PRD034,8,2080.00
2026-06-22,STR004,PRD035,4,1680.00
2026-06-22,STR004,PRD036,6,1260.00
2026-06-22,STR004,PRD037,9,1791.00
2026-06-22,STR004,PRD038,6,690.00
2026-06-22,STR004,PRD039,3,540.00
2026-06-22,STR004,PRD041,6,588.00
2026-06-22,STR004,PRD042,7,910.00
2026-06-22,STR004,PRD043,5,1050.00
2026-06-22,STR004,PRD044,4,440.00
2026-06-22,STR004,PRD045,9,1575.00
2026-06-22,STR004,PRD046,3,480.00
2026-06-22,STR004,PRD047,4,224.00
2026-06-22,STR004,PRD048,5,350.00
2026-06-22,STR004,PRD049,4,232.00
2026-06-22,STR004,PRD050,5,475.00
2026-06-22,STR004,PRD051,6,540.00
2026-06-22,STR004,PRD052,3,420.00
2026-06-22,STR004,PRD053,6,2700.00
2026-06-22,STR004,PRD054,5,3250.00
2026-06-22,STR004,PRD055,4,1560.00
2026-06-23,STR001,PRD001,10,5500.00
2026-06-23,STR001,PRD002,11,1815.00
2026-06-23,STR001,PRD003,6,1470.00
2026-06-23,STR001,PRD004,11,660.00
2026-06-23,STR001,PRD005,8,3040.00
2026-06-23,STR001,PRD006,4,700.00
2026-06-23,STR001,PRD007,5,140.00
2026-06-23,STR001,PRD008,1,52.00
2026-06-23,STR001,PRD009,7,315.00
2026-06-23,STR001,PRD010,3,114.00
2026-06-23,STR001,PRD011,7,770.00
2026-06-23,STR001,PRD012,7,1540.00
2026-06-23,STR001,PRD013,3,195.00
2026-06-23,STR001,PRD014,4,160.00
2026-06-23,STR001,PRD015,6,120.00
2026-06-23,STR001,PRD016,4,1160.00
2026-06-23,STR001,PRD017,6,300.00
2026-06-23,STR001,PRD018,4,500.00
2026-06-23,STR001,PRD019,7,1365.00
2026-06-23,STR001,PRD020,4,140.00
2026-06-23,STR001,PRD021,8,360.00
2026-06-23,STR001,PRD022,4,1120.00
2026-06-23,STR001,PRD023,4,1280.00
2026-06-23,STR001,PRD024,3,450.00
2026-06-23,STR001,PRD025,8,480.00
2026-06-23,STR001,PRD026,6,450.00
2026-06-23,STR001,PRD027,1,40.00
2026-06-23,STR001,PRD028,5,150.00
2026-06-23,STR001,PRD029,4,960.00
2026-06-23,STR001,PRD030,7,1295.00
2026-06-23,STR001,PRD031,6,570.00
2026-06-23,STR001,PRD032,6,720.00
2026-06-23,STR001,PRD033,3,255.00
2026-06-23,STR001,PRD034,9,2340.00
2026-06-23,STR001,PRD035,5,2100.00
2026-06-23,STR001,PRD036,7,1470.00
2026-06-23,STR001,PRD037,8,1592.00
2026-06-23,STR001,PRD038,1,115.00
2026-06-23,STR001,PRD039,7,1260.00
2026-06-23,STR001,PRD040,6,870.00
2026-06-23,STR001,PRD041,8,784.00
2026-06-23,STR001,PRD042,4,520.00
2026-06-23,STR001,PRD043,3,630.00
2026-06-23,STR001,PRD044,4,440.00
2026-06-23,STR001,PRD045,4,700.00
2026-06-23,STR001,PRD046,5,800.00
2026-06-23,STR001,PRD047,5,280.00
2026-06-23,STR001,PRD048,2,140.00
2026-06-23,STR001,PRD049,7,406.00
2026-06-23,STR001,PRD050,2,190.00
2026-06-23,STR001,PRD052,4,560.00
2026-06-23,STR001,PRD053,1,450.00
2026-06-23,STR001,PRD054,6,3900.00
2026-06-23,STR001,PRD055,5,1950.00
2026-06-23,STR002,PRD001,5,2750.00
2026-06-23,STR002,PRD002,5,825.00
2026-06-23,STR002,PRD003,6,1470.00
2026-06-23,STR002,PRD004,6,360.00
2026-06-23,STR002,PRD005,7,2660.00
2026-06-23,STR002,PRD006,5,875.00
2026-06-23,STR002,PRD007,6,168.00
2026-06-23,STR002,PRD008,4,208.00
2026-06-23,STR002,PRD009,6,270.00
2026-06-23,STR002,PRD010,4,152.00
2026-06-23,STR002,PRD011,7,770.00
2026-06-23,STR002,PRD012,4,880.00
2026-06-23,STR002,PRD013,1,65.00
2026-06-23,STR002,PRD014,6,240.00
2026-06-23,STR002,PRD015,3,60.00
2026-06-23,STR002,PRD016,5,1450.00
2026-06-23,STR002,PRD017,7,350.00
2026-06-23,STR002,PRD018,7,875.00
2026-06-23,STR002,PRD019,3,585.00
2026-06-23,STR002,PRD020,10,350.00
2026-06-23,STR002,PRD021,10,450.00
2026-06-23,STR002,PRD022,11,3080.00
2026-06-23,STR002,PRD023,4,1280.00
2026-06-23,STR002,PRD024,5,750.00
2026-06-23,STR002,PRD025,3,180.00
2026-06-23,STR002,PRD026,4,300.00
2026-06-23,STR002,PRD027,3,120.00
2026-06-23,STR002,PRD028,5,150.00
2026-06-23,STR002,PRD029,6,1440.00
2026-06-23,STR002,PRD030,4,740.00
2026-06-23,STR002,PRD031,3,285.00
2026-06-23,STR002,PRD032,6,720.00
2026-06-23,STR002,PRD033,4,340.00
2026-06-23,STR002,PRD034,3,780.00
2026-06-23,STR002,PRD035,2,840.00
2026-06-23,STR002,PRD036,1,210.00
2026-06-23,STR002,PRD037,4,796.00
2026-06-23,STR002,PRD038,4,460.00
2026-06-23,STR002,PRD039,6,1080.00
2026-06-23,STR002,PRD040,5,725.00
2026-06-23,STR002,PRD041,3,294.00
2026-06-23,STR002,PRD042,9,1170.00
2026-06-23,STR002,PRD044,8,880.00
2026-06-23,STR002,PRD045,6,1050.00
2026-06-23,STR002,PRD046,5,800.00
2026-06-23,STR002,PRD047,6,336.00
2026-06-23,STR002,PRD048,13,910.00
2026-06-23,STR002,PRD049,7,406.00
2026-06-23,STR002,PRD050,4,380.00
2026-06-23,STR002,PRD051,7,630.00
2026-06-23,STR002,PRD053,4,1800.00
2026-06-23,STR002,PRD054,7,4550.00
2026-06-23,STR002,PRD055,7,2730.00
2026-06-23,STR003,PRD001,8,4400.00
2026-06-23,STR003,PRD002,3,495.00
2026-06-23,STR003,PRD003,7,1715.00
2026-06-23,STR003,PRD004,3,180.00
2026-06-23,STR003,PRD005,5,1900.00
2026-06-23,STR003,PRD006,8,1400.00
2026-06-23,STR003,PRD007,5,140.00
2026-06-23,STR003,PRD008,7,364.00
2026-06-23,STR003,PRD009,7,315.00
2026-06-23,STR003,PRD010,2,76.00
2026-06-23,STR003,PRD011,8,880.00
2026-06-23,STR003,PRD012,6,1320.00
2026-06-23,STR003,PRD013,7,455.00
2026-06-23,STR003,PRD014,4,160.00
2026-06-23,STR003,PRD015,4,80.00
2026-06-23,STR003,PRD016,2,580.00
2026-06-23,STR003,PRD017,5,250.00
2026-06-23,STR003,PRD018,5,625.00
2026-06-23,STR003,PRD019,7,1365.00
2026-06-23,STR003,PRD020,4,140.00
2026-06-23,STR003,PRD021,2,90.00
2026-06-23,STR003,PRD022,1,280.00
2026-06-23,STR003,PRD023,2,640.00
2026-06-23,STR003,PRD024,9,1350.00
2026-06-23,STR003,PRD025,1,60.00
2026-06-23,STR003,PRD026,5,375.00
2026-06-23,STR003,PRD027,3,120.00
2026-06-23,STR003,PRD028,8,240.00
2026-06-23,STR003,PRD029,6,1440.00
2026-06-23,STR003,PRD030,3,555.00
2026-06-23,STR003,PRD031,10,950.00
2026-06-23,STR003,PRD032,5,600.00
2026-06-23,STR003,PRD033,3,255.00
2026-06-23,STR003,PRD034,6,1560.00
2026-06-23,STR003,PRD036,6,1260.00
2026-06-23,STR003,PRD037,5,995.00
2026-06-23,STR003,PRD038,6,690.00
2026-06-23,STR003,PRD039,3,540.00
2026-06-23,STR003,PRD040,5,725.00
2026-06-23,STR003,PRD041,8,784.00
2026-06-23,STR003,PRD042,5,650.00
2026-06-23,STR003,PRD043,6,1260.00
2026-06-23,STR003,PRD044,5,550.00
2026-06-23,STR003,PRD045,3,525.00
2026-06-23,STR003,PRD046,5,800.00
2026-06-23,STR003,PRD047,4,224.00
2026-06-23,STR003,PRD048,6,420.00
2026-06-23,STR003,PRD049,3,174.00
2026-06-23,STR003,PRD050,6,570.00
2026-06-23,STR003,PRD051,2,180.00
2026-06-23,STR003,PRD052,8,1120.00
2026-06-23,STR003,PRD053,3,1350.00
2026-06-23,STR003,PRD054,5,3250.00
2026-06-23,STR003,PRD055,6,2340.00
2026-06-23,STR004,PRD002,6,990.00
2026-06-23,STR004,PRD003,7,1715.00
2026-06-23,STR004,PRD004,5,300.00
2026-06-23,STR004,PRD005,3,1140.00
2026-06-23,STR004,PRD006,6,1050.00
2026-06-23,STR004,PRD007,4,112.00
2026-06-23,STR004,PRD008,6,312.00
2026-06-23,STR004,PRD009,4,180.00
2026-06-23,STR004,PRD010,5,190.00
2026-06-23,STR004,PRD011,5,550.00
2026-06-23,STR004,PRD012,4,880.00
2026-06-23,STR004,PRD013,4,260.00
2026-06-23,STR004,PRD014,7,280.00
2026-06-23,STR004,PRD015,7,140.00
2026-06-23,STR004,PRD016,6,1740.00
2026-06-23,STR004,PRD017,16,800.00
2026-06-23,STR004,PRD018,7,875.00
2026-06-23,STR004,PRD020,7,245.00
2026-06-23,STR004,PRD021,2,90.00
2026-06-23,STR004,PRD022,7,1960.00
2026-06-23,STR004,PRD023,2,640.00
2026-06-23,STR004,PRD024,3,450.00
2026-06-23,STR004,PRD025,3,180.00
2026-06-23,STR004,PRD026,4,300.00
2026-06-23,STR004,PRD027,4,160.00
2026-06-23,STR004,PRD028,5,150.00
2026-06-23,STR004,PRD029,5,1200.00
2026-06-23,STR004,PRD030,5,925.00
2026-06-23,STR004,PRD031,6,570.00
2026-06-23,STR004,PRD032,5,600.00
2026-06-23,STR004,PRD033,3,255.00
2026-06-23,STR004,PRD034,7,1820.00
2026-06-23,STR004,PRD035,8,3360.00
2026-06-23,STR004,PRD036,9,1890.00
2026-06-23,STR004,PRD037,7,1393.00
2026-06-23,STR004,PRD038,6,690.00
2026-06-23,STR004,PRD039,2,360.00
2026-06-23,STR004,PRD040,2,290.00
2026-06-23,STR004,PRD041,2,196.00
2026-06-23,STR004,PRD042,5,650.00
2026-06-23,STR004,PRD043,5,1050.00
2026-06-23,STR004,PRD044,4,440.00
2026-06-23,STR004,PRD045,9,1575.00
2026-06-23,STR004,PRD046,6,960.00
2026-06-23,STR004,PRD047,8,448.00
2026-06-23,STR004,PRD048,4,280.00
2026-06-23,STR004,PRD049,5,290.00
2026-06-23,STR004,PRD050,7,665.00
2026-06-23,STR004,PRD051,7,630.00
2026-06-23,STR004,PRD052,7,980.00
2026-06-23,STR004,PRD053,7,3150.00
2026-06-23,STR004,PRD054,5,3250.00
2026-06-23,STR004,PRD055,2,780.00
2026-06-24,STR001,PRD001,10,5500.00
2026-06-24,STR001,PRD002,12,1980.00
2026-06-24,STR001,PRD003,4,980.00
2026-06-24,STR001,PRD004,13,780.00
2026-06-24,STR001,PRD005,5,1900.00
2026-06-24,STR001,PRD006,5,875.00
2026-06-24,STR001,PRD007,7,196.00
2026-06-24,STR001,PRD008,4,208.00
2026-06-24,STR001,PRD009,7,315.00
2026-06-24,STR001,PRD010,5,190.00
2026-06-24,STR001,PRD011,6,660.00
2026-06-24,STR001,PRD012,3,660.00
2026-06-24,STR001,PRD013,1,65.00
2026-06-24,STR001,PRD014,3,120.00
2026-06-24,STR001,PRD015,6,120.00
2026-06-24,STR001,PRD016,4,1160.00
2026-06-24,STR001,PRD017,4,200.00
2026-06-24,STR001,PRD018,5,625.00
2026-06-24,STR001,PRD019,6,1170.00
2026-06-24,STR001,PRD020,3,105.00
2026-06-24,STR001,PRD021,8,360.00
2026-06-24,STR001,PRD022,7,1960.00
2026-06-24,STR001,PRD023,4,1280.00
2026-06-24,STR001,PRD024,5,750.00
2026-06-24,STR001,PRD025,7,420.00
2026-06-24,STR001,PRD026,6,450.00
2026-06-24,STR001,PRD027,5,200.00
2026-06-24,STR001,PRD028,4,120.00
2026-06-24,STR001,PRD029,7,1680.00
2026-06-24,STR001,PRD030,4,740.00
2026-06-24,STR001,PRD031,5,475.00
2026-06-24,STR001,PRD032,4,480.00
2026-06-24,STR001,PRD033,4,340.00
2026-06-24,STR001,PRD034,6,1560.00
2026-06-24,STR001,PRD035,5,2100.00
2026-06-24,STR001,PRD036,3,630.00
2026-06-24,STR001,PRD037,5,995.00
2026-06-24,STR001,PRD039,7,1260.00
2026-06-24,STR001,PRD040,3,435.00
2026-06-24,STR001,PRD041,4,392.00
2026-06-24,STR001,PRD042,1,130.00
2026-06-24,STR001,PRD043,5,1050.00
2026-06-24,STR001,PRD044,6,660.00
2026-06-24,STR001,PRD045,1,175.00
2026-06-24,STR001,PRD046,2,320.00
2026-06-24,STR001,PRD047,4,224.00
2026-06-24,STR001,PRD048,6,420.00
2026-06-24,STR001,PRD049,4,232.00
2026-06-24,STR001,PRD050,2,190.00
2026-06-24,STR001,PRD052,4,560.00
2026-06-24,STR001,PRD054,5,3250.00
2026-06-24,STR001,PRD055,7,2730.00
2026-06-24,STR002,PRD001,5,2750.00
2026-06-24,STR002,PRD002,3,495.00
2026-06-24,STR002,PRD003,5,1225.00
2026-06-24,STR002,PRD004,4,240.00
2026-06-24,STR002,PRD005,6,2280.00
2026-06-24,STR002,PRD006,6,1050.00
2026-06-24,STR002,PRD007,5,140.00
2026-06-24,STR002,PRD008,7,364.00
2026-06-24,STR002,PRD009,5,225.00
2026-06-24,STR002,PRD010,4,152.00
2026-06-24,STR002,PRD011,4,440.00
2026-06-24,STR002,PRD012,4,880.00
2026-06-24,STR002,PRD013,3,195.00
2026-06-24,STR002,PRD014,5,200.00
2026-06-24,STR002,PRD015,5,100.00
2026-06-24,STR002,PRD016,6,1740.00
2026-06-24,STR002,PRD017,7,350.00
2026-06-24,STR002,PRD018,9,1125.00
2026-06-24,STR002,PRD019,5,975.00
2026-06-24,STR002,PRD020,7,245.00
2026-06-24,STR002,PRD021,12,540.00
2026-06-24,STR002,PRD022,11,3080.00
2026-06-24,STR002,PRD023,7,2240.00
2026-06-24,STR002,PRD024,6,900.00
2026-06-24,STR002,PRD025,5,300.00
2026-06-24,STR002,PRD026,7,525.00
2026-06-24,STR002,PRD027,5,200.00
2026-06-24,STR002,PRD028,7,210.00
2026-06-24,STR002,PRD029,9,2160.00
2026-06-24,STR002,PRD030,5,925.00
2026-06-24,STR002,PRD031,4,380.00
2026-06-24,STR002,PRD032,8,960.00
2026-06-24,STR002,PRD033,4,340.00
2026-06-24,STR002,PRD034,2,520.00
2026-06-24,STR002,PRD035,1,420.00
2026-06-24,STR002,PRD036,4,840.00
2026-06-24,STR002,PRD037,6,1194.00
2026-06-24,STR002,PRD038,6,690.00
2026-06-24,STR002,PRD039,6,1080.00
2026-06-24,STR002,PRD040,3,435.00
2026-06-24,STR002,PRD041,4,392.00
2026-06-24,STR002,PRD042,7,910.00
2026-06-24,STR002,PRD043,1,210.00
2026-06-24,STR002,PRD044,9,990.00
2026-06-24,STR002,PRD045,5,875.00
2026-06-24,STR002,PRD046,3,480.00
2026-06-24,STR002,PRD047,6,336.00
2026-06-24,STR002,PRD048,13,910.00
2026-06-24,STR002,PRD049,7,406.00
2026-06-24,STR002,PRD050,2,190.00
2026-06-24,STR002,PRD051,7,630.00
2026-06-24,STR002,PRD053,6,2700.00
2026-06-24,STR002,PRD054,5,3250.00
2026-06-24,STR002,PRD055,5,1950.00
2026-06-24,STR003,PRD001,8,4400.00
2026-06-24,STR003,PRD002,4,660.00
2026-06-24,STR003,PRD003,7,1715.00
2026-06-24,STR003,PRD004,3,180.00
2026-06-24,STR003,PRD005,5,1900.00
2026-06-24,STR003,PRD006,8,1400.00
2026-06-24,STR003,PRD007,4,112.00
2026-06-24,STR003,PRD008,5,260.00
2026-06-24,STR003,PRD009,6,270.00
2026-06-24,STR003,PRD010,6,228.00
2026-06-24,STR003,PRD011,7,770.00
2026-06-24,STR003,PRD012,7,1540.00
2026-06-24,STR003,PRD013,5,325.00
2026-06-24,STR003,PRD014,4,160.00
2026-06-24,STR003,PRD015,4,80.00
2026-06-24,STR003,PRD016,5,1450.00
2026-06-24,STR003,PRD017,2,100.00
2026-06-24,STR003,PRD018,4,500.00
2026-06-24,STR003,PRD019,5,975.00
2026-06-24,STR003,PRD020,7,245.00
2026-06-24,STR003,PRD021,3,135.00
2026-06-24,STR003,PRD022,4,1120.00
2026-06-24,STR003,PRD023,3,960.00
2026-06-24,STR003,PRD024,7,1050.00
2026-06-24,STR003,PRD025,3,180.00
2026-06-24,STR003,PRD026,7,525.00
2026-06-24,STR003,PRD027,3,120.00
2026-06-24,STR003,PRD028,7,210.00
2026-06-24,STR003,PRD029,5,1200.00
2026-06-24,STR003,PRD030,2,370.00
2026-06-24,STR003,PRD031,6,570.00
2026-06-24,STR003,PRD032,4,480.00
2026-06-24,STR003,PRD033,4,340.00
2026-06-24,STR003,PRD034,4,1040.00
2026-06-24,STR003,PRD036,6,1260.00
2026-06-24,STR003,PRD037,6,1194.00
2026-06-24,STR003,PRD038,6,690.00
2026-06-24,STR003,PRD039,6,1080.00
2026-06-24,STR003,PRD040,5,725.00
2026-06-24,STR003,PRD041,6,588.00
2026-06-24,STR003,PRD042,6,780.00
2026-06-24,STR003,PRD043,3,630.00
2026-06-24,STR003,PRD044,4,440.00
2026-06-24,STR003,PRD045,1,175.00
2026-06-24,STR003,PRD046,6,960.00
2026-06-24,STR003,PRD047,2,112.00
2026-06-24,STR003,PRD048,4,280.00
2026-06-24,STR003,PRD049,2,116.00
2026-06-24,STR003,PRD050,4,380.00
2026-06-24,STR003,PRD051,3,270.00
2026-06-24,STR003,PRD052,5,700.00
2026-06-24,STR003,PRD053,5,2250.00
2026-06-24,STR003,PRD054,5,3250.00
2026-06-24,STR003,PRD055,5,1950.00
2026-06-24,STR004,PRD002,3,495.00
2026-06-24,STR004,PRD003,4,980.00
2026-06-24,STR004,PRD004,5,300.00
2026-06-24,STR004,PRD005,3,1140.00
2026-06-24,STR004,PRD006,7,1225.00
2026-06-24,STR004,PRD007,6,168.00
2026-06-24,STR004,PRD008,5,260.00
2026-06-24,STR004,PRD009,7,315.00
2026-06-24,STR004,PRD010,6,228.00
2026-06-24,STR004,PRD011,5,550.00
2026-06-24,STR004,PRD012,1,220.00
2026-06-24,STR004,PRD013,5,325.00
2026-06-24,STR004,PRD014,3,120.00
2026-06-24,STR004,PRD015,4,80.00
2026-06-24,STR004,PRD016,4,1160.00
2026-06-24,STR004,PRD017,15,750.00
2026-06-24,STR004,PRD018,8,1000.00
2026-06-24,STR004,PRD019,1,195.00
2026-06-24,STR004,PRD020,6,210.00
2026-06-24,STR004,PRD021,3,135.00
2026-06-24,STR004,PRD022,5,1400.00
2026-06-24,STR004,PRD023,4,1280.00
2026-06-24,STR004,PRD024,5,750.00
2026-06-24,STR004,PRD025,3,180.00
2026-06-24,STR004,PRD026,3,225.00
2026-06-24,STR004,PRD027,3,120.00
2026-06-24,STR004,PRD028,5,150.00
2026-06-24,STR004,PRD029,8,1920.00
2026-06-24,STR004,PRD030,3,555.00
2026-06-24,STR004,PRD031,4,380.00
2026-06-24,STR004,PRD032,4,480.00
2026-06-24,STR004,PRD033,4,340.00
2026-06-24,STR004,PRD034,5,1300.00
2026-06-24,STR004,PRD035,8,3360.00
2026-06-24,STR004,PRD036,6,1260.00
2026-06-24,STR004,PRD037,8,1592.00
2026-06-24,STR004,PRD038,7,805.00
2026-06-24,STR004,PRD039,4,720.00
2026-06-24,STR004,PRD040,1,145.00
2026-06-24,STR004,PRD041,3,294.00
2026-06-24,STR004,PRD042,3,390.00
2026-06-24,STR004,PRD043,5,1050.00
2026-06-24,STR004,PRD044,7,770.00
2026-06-24,STR004,PRD045,5,875.00
2026-06-24,STR004,PRD046,4,640.00
2026-06-24,STR004,PRD047,7,392.00
2026-06-24,STR004,PRD048,5,350.00
2026-06-24,STR004,PRD049,4,232.00
2026-06-24,STR004,PRD050,7,665.00
2026-06-24,STR004,PRD051,5,450.00
2026-06-24,STR004,PRD052,4,560.00
2026-06-24,STR004,PRD053,4,1800.00
2026-06-24,STR004,PRD054,3,1950.00
2026-06-24,STR004,PRD055,5,1950.00
2026-06-25,STR001,PRD001,8,4400.00
2026-06-25,STR001,PRD002,8,1320.00
2026-06-25,STR001,PRD003,3,735.00
2026-06-25,STR001,PRD004,12,720.00
2026-06-25,STR001,PRD005,8,3040.00
2026-06-25,STR001,PRD006,4,700.00
2026-06-25,STR001,PRD007,8,224.00
2026-06-25,STR001,PRD008,2,104.00
2026-06-25,STR001,PRD009,3,135.00
2026-06-25,STR001,PRD010,1,38.00
2026-06-25,STR001,PRD011,7,770.00
2026-06-25,STR001,PRD012,6,1320.00
2026-06-25,STR001,PRD013,5,325.00
2026-06-25,STR001,PRD014,3,120.00
2026-06-25,STR001,PRD015,6,120.00
2026-06-25,STR001,PRD016,3,870.00
2026-06-25,STR001,PRD017,3,150.00
2026-06-25,STR001,PRD018,4,500.00
2026-06-25,STR001,PRD019,7,1365.00
2026-06-25,STR001,PRD020,1,35.00
2026-06-25,STR001,PRD021,8,360.00
2026-06-25,STR001,PRD022,6,1680.00
2026-06-25,STR001,PRD023,2,640.00
2026-06-25,STR001,PRD024,2,300.00
2026-06-25,STR001,PRD025,7,420.00
2026-06-25,STR001,PRD026,3,225.00
2026-06-25,STR001,PRD027,5,200.00
2026-06-25,STR001,PRD028,1,30.00
2026-06-25,STR001,PRD029,5,1200.00
2026-06-25,STR001,PRD030,6,1110.00
2026-06-25,STR001,PRD031,5,475.00
2026-06-25,STR001,PRD032,6,720.00
2026-06-25,STR001,PRD033,7,595.00
2026-06-25,STR001,PRD034,7,1820.00
2026-06-25,STR001,PRD035,6,2520.00
2026-06-25,STR001,PRD036,4,840.00
2026-06-25,STR001,PRD037,4,796.00
2026-06-25,STR001,PRD038,2,230.00
2026-06-25,STR001,PRD039,6,1080.00
2026-06-25,STR001,PRD040,4,580.00
2026-06-25,STR001,PRD041,6,588.00
2026-06-25,STR001,PRD042,1,130.00
2026-06-25,STR001,PRD043,5,1050.00
2026-06-25,STR001,PRD044,5,550.00
2026-06-25,STR001,PRD045,5,875.00
2026-06-25,STR001,PRD046,4,640.00
2026-06-25,STR001,PRD047,5,280.00
2026-06-25,STR001,PRD048,5,350.00
2026-06-25,STR001,PRD049,5,290.00
2026-06-25,STR001,PRD050,6,570.00
2026-06-25,STR001,PRD052,3,420.00
2026-06-25,STR001,PRD054,7,4550.00
2026-06-25,STR001,PRD055,7,2730.00
2026-06-25,STR002,PRD001,5,2750.00
2026-06-25,STR002,PRD002,6,990.00
2026-06-25,STR002,PRD003,8,1960.00
2026-06-25,STR002,PRD004,3,180.00
2026-06-25,STR002,PRD005,3,1140.00
2026-06-25,STR002,PRD006,9,1575.00
2026-06-25,STR002,PRD007,5,140.00
2026-06-25,STR002,PRD008,6,312.00
2026-06-25,STR002,PRD009,6,270.00
2026-06-25,STR002,PRD010,6,228.00
2026-06-25,STR002,PRD011,8,880.00
2026-06-25,STR002,PRD012,4,880.00
2026-06-25,STR002,PRD013,4,260.00
2026-06-25,STR002,PRD014,2,80.00
2026-06-25,STR002,PRD015,6,120.00
2026-06-25,STR002,PRD016,5,1450.00
2026-06-25,STR002,PRD017,6,300.00
2026-06-25,STR002,PRD018,5,625.00
2026-06-25,STR002,PRD019,6,1170.00
2026-06-25,STR002,PRD020,8,280.00
2026-06-25,STR002,PRD021,12,540.00
2026-06-25,STR002,PRD022,11,3080.00
2026-06-25,STR002,PRD023,5,1600.00
2026-06-25,STR002,PRD024,2,300.00
2026-06-25,STR002,PRD025,6,360.00
2026-06-25,STR002,PRD026,6,450.00
2026-06-25,STR002,PRD027,3,120.00
2026-06-25,STR002,PRD028,7,210.00
2026-06-25,STR002,PRD029,8,1920.00
2026-06-25,STR002,PRD030,7,1295.00
2026-06-25,STR002,PRD031,3,285.00
2026-06-25,STR002,PRD032,9,1080.00
2026-06-25,STR002,PRD033,2,170.00
2026-06-25,STR002,PRD034,3,780.00
2026-06-25,STR002,PRD035,4,1680.00
2026-06-25,STR002,PRD036,3,630.00
2026-06-25,STR002,PRD037,4,796.00
2026-06-25,STR002,PRD038,4,460.00
2026-06-25,STR002,PRD039,7,1260.00
2026-06-25,STR002,PRD040,1,145.00
2026-06-25,STR002,PRD041,3,294.00
2026-06-25,STR002,PRD042,6,780.00
2026-06-25,STR002,PRD044,5,550.00
2026-06-25,STR002,PRD045,5,875.00
2026-06-25,STR002,PRD046,1,160.00
2026-06-25,STR002,PRD047,7,392.00
2026-06-25,STR002,PRD048,11,770.00
2026-06-25,STR002,PRD049,3,174.00
2026-06-25,STR002,PRD050,2,190.00
2026-06-25,STR002,PRD051,8,720.00
2026-06-25,STR002,PRD053,6,2700.00
2026-06-25,STR002,PRD054,6,3900.00
2026-06-25,STR002,PRD055,9,3510.00
2026-06-25,STR003,PRD001,8,4400.00
2026-06-25,STR003,PRD002,6,990.00
2026-06-25,STR003,PRD003,5,1225.00
2026-06-25,STR003,PRD004,2,120.00
2026-06-25,STR003,PRD005,7,2660.00
2026-06-25,STR003,PRD006,5,875.00
2026-06-25,STR003,PRD007,6,168.00
2026-06-25,STR003,PRD008,4,208.00
2026-06-25,STR003,PRD009,3,135.00
2026-06-25,STR003,PRD010,3,114.00
2026-06-25,STR003,PRD011,7,770.00
2026-06-25,STR003,PRD012,4,880.00
2026-06-25,STR003,PRD013,7,455.00
2026-06-25,STR003,PRD014,3,120.00
2026-06-25,STR003,PRD015,3,60.00
2026-06-25,STR003,PRD016,6,1740.00
2026-06-25,STR003,PRD017,4,200.00
2026-06-25,STR003,PRD018,4,500.00
2026-06-25,STR003,PRD019,5,975.00
2026-06-25,STR003,PRD020,8,280.00
2026-06-25,STR003,PRD021,4,180.00
2026-06-25,STR003,PRD022,4,1120.00
2026-06-25,STR003,PRD024,5,750.00
2026-06-25,STR003,PRD025,3,180.00
2026-06-25,STR003,PRD026,3,225.00
2026-06-25,STR003,PRD027,2,80.00
2026-06-25,STR003,PRD028,8,240.00
2026-06-25,STR003,PRD029,4,960.00
2026-06-25,STR003,PRD030,2,370.00
2026-06-25,STR003,PRD031,6,570.00
2026-06-25,STR003,PRD032,7,840.00
2026-06-25,STR003,PRD033,5,425.00
2026-06-25,STR003,PRD034,5,1300.00
2026-06-25,STR003,PRD036,3,630.00
2026-06-25,STR003,PRD037,7,1393.00
2026-06-25,STR003,PRD038,5,575.00
2026-06-25,STR003,PRD039,6,1080.00
2026-06-25,STR003,PRD040,6,870.00
2026-06-25,STR003,PRD041,8,784.00
2026-06-25,STR003,PRD042,4,520.00
2026-06-25,STR003,PRD043,7,1470.00
2026-06-25,STR003,PRD044,5,550.00
2026-06-25,STR003,PRD045,4,700.00
2026-06-25,STR003,PRD046,5,800.00
2026-06-25,STR003,PRD047,2,112.00
2026-06-25,STR003,PRD048,4,280.00
2026-06-25,STR003,PRD049,3,174.00
2026-06-25,STR003,PRD050,6,570.00
2026-06-25,STR003,PRD051,4,360.00
2026-06-25,STR003,PRD052,8,1120.00
2026-06-25,STR003,PRD053,4,1800.00
2026-06-25,STR003,PRD054,6,3900.00
2026-06-25,STR003,PRD055,8,3120.00
2026-06-25,STR004,PRD001,4,2200.00
2026-06-25,STR004,PRD002,5,825.00
2026-06-25,STR004,PRD003,6,1470.00
2026-06-25,STR004,PRD004,4,240.00
2026-06-25,STR004,PRD005,6,2280.00
2026-06-25,STR004,PRD006,7,1225.00
2026-06-25,STR004,PRD007,5,140.00
2026-06-25,STR004,PRD008,6,312.00
2026-06-25,STR004,PRD009,7,315.00
2026-06-25,STR004,PRD010,6,228.00
2026-06-25,STR004,PRD011,6,660.00
2026-06-25,STR004,PRD012,2,440.00
2026-06-25,STR004,PRD013,7,455.00
2026-06-25,STR004,PRD014,7,280.00
2026-06-25,STR004,PRD015,4,80.00
2026-06-25,STR004,PRD016,7,2030.00
2026-06-25,STR004,PRD017,17,850.00
2026-06-25,STR004,PRD018,7,875.00
2026-06-25,STR004,PRD020,6,210.00
2026-06-25,STR004,PRD021,5,225.00
2026-06-25,STR004,PRD022,7,1960.00
2026-06-25,STR004,PRD023,2,640.00
2026-06-25,STR004,PRD024,2,300.00
2026-06-25,STR004,PRD025,5,300.00
2026-06-25,STR004,PRD026,7,525.00
2026-06-25,STR004,PRD027,2,80.00
2026-06-25,STR004,PRD028,6,180.00
2026-06-25,STR004,PRD029,6,1440.00
2026-06-25,STR004,PRD030,4,740.00
2026-06-25,STR004,PRD031,4,380.00
2026-06-25,STR004,PRD032,5,600.00
2026-06-25,STR004,PRD033,2,170.00
2026-06-25,STR004,PRD034,6,1560.00
2026-06-25,STR004,PRD035,6,2520.00
2026-06-25,STR004,PRD036,5,1050.00
2026-06-25,STR004,PRD037,7,1393.00
2026-06-25,STR004,PRD038,8,920.00
2026-06-25,STR004,PRD039,6,1080.00
2026-06-25,STR004,PRD040,3,435.00
2026-06-25,STR004,PRD041,6,588.00
2026-06-25,STR004,PRD042,7,910.00
2026-06-25,STR004,PRD043,2,420.00
2026-06-25,STR004,PRD044,3,330.00
2026-06-25,STR004,PRD045,5,875.00
2026-06-25,STR004,PRD046,5,800.00
2026-06-25,STR004,PRD047,6,336.00
2026-06-25,STR004,PRD048,4,280.00
2026-06-25,STR004,PRD049,4,232.00
2026-06-25,STR004,PRD050,7,665.00
2026-06-25,STR004,PRD051,7,630.00
2026-06-25,STR004,PRD052,7,980.00
2026-06-25,STR004,PRD053,5,2250.00
2026-06-25,STR004,PRD054,3,1950.00
2026-06-25,STR004,PRD055,4,1560.00
2026-06-26,STR001,PRD001,8,4400.00
2026-06-26,STR001,PRD002,8,1320.00
2026-06-26,STR001,PRD003,6,1470.00
2026-06-26,STR001,PRD004,13,780.00
2026-06-26,STR001,PRD005,8,3040.00
2026-06-26,STR001,PRD006,5,875.00
2026-06-26,STR001,PRD007,5,140.00
2026-06-26,STR001,PRD008,3,156.00
2026-06-26,STR001,PRD009,6,270.00
2026-06-26,STR001,PRD010,2,76.00
2026-06-26,STR001,PRD011,6,660.00
2026-06-26,STR001,PRD012,7,1540.00
2026-06-26,STR001,PRD013,1,65.00
2026-06-26,STR001,PRD014,6,240.00
2026-06-26,STR001,PRD015,6,120.00
2026-06-26,STR001,PRD016,3,870.00
2026-06-26,STR001,PRD017,6,300.00
2026-06-26,STR001,PRD018,6,750.00
2026-06-26,STR001,PRD019,4,780.00
2026-06-26,STR001,PRD020,1,35.00
2026-06-26,STR001,PRD021,6,270.00
2026-06-26,STR001,PRD022,6,1680.00
2026-06-26,STR001,PRD023,5,1600.00
2026-06-26,STR001,PRD024,5,750.00
2026-06-26,STR001,PRD025,5,300.00
2026-06-26,STR001,PRD026,3,225.00
2026-06-26,STR001,PRD027,5,200.00
2026-06-26,STR001,PRD028,1,30.00
2026-06-26,STR001,PRD029,7,1680.00
2026-06-26,STR001,PRD030,3,555.00
2026-06-26,STR001,PRD031,6,570.00
2026-06-26,STR001,PRD032,8,960.00
2026-06-26,STR001,PRD033,3,255.00
2026-06-26,STR001,PRD034,7,1820.00
2026-06-26,STR001,PRD035,7,2940.00
2026-06-26,STR001,PRD036,7,1470.00
2026-06-26,STR001,PRD037,5,995.00
2026-06-26,STR001,PRD038,1,115.00
2026-06-26,STR001,PRD039,8,1440.00
2026-06-26,STR001,PRD040,4,580.00
2026-06-26,STR001,PRD041,5,490.00
2026-06-26,STR001,PRD042,1,130.00
2026-06-26,STR001,PRD043,5,1050.00
2026-06-26,STR001,PRD044,5,550.00
2026-06-26,STR001,PRD045,5,875.00
2026-06-26,STR001,PRD046,6,960.00
2026-06-26,STR001,PRD047,5,280.00
2026-06-26,STR001,PRD048,2,140.00
2026-06-26,STR001,PRD049,5,290.00
2026-06-26,STR001,PRD050,5,475.00
2026-06-26,STR001,PRD052,4,560.00
2026-06-26,STR001,PRD054,6,3900.00
2026-06-26,STR001,PRD055,5,1950.00
2026-06-26,STR002,PRD001,5,2750.00
2026-06-26,STR002,PRD002,2,330.00
2026-06-26,STR002,PRD003,7,1715.00
2026-06-26,STR002,PRD004,6,360.00
2026-06-26,STR002,PRD005,3,1140.00
2026-06-26,STR002,PRD006,9,1575.00
2026-06-26,STR002,PRD007,7,196.00
2026-06-26,STR002,PRD008,5,260.00
2026-06-26,STR002,PRD009,4,180.00
2026-06-26,STR002,PRD010,7,266.00
2026-06-26,STR002,PRD011,8,880.00
2026-06-26,STR002,PRD012,5,1100.00
2026-06-26,STR002,PRD013,2,130.00
2026-06-26,STR002,PRD014,3,120.00
2026-06-26,STR002,PRD015,5,100.00
2026-06-26,STR002,PRD016,6,1740.00
2026-06-26,STR002,PRD017,6,300.00
2026-06-26,STR002,PRD018,8,1000.00
2026-06-26,STR002,PRD019,5,975.00
2026-06-26,STR002,PRD020,10,350.00
2026-06-26,STR002,PRD021,9,405.00
2026-06-26,STR002,PRD022,14,3920.00
2026-06-26,STR002,PRD023,7,2240.00
2026-06-26,STR002,PRD024,6,900.00
2026-06-26,STR002,PRD025,3,180.00
2026-06-26,STR002,PRD026,4,300.00
2026-06-26,STR002,PRD027,2,80.00
2026-06-26,STR002,PRD028,5,150.00
2026-06-26,STR002,PRD029,8,1920.00
2026-06-26,STR002,PRD030,5,925.00
2026-06-26,STR002,PRD031,6,570.00
2026-06-26,STR002,PRD032,5,600.00
2026-06-26,STR002,PRD034,4,1040.00
2026-06-26,STR002,PRD035,4,1680.00
2026-06-26,STR002,PRD036,3,630.00
2026-06-26,STR002,PRD037,6,1194.00
2026-06-26,STR002,PRD038,5,575.00
2026-06-26,STR002,PRD039,5,900.00
2026-06-26,STR002,PRD040,3,435.00
2026-06-26,STR002,PRD041,7,686.00
2026-06-26,STR002,PRD042,5,650.00
2026-06-26,STR002,PRD044,6,660.00
2026-06-26,STR002,PRD045,6,1050.00
2026-06-26,STR002,PRD046,5,800.00
2026-06-26,STR002,PRD047,7,392.00
2026-06-26,STR002,PRD048,14,980.00
2026-06-26,STR002,PRD049,4,232.00
2026-06-26,STR002,PRD050,5,475.00
2026-06-26,STR002,PRD051,4,360.00
2026-06-26,STR002,PRD053,4,1800.00
2026-06-26,STR002,PRD054,4,2600.00
2026-06-26,STR002,PRD055,7,2730.00
2026-06-26,STR003,PRD001,6,3300.00
2026-06-26,STR003,PRD002,2,330.00
2026-06-26,STR003,PRD003,3,735.00
2026-06-26,STR003,PRD004,2,120.00
2026-06-26,STR003,PRD005,6,2280.00
2026-06-26,STR003,PRD006,8,1400.00
2026-06-26,STR003,PRD007,3,84.00
2026-06-26,STR003,PRD008,6,312.00
2026-06-26,STR003,PRD009,3,135.00
2026-06-26,STR003,PRD010,4,152.00
2026-06-26,STR003,PRD011,4,440.00
2026-06-26,STR003,PRD012,6,1320.00
2026-06-26,STR003,PRD013,7,455.00
2026-06-26,STR003,PRD014,6,240.00
2026-06-26,STR003,PRD015,1,20.00
2026-06-26,STR003,PRD016,4,1160.00
2026-06-26,STR003,PRD017,2,100.00
2026-06-26,STR003,PRD018,6,750.00
2026-06-26,STR003,PRD019,6,1170.00
2026-06-26,STR003,PRD020,5,175.00
2026-06-26,STR003,PRD021,6,270.00
2026-06-26,STR003,PRD022,4,1120.00
2026-06-26,STR003,PRD023,1,320.00
2026-06-26,STR003,PRD024,9,1350.00
2026-06-26,STR003,PRD025,4,240.00
2026-06-26,STR003,PRD026,7,525.00
2026-06-26,STR003,PRD027,2,80.00
2026-06-26,STR003,PRD028,4,120.00
2026-06-26,STR003,PRD029,7,1680.00
2026-06-26,STR003,PRD030,6,1110.00
2026-06-26,STR003,PRD031,10,950.00
2026-06-26,STR003,PRD032,3,360.00
2026-06-26,STR003,PRD033,4,340.00
2026-06-26,STR003,PRD034,5,1300.00
2026-06-26,STR003,PRD035,1,420.00
2026-06-26,STR003,PRD036,3,630.00
2026-06-26,STR003,PRD037,7,1393.00
2026-06-26,STR003,PRD038,6,690.00
2026-06-26,STR003,PRD039,2,360.00
2026-06-26,STR003,PRD040,5,725.00
2026-06-26,STR003,PRD041,5,490.00
2026-06-26,STR003,PRD042,4,520.00
2026-06-26,STR003,PRD043,6,1260.00
2026-06-26,STR003,PRD044,5,550.00
2026-06-26,STR003,PRD045,3,525.00
2026-06-26,STR003,PRD046,2,320.00
2026-06-26,STR003,PRD047,2,112.00
2026-06-26,STR003,PRD048,5,350.00
2026-06-26,STR003,PRD049,5,290.00
2026-06-26,STR003,PRD050,3,285.00
2026-06-26,STR003,PRD051,4,360.00
2026-06-26,STR003,PRD052,8,1120.00
2026-06-26,STR003,PRD053,2,900.00
2026-06-26,STR003,PRD054,7,4550.00
2026-06-26,STR003,PRD055,7,2730.00
2026-06-26,STR004,PRD001,4,2200.00
2026-06-26,STR004,PRD002,6,990.00
2026-06-26,STR004,PRD003,4,980.00
2026-06-26,STR004,PRD004,3,180.00
2026-06-26,STR004,PRD005,3,1140.00
2026-06-26,STR004,PRD006,9,1575.00
2026-06-26,STR004,PRD007,6,168.00
2026-06-26,STR004,PRD008,7,364.00
2026-06-26,STR004,PRD009,4,180.00
2026-06-26,STR004,PRD010,4,152.00
2026-06-26,STR004,PRD011,3,330.00
2026-06-26,STR004,PRD012,5,1100.00
2026-06-26,STR004,PRD013,5,325.00
2026-06-26,STR004,PRD014,5,200.00
2026-06-26,STR004,PRD015,6,120.00
2026-06-26,STR004,PRD016,7,2030.00
2026-06-26,STR004,PRD017,14,700.00
2026-06-26,STR004,PRD018,5,625.00
2026-06-26,STR004,PRD020,5,175.00
2026-06-26,STR004,PRD021,4,180.00
2026-06-26,STR004,PRD022,6,1680.00
2026-06-26,STR004,PRD023,3,960.00
2026-06-26,STR004,PRD024,6,900.00
2026-06-26,STR004,PRD025,5,300.00
2026-06-26,STR004,PRD026,3,225.00
2026-06-26,STR004,PRD027,4,160.00
2026-06-26,STR004,PRD028,5,150.00
2026-06-26,STR004,PRD029,5,1200.00
2026-06-26,STR004,PRD030,6,1110.00
2026-06-26,STR004,PRD031,6,570.00
2026-06-26,STR004,PRD032,4,480.00
2026-06-26,STR004,PRD033,2,170.00
2026-06-26,STR004,PRD034,7,1820.00
2026-06-26,STR004,PRD035,7,2940.00
2026-06-26,STR004,PRD036,6,1260.00
2026-06-26,STR004,PRD037,5,995.00
2026-06-26,STR004,PRD038,7,805.00
2026-06-26,STR004,PRD039,6,1080.00
2026-06-26,STR004,PRD040,3,435.00
2026-06-26,STR004,PRD041,3,294.00
2026-06-26,STR004,PRD042,6,780.00
2026-06-26,STR004,PRD043,2,420.00
2026-06-26,STR004,PRD044,7,770.00
2026-06-26,STR004,PRD045,6,1050.00
2026-06-26,STR004,PRD046,5,800.00
2026-06-26,STR004,PRD047,6,336.00
2026-06-26,STR004,PRD048,7,490.00
2026-06-26,STR004,PRD049,5,290.00
2026-06-26,STR004,PRD050,8,760.00
2026-06-26,STR004,PRD051,9,810.00
2026-06-26,STR004,PRD052,4,560.00
2026-06-26,STR004,PRD053,5,2250.00
2026-06-26,STR004,PRD054,3,1950.00
2026-06-26,STR004,PRD055,6,2340.00
2026-06-27,STR001,PRD001,10,5500.00
2026-06-27,STR001,PRD002,9,1485.00
2026-06-27,STR001,PRD003,3,735.00
2026-06-27,STR001,PRD004,12,720.00
2026-06-27,STR001,PRD005,8,3040.00
2026-06-27,STR001,PRD006,5,875.00
2026-06-27,STR001,PRD007,8,224.00
2026-06-27,STR001,PRD008,2,104.00
2026-06-27,STR001,PRD009,7,315.00
2026-06-27,STR001,PRD010,2,76.00
2026-06-27,STR001,PRD011,5,550.00
2026-06-27,STR001,PRD012,3,660.00
2026-06-27,STR001,PRD013,5,325.00
2026-06-27,STR001,PRD014,6,240.00
2026-06-27,STR001,PRD015,4,80.00
2026-06-27,STR001,PRD016,4,1160.00
2026-06-27,STR001,PRD017,4,200.00
2026-06-27,STR001,PRD018,4,500.00
2026-06-27,STR001,PRD019,4,780.00
2026-06-27,STR001,PRD020,3,105.00
2026-06-27,STR001,PRD021,7,315.00
2026-06-27,STR001,PRD022,7,1960.00
2026-06-27,STR001,PRD023,4,1280.00
2026-06-27,STR001,PRD024,5,750.00
2026-06-27,STR001,PRD025,7,420.00
2026-06-27,STR001,PRD026,3,225.00
2026-06-27,STR001,PRD027,2,80.00
2026-06-27,STR001,PRD028,1,30.00
2026-06-27,STR001,PRD029,5,1200.00
2026-06-27,STR001,PRD030,4,740.00
2026-06-27,STR001,PRD031,4,380.00
2026-06-27,STR001,PRD032,8,960.00
2026-06-27,STR001,PRD033,7,595.00
2026-06-27,STR001,PRD034,7,1820.00
2026-06-27,STR001,PRD035,7,2940.00
2026-06-27,STR001,PRD036,7,1470.00
2026-06-27,STR001,PRD037,8,1592.00
2026-06-27,STR001,PRD039,8,1440.00
2026-06-27,STR001,PRD040,4,580.00
2026-06-27,STR001,PRD041,5,490.00
2026-06-27,STR001,PRD042,1,130.00
2026-06-27,STR001,PRD043,4,840.00
2026-06-27,STR001,PRD044,2,220.00
2026-06-27,STR001,PRD045,4,700.00
2026-06-27,STR001,PRD046,3,480.00
2026-06-27,STR001,PRD047,5,280.00
2026-06-27,STR001,PRD048,6,420.00
2026-06-27,STR001,PRD049,7,406.00
2026-06-27,STR001,PRD050,4,380.00
2026-06-27,STR001,PRD052,3,420.00
2026-06-27,STR001,PRD054,8,5200.00
2026-06-27,STR001,PRD055,7,2730.00
2026-06-27,STR002,PRD001,4,2200.00
2026-06-27,STR002,PRD002,3,495.00
2026-06-27,STR002,PRD003,5,1225.00
2026-06-27,STR002,PRD004,3,180.00
2026-06-27,STR002,PRD005,3,1140.00
2026-06-27,STR002,PRD006,8,1400.00
2026-06-27,STR002,PRD007,4,112.00
2026-06-27,STR002,PRD008,5,260.00
2026-06-27,STR002,PRD009,7,315.00
2026-06-27,STR002,PRD010,5,190.00
2026-06-27,STR002,PRD011,5,550.00
2026-06-27,STR002,PRD012,3,660.00
2026-06-27,STR002,PRD013,1,65.00
2026-06-27,STR002,PRD014,3,120.00
2026-06-27,STR002,PRD015,5,100.00
2026-06-27,STR002,PRD016,6,1740.00
2026-06-27,STR002,PRD017,8,400.00
2026-06-27,STR002,PRD018,7,875.00
2026-06-27,STR002,PRD019,5,975.00
2026-06-27,STR002,PRD020,7,245.00
2026-06-27,STR002,PRD021,11,495.00
2026-06-27,STR002,PRD022,13,3640.00
2026-06-27,STR002,PRD023,3,960.00
2026-06-27,STR002,PRD024,6,900.00
2026-06-27,STR002,PRD025,5,300.00
2026-06-27,STR002,PRD026,5,375.00
2026-06-27,STR002,PRD027,5,200.00
2026-06-27,STR002,PRD028,7,210.00
2026-06-27,STR002,PRD029,9,2160.00
2026-06-27,STR002,PRD030,7,1295.00
2026-06-27,STR002,PRD031,6,570.00
2026-06-27,STR002,PRD032,9,1080.00
2026-06-27,STR002,PRD034,5,1300.00
2026-06-27,STR002,PRD035,1,420.00
2026-06-27,STR002,PRD036,4,840.00
2026-06-27,STR002,PRD037,7,1393.00
2026-06-27,STR002,PRD038,4,460.00
2026-06-27,STR002,PRD039,4,720.00
2026-06-27,STR002,PRD040,5,725.00
2026-06-27,STR002,PRD041,7,686.00
2026-06-27,STR002,PRD042,8,1040.00
2026-06-27,STR002,PRD044,5,550.00
2026-06-27,STR002,PRD045,8,1400.00
2026-06-27,STR002,PRD046,4,640.00
2026-06-27,STR002,PRD047,8,448.00
2026-06-27,STR002,PRD048,10,700.00
2026-06-27,STR002,PRD049,4,232.00
2026-06-27,STR002,PRD050,4,380.00
2026-06-27,STR002,PRD051,7,630.00
2026-06-27,STR002,PRD053,6,2700.00
2026-06-27,STR002,PRD054,5,3250.00
2026-06-27,STR002,PRD055,7,2730.00
2026-06-27,STR003,PRD001,8,4400.00
2026-06-27,STR003,PRD002,3,495.00
2026-06-27,STR003,PRD003,6,1470.00
2026-06-27,STR003,PRD004,4,240.00
2026-06-27,STR003,PRD005,9,3420.00
2026-06-27,STR003,PRD006,4,700.00
2026-06-27,STR003,PRD007,6,168.00
2026-06-27,STR003,PRD008,5,260.00
2026-06-27,STR003,PRD009,6,270.00
2026-06-27,STR003,PRD010,5,190.00
2026-06-27,STR003,PRD011,4,440.00
2026-06-27,STR003,PRD012,8,1760.00
2026-06-27,STR003,PRD013,4,260.00
2026-06-27,STR003,PRD014,4,160.00
2026-06-27,STR003,PRD015,5,100.00
2026-06-27,STR003,PRD016,6,1740.00
2026-06-27,STR003,PRD017,2,100.00
2026-06-27,STR003,PRD018,5,625.00
2026-06-27,STR003,PRD019,8,1560.00
2026-06-27,STR003,PRD020,6,210.00
2026-06-27,STR003,PRD021,5,225.00
2026-06-27,STR003,PRD024,8,1200.00
2026-06-27,STR003,PRD025,5,300.00
2026-06-27,STR003,PRD026,4,300.00
2026-06-27,STR003,PRD027,4,160.00
2026-06-27,STR003,PRD028,4,120.00
2026-06-27,STR003,PRD029,6,1440.00
2026-06-27,STR003,PRD030,4,740.00
2026-06-27,STR003,PRD031,6,570.00
2026-06-27,STR003,PRD032,3,360.00
2026-06-27,STR003,PRD033,2,170.00
2026-06-27,STR003,PRD034,4,1040.00
2026-06-27,STR003,PRD036,4,840.00
2026-06-27,STR003,PRD037,3,597.00
2026-06-27,STR003,PRD038,8,920.00
2026-06-27,STR003,PRD039,5,900.00
2026-06-27,STR003,PRD040,6,870.00
2026-06-27,STR003,PRD041,9,882.00
2026-06-27,STR003,PRD042,5,650.00
2026-06-27,STR003,PRD043,6,1260.00
2026-06-27,STR003,PRD044,7,770.00
2026-06-27,STR003,PRD045,4,700.00
2026-06-27,STR003,PRD046,2,320.00
2026-06-27,STR003,PRD047,3,168.00
2026-06-27,STR003,PRD048,5,350.00
2026-06-27,STR003,PRD049,6,348.00
2026-06-27,STR003,PRD050,3,285.00
2026-06-27,STR003,PRD051,2,180.00
2026-06-27,STR003,PRD052,5,700.00
2026-06-27,STR003,PRD053,3,1350.00
2026-06-27,STR003,PRD054,5,3250.00
2026-06-27,STR003,PRD055,7,2730.00
2026-06-27,STR004,PRD001,2,1100.00
2026-06-27,STR004,PRD002,4,660.00
2026-06-27,STR004,PRD003,7,1715.00
2026-06-27,STR004,PRD004,4,240.00
2026-06-27,STR004,PRD005,3,1140.00
2026-06-27,STR004,PRD006,5,875.00
2026-06-27,STR004,PRD007,4,112.00
2026-06-27,STR004,PRD008,4,208.00
2026-06-27,STR004,PRD009,4,180.00
2026-06-27,STR004,PRD010,8,304.00
2026-06-27,STR004,PRD011,4,440.00
2026-06-27,STR004,PRD012,1,220.00
2026-06-27,STR004,PRD013,6,390.00
2026-06-27,STR004,PRD014,6,240.00
2026-06-27,STR004,PRD015,6,120.00
2026-06-27,STR004,PRD016,8,2320.00
2026-06-27,STR004,PRD017,13,650.00
2026-06-27,STR004,PRD018,9,1125.00
2026-06-27,STR004,PRD020,4,140.00
2026-06-27,STR004,PRD021,3,135.00
2026-06-27,STR004,PRD022,8,2240.00
2026-06-27,STR004,PRD023,5,1600.00
2026-06-27,STR004,PRD024,5,750.00
2026-06-27,STR004,PRD025,6,360.00
2026-06-27,STR004,PRD026,6,450.00
2026-06-27,STR004,PRD027,2,80.00
2026-06-27,STR004,PRD028,6,180.00
2026-06-27,STR004,PRD029,9,2160.00
2026-06-27,STR004,PRD030,2,370.00
2026-06-27,STR004,PRD031,5,475.00
2026-06-27,STR004,PRD032,7,840.00
2026-06-27,STR004,PRD033,3,255.00
2026-06-27,STR004,PRD034,9,2340.00
2026-06-27,STR004,PRD035,8,3360.00
2026-06-27,STR004,PRD036,6,1260.00
2026-06-27,STR004,PRD037,5,995.00
2026-06-27,STR004,PRD038,5,575.00
2026-06-27,STR004,PRD039,3,540.00
2026-06-27,STR004,PRD041,4,392.00
2026-06-27,STR004,PRD042,3,390.00
2026-06-27,STR004,PRD043,2,420.00
2026-06-27,STR004,PRD044,3,330.00
2026-06-27,STR004,PRD045,9,1575.00
2026-06-27,STR004,PRD046,6,960.00
2026-06-27,STR004,PRD047,6,336.00
2026-06-27,STR004,PRD048,5,350.00
2026-06-27,STR004,PRD049,3,174.00
2026-06-27,STR004,PRD050,5,475.00
2026-06-27,STR004,PRD051,5,450.00
2026-06-27,STR004,PRD052,6,840.00
2026-06-27,STR004,PRD053,5,2250.00
2026-06-27,STR004,PRD054,3,1950.00
2026-06-27,STR004,PRD055,4,1560.00
2026-06-28,STR001,PRD001,10,5500.00
2026-06-28,STR001,PRD002,12,1980.00
2026-06-28,STR001,PRD003,6,1470.00
2026-06-28,STR001,PRD004,14,840.00
2026-06-28,STR001,PRD005,5,1900.00
2026-06-28,STR001,PRD006,7,1225.00
2026-06-28,STR001,PRD007,9,252.00
2026-06-28,STR001,PRD008,3,156.00
2026-06-28,STR001,PRD009,3,135.00
2026-06-28,STR001,PRD010,1,38.00
2026-06-28,STR001,PRD011,5,550.00
2026-06-28,STR001,PRD012,5,1100.00
2026-06-28,STR001,PRD013,3,195.00
2026-06-28,STR001,PRD014,5,200.00
2026-06-28,STR001,PRD015,4,80.00
2026-06-28,STR001,PRD016,6,1740.00
2026-06-28,STR001,PRD017,6,300.00
2026-06-28,STR001,PRD018,3,375.00
2026-06-28,STR001,PRD019,6,1170.00
2026-06-28,STR001,PRD020,4,140.00
2026-06-28,STR001,PRD021,5,225.00
2026-06-28,STR001,PRD022,4,1120.00
2026-06-28,STR001,PRD023,4,1280.00
2026-06-28,STR001,PRD024,4,600.00
2026-06-28,STR001,PRD025,9,540.00
2026-06-28,STR001,PRD026,5,375.00
2026-06-28,STR001,PRD027,5,200.00
2026-06-28,STR001,PRD028,2,60.00
2026-06-28,STR001,PRD029,5,1200.00
2026-06-28,STR001,PRD030,7,1295.00
2026-06-28,STR001,PRD031,4,380.00
2026-06-28,STR001,PRD032,4,480.00
2026-06-28,STR001,PRD033,7,595.00
2026-06-28,STR001,PRD034,9,2340.00
2026-06-28,STR001,PRD035,3,1260.00
2026-06-28,STR001,PRD036,6,1260.00
2026-06-28,STR001,PRD037,8,1592.00
2026-06-28,STR001,PRD038,1,115.00
2026-06-28,STR001,PRD039,7,1260.00
2026-06-28,STR001,PRD040,7,1015.00
2026-06-28,STR001,PRD041,6,588.00
2026-06-28,STR001,PRD042,3,390.00
2026-06-28,STR001,PRD043,6,1260.00
2026-06-28,STR001,PRD044,6,660.00
2026-06-28,STR001,PRD045,5,875.00
2026-06-28,STR001,PRD046,4,640.00
2026-06-28,STR001,PRD047,2,112.00
2026-06-28,STR001,PRD048,6,420.00
2026-06-28,STR001,PRD049,8,464.00
2026-06-28,STR001,PRD050,5,475.00
2026-06-28,STR001,PRD052,6,840.00
2026-06-28,STR001,PRD054,8,5200.00
2026-06-28,STR001,PRD055,7,2730.00
2026-06-28,STR002,PRD001,4,2200.00
2026-06-28,STR002,PRD002,6,990.00
2026-06-28,STR002,PRD003,5,1225.00
2026-06-28,STR002,PRD004,4,240.00
2026-06-28,STR002,PRD005,4,1520.00
2026-06-28,STR002,PRD006,5,875.00
2026-06-28,STR002,PRD007,4,112.00
2026-06-28,STR002,PRD008,3,156.00
2026-06-28,STR002,PRD009,7,315.00
2026-06-28,STR002,PRD010,4,152.00
2026-06-28,STR002,PRD011,5,550.00
2026-06-28,STR002,PRD012,6,1320.00
2026-06-28,STR002,PRD013,4,260.00
2026-06-28,STR002,PRD014,5,200.00
2026-06-28,STR002,PRD015,2,40.00
2026-06-28,STR002,PRD016,4,1160.00
2026-06-28,STR002,PRD017,7,350.00
2026-06-28,STR002,PRD018,9,1125.00
2026-06-28,STR002,PRD019,3,585.00
2026-06-28,STR002,PRD020,6,210.00
2026-06-28,STR002,PRD021,9,405.00
2026-06-28,STR002,PRD022,12,3360.00
2026-06-28,STR002,PRD023,5,1600.00
2026-06-28,STR002,PRD024,2,300.00
2026-06-28,STR002,PRD025,4,240.00
2026-06-28,STR002,PRD026,5,375.00
2026-06-28,STR002,PRD027,6,240.00
2026-06-28,STR002,PRD028,7,210.00
2026-06-28,STR002,PRD029,7,1680.00
2026-06-28,STR002,PRD030,3,555.00
2026-06-28,STR002,PRD031,2,190.00
2026-06-28,STR002,PRD032,7,840.00
2026-06-28,STR002,PRD033,2,170.00
2026-06-28,STR002,PRD034,4,1040.00
2026-06-28,STR002,PRD035,5,2100.00
2026-06-28,STR002,PRD036,5,1050.00
2026-06-28,STR002,PRD037,4,796.00
2026-06-28,STR002,PRD038,5,575.00
2026-06-28,STR002,PRD039,4,720.00
2026-06-28,STR002,PRD040,3,435.00
2026-06-28,STR002,PRD041,5,490.00
2026-06-28,STR002,PRD042,8,1040.00
2026-06-28,STR002,PRD044,5,550.00
2026-06-28,STR002,PRD045,5,875.00
2026-06-28,STR002,PRD046,4,640.00
2026-06-28,STR002,PRD047,5,280.00
2026-06-28,STR002,PRD048,13,910.00
2026-06-28,STR002,PRD049,7,406.00
2026-06-28,STR002,PRD050,4,380.00
2026-06-28,STR002,PRD051,7,630.00
2026-06-28,STR002,PRD053,6,2700.00
2026-06-28,STR002,PRD054,3,1950.00
2026-06-28,STR002,PRD055,9,3510.00
2026-06-28,STR003,PRD001,6,3300.00
2026-06-28,STR003,PRD002,6,990.00
2026-06-28,STR003,PRD003,5,1225.00
2026-06-28,STR003,PRD004,6,360.00
2026-06-28,STR003,PRD005,9,3420.00
2026-06-28,STR003,PRD006,4,700.00
2026-06-28,STR003,PRD007,3,84.00
2026-06-28,STR003,PRD008,8,416.00
2026-06-28,STR003,PRD009,5,225.00
2026-06-28,STR003,PRD010,4,152.00
2026-06-28,STR003,PRD011,4,440.00
2026-06-28,STR003,PRD012,5,1100.00
2026-06-28,STR003,PRD013,6,390.00
2026-06-28,STR003,PRD014,3,120.00
2026-06-28,STR003,PRD015,3,60.00
2026-06-28,STR003,PRD016,5,1450.00
2026-06-28,STR003,PRD017,5,250.00
2026-06-28,STR003,PRD018,3,375.00
2026-06-28,STR003,PRD019,9,1755.00
2026-06-28,STR003,PRD020,8,280.00
2026-06-28,STR003,PRD021,5,225.00
2026-06-28,STR003,PRD022,1,280.00
2026-06-28,STR003,PRD023,3,960.00
2026-06-28,STR003,PRD024,5,750.00
2026-06-28,STR003,PRD025,3,180.00
2026-06-28,STR003,PRD026,5,375.00
2026-06-28,STR003,PRD027,1,40.00
2026-06-28,STR003,PRD028,6,180.00
2026-06-28,STR003,PRD029,7,1680.00
2026-06-28,STR003,PRD030,2,370.00
2026-06-28,STR003,PRD031,8,760.00
2026-06-28,STR003,PRD032,4,480.00
2026-06-28,STR003,PRD033,4,340.00
2026-06-28,STR003,PRD034,7,1820.00
2026-06-28,STR003,PRD036,4,840.00
2026-06-28,STR003,PRD037,4,796.00
2026-06-28,STR003,PRD038,8,920.00
2026-06-28,STR003,PRD039,4,720.00
2026-06-28,STR003,PRD040,3,435.00
2026-06-28,STR003,PRD041,5,490.00
2026-06-28,STR003,PRD042,6,780.00
2026-06-28,STR003,PRD043,3,630.00
2026-06-28,STR003,PRD044,4,440.00
2026-06-28,STR003,PRD045,1,175.00
2026-06-28,STR003,PRD046,5,800.00
2026-06-28,STR003,PRD047,6,336.00
2026-06-28,STR003,PRD048,3,210.00
2026-06-28,STR003,PRD049,5,290.00
2026-06-28,STR003,PRD050,6,570.00
2026-06-28,STR003,PRD051,2,180.00
2026-06-28,STR003,PRD052,5,700.00
2026-06-28,STR003,PRD053,4,1800.00
2026-06-28,STR003,PRD054,8,5200.00
2026-06-28,STR003,PRD055,8,3120.00
2026-06-28,STR004,PRD001,2,1100.00
2026-06-28,STR004,PRD002,4,660.00
2026-06-28,STR004,PRD003,5,1225.00
2026-06-28,STR004,PRD004,2,120.00
2026-06-28,STR004,PRD005,6,2280.00
2026-06-28,STR004,PRD006,6,1050.00
2026-06-28,STR004,PRD007,4,112.00
2026-06-28,STR004,PRD008,3,156.00
2026-06-28,STR004,PRD009,7,315.00
2026-06-28,STR004,PRD010,7,266.00
2026-06-28,STR004,PRD011,6,660.00
2026-06-28,STR004,PRD012,1,220.00
2026-06-28,STR004,PRD013,3,195.00
2026-06-28,STR004,PRD014,5,200.00
2026-06-28,STR004,PRD015,3,60.00
2026-06-28,STR004,PRD016,8,2320.00
2026-06-28,STR004,PRD017,13,650.00
2026-06-28,STR004,PRD018,7,875.00
2026-06-28,STR004,PRD020,3,105.00
2026-06-28,STR004,PRD021,2,90.00
2026-06-28,STR004,PRD022,8,2240.00
2026-06-28,STR004,PRD023,4,1280.00
2026-06-28,STR004,PRD024,2,300.00
2026-06-28,STR004,PRD025,7,420.00
2026-06-28,STR004,PRD026,5,375.00
2026-06-28,STR004,PRD027,3,120.00
2026-06-28,STR004,PRD028,4,120.00
2026-06-28,STR004,PRD029,6,1440.00
2026-06-28,STR004,PRD030,3,555.00
2026-06-28,STR004,PRD031,6,570.00
2026-06-28,STR004,PRD032,5,600.00
2026-06-28,STR004,PRD033,5,425.00
2026-06-28,STR004,PRD034,7,1820.00
2026-06-28,STR004,PRD035,7,2940.00
2026-06-28,STR004,PRD036,5,1050.00
2026-06-28,STR004,PRD037,7,1393.00
2026-06-28,STR004,PRD038,5,575.00
2026-06-28,STR004,PRD039,3,540.00
2026-06-28,STR004,PRD040,1,145.00
2026-06-28,STR004,PRD041,2,196.00
2026-06-28,STR004,PRD042,3,390.00
2026-06-28,STR004,PRD043,5,1050.00
2026-06-28,STR004,PRD044,7,770.00
2026-06-28,STR004,PRD045,9,1575.00
2026-06-28,STR004,PRD046,2,320.00
2026-06-28,STR004,PRD047,5,280.00
2026-06-28,STR004,PRD048,7,490.00
2026-06-28,STR004,PRD049,5,290.00
2026-06-28,STR004,PRD050,9,855.00
2026-06-28,STR004,PRD051,7,630.00
2026-06-28,STR004,PRD052,5,700.00
2026-06-28,STR004,PRD053,5,2250.00
2026-06-28,STR004,PRD054,4,2600.00
2026-06-28,STR004,PRD055,6,2340.00
2026-06-29,STR001,PRD001,8,4400.00
2026-06-29,STR001,PRD002,9,1485.00
2026-06-29,STR001,PRD003,2,490.00
2026-06-29,STR001,PRD004,12,720.00
2026-06-29,STR001,PRD005,8,3040.00
2026-06-29,STR001,PRD006,6,1050.00
2026-06-29,STR001,PRD007,9,252.00
2026-06-29,STR001,PRD008,4,208.00
2026-06-29,STR001,PRD009,3,135.00
2026-06-29,STR001,PRD010,2,76.00
2026-06-29,STR001,PRD011,3,330.00
2026-06-29,STR001,PRD012,6,1320.00
2026-06-29,STR001,PRD013,1,65.00
2026-06-29,STR001,PRD014,2,80.00
2026-06-29,STR001,PRD015,7,140.00
2026-06-29,STR001,PRD016,3,870.00
2026-06-29,STR001,PRD017,2,100.00
2026-06-29,STR001,PRD018,6,750.00
2026-06-29,STR001,PRD019,7,1365.00
2026-06-29,STR001,PRD020,2,70.00
2026-06-29,STR001,PRD021,8,360.00
2026-06-29,STR001,PRD022,8,2240.00
2026-06-29,STR001,PRD023,5,1600.00
2026-06-29,STR001,PRD024,6,900.00
2026-06-29,STR001,PRD025,7,420.00
2026-06-29,STR001,PRD026,4,300.00
2026-06-29,STR001,PRD027,3,120.00
2026-06-29,STR001,PRD028,2,60.00
2026-06-29,STR001,PRD029,8,1920.00
2026-06-29,STR001,PRD030,3,555.00
2026-06-29,STR001,PRD031,7,665.00
2026-06-29,STR001,PRD032,8,960.00
2026-06-29,STR001,PRD033,4,340.00
2026-06-29,STR001,PRD034,5,1300.00
2026-06-29,STR001,PRD035,6,2520.00
2026-06-29,STR001,PRD036,3,630.00
2026-06-29,STR001,PRD037,7,1393.00
2026-06-29,STR001,PRD038,1,115.00
2026-06-29,STR001,PRD039,7,1260.00
2026-06-29,STR001,PRD040,6,870.00
2026-06-29,STR001,PRD041,5,490.00
2026-06-29,STR001,PRD042,2,260.00
2026-06-29,STR001,PRD043,3,630.00
2026-06-29,STR001,PRD044,6,660.00
2026-06-29,STR001,PRD045,3,525.00
2026-06-29,STR001,PRD046,4,640.00
2026-06-29,STR001,PRD047,4,224.00
2026-06-29,STR001,PRD048,3,210.00
2026-06-29,STR001,PRD049,6,348.00
2026-06-29,STR001,PRD050,4,380.00
2026-06-29,STR001,PRD052,5,700.00
2026-06-29,STR001,PRD054,5,3250.00
2026-06-29,STR001,PRD055,7,2730.00
2026-06-29,STR002,PRD001,3,1650.00
2026-06-29,STR002,PRD002,4,660.00
2026-06-29,STR002,PRD003,7,1715.00
2026-06-29,STR002,PRD004,5,300.00
2026-06-29,STR002,PRD005,4,1520.00
2026-06-29,STR002,PRD006,7,1225.00
2026-06-29,STR002,PRD007,6,168.00
2026-06-29,STR002,PRD008,7,364.00
2026-06-29,STR002,PRD009,8,360.00
2026-06-29,STR002,PRD010,5,190.00
2026-06-29,STR002,PRD011,8,880.00
2026-06-29,STR002,PRD012,2,440.00
2026-06-29,STR002,PRD013,4,260.00
2026-06-29,STR002,PRD014,2,80.00
2026-06-29,STR002,PRD015,4,80.00
2026-06-29,STR002,PRD016,6,1740.00
2026-06-29,STR002,PRD017,5,250.00
2026-06-29,STR002,PRD018,7,875.00
2026-06-29,STR002,PRD019,6,1170.00
2026-06-29,STR002,PRD020,9,315.00
2026-06-29,STR002,PRD021,11,495.00
2026-06-29,STR002,PRD022,14,3920.00
2026-06-29,STR002,PRD023,6,1920.00
2026-06-29,STR002,PRD024,3,450.00
2026-06-29,STR002,PRD025,6,360.00
2026-06-29,STR002,PRD026,4,300.00
2026-06-29,STR002,PRD027,6,240.00
2026-06-29,STR002,PRD028,4,120.00
2026-06-29,STR002,PRD029,8,1920.00
2026-06-29,STR002,PRD030,6,1110.00
2026-06-29,STR002,PRD031,2,190.00
2026-06-29,STR002,PRD032,7,840.00
2026-06-29,STR002,PRD034,5,1300.00
2026-06-29,STR002,PRD035,4,1680.00
2026-06-29,STR002,PRD036,4,840.00
2026-06-29,STR002,PRD037,8,1592.00
2026-06-29,STR002,PRD038,6,690.00
2026-06-29,STR002,PRD039,7,1260.00
2026-06-29,STR002,PRD040,2,290.00
2026-06-29,STR002,PRD041,4,392.00
2026-06-29,STR002,PRD042,5,650.00
2026-06-29,STR002,PRD044,9,990.00
2026-06-29,STR002,PRD045,7,1225.00
2026-06-29,STR002,PRD046,1,160.00
2026-06-29,STR002,PRD047,8,448.00
2026-06-29,STR002,PRD048,14,980.00
2026-06-29,STR002,PRD049,6,348.00
2026-06-29,STR002,PRD050,4,380.00
2026-06-29,STR002,PRD051,8,720.00
2026-06-29,STR002,PRD053,3,1350.00
2026-06-29,STR002,PRD054,6,3900.00
2026-06-29,STR002,PRD055,6,2340.00
2026-06-29,STR003,PRD001,6,3300.00
2026-06-29,STR003,PRD002,5,825.00
2026-06-29,STR003,PRD003,3,735.00
2026-06-29,STR003,PRD004,6,360.00
2026-06-29,STR003,PRD005,5,1900.00
2026-06-29,STR003,PRD006,8,1400.00
2026-06-29,STR003,PRD007,5,140.00
2026-06-29,STR003,PRD008,6,312.00
2026-06-29,STR003,PRD009,6,270.00
2026-06-29,STR003,PRD010,2,76.00
2026-06-29,STR003,PRD011,4,440.00
2026-06-29,STR003,PRD012,5,1100.00
2026-06-29,STR003,PRD013,5,325.00
2026-06-29,STR003,PRD014,7,280.00
2026-06-29,STR003,PRD015,1,20.00
2026-06-29,STR003,PRD016,3,870.00
2026-06-29,STR003,PRD017,2,100.00
2026-06-29,STR003,PRD018,5,625.00
2026-06-29,STR003,PRD019,9,1755.00
2026-06-29,STR003,PRD020,6,210.00
2026-06-29,STR003,PRD021,5,225.00
2026-06-29,STR003,PRD022,4,1120.00
2026-06-29,STR003,PRD023,3,960.00
2026-06-29,STR003,PRD024,8,1200.00
2026-06-29,STR003,PRD025,2,120.00
2026-06-29,STR003,PRD026,4,300.00
2026-06-29,STR003,PRD027,3,120.00
2026-06-29,STR003,PRD028,6,180.00
2026-06-29,STR003,PRD029,8,1920.00
2026-06-29,STR003,PRD030,4,740.00
2026-06-29,STR003,PRD031,8,760.00
2026-06-29,STR003,PRD032,5,600.00
2026-06-29,STR003,PRD033,2,170.00
2026-06-29,STR003,PRD034,8,2080.00
2026-06-29,STR003,PRD035,1,420.00
2026-06-29,STR003,PRD036,6,1260.00
2026-06-29,STR003,PRD037,6,1194.00
2026-06-29,STR003,PRD038,5,575.00
2026-06-29,STR003,PRD039,4,720.00
2026-06-29,STR003,PRD040,2,290.00
2026-06-29,STR003,PRD041,7,686.00
2026-06-29,STR003,PRD042,8,1040.00
2026-06-29,STR003,PRD043,3,630.00
2026-06-29,STR003,PRD044,3,330.00
2026-06-29,STR003,PRD045,5,875.00
2026-06-29,STR003,PRD046,4,640.00
2026-06-29,STR003,PRD047,2,112.00
2026-06-29,STR003,PRD048,5,350.00
2026-06-29,STR003,PRD049,2,116.00
2026-06-29,STR003,PRD050,3,285.00
2026-06-29,STR003,PRD051,4,360.00
2026-06-29,STR003,PRD052,8,1120.00
2026-06-29,STR003,PRD053,5,2250.00
2026-06-29,STR003,PRD054,7,4550.00
2026-06-29,STR003,PRD055,7,2730.00
2026-06-29,STR004,PRD001,2,1100.00
2026-06-29,STR004,PRD002,5,825.00
2026-06-29,STR004,PRD003,7,1715.00
2026-06-29,STR004,PRD004,6,360.00
2026-06-29,STR004,PRD005,3,1140.00
2026-06-29,STR004,PRD006,6,1050.00
2026-06-29,STR004,PRD007,6,168.00
2026-06-29,STR004,PRD008,4,208.00
2026-06-29,STR004,PRD009,5,225.00
2026-06-29,STR004,PRD010,8,304.00
2026-06-29,STR004,PRD011,5,550.00
2026-06-29,STR004,PRD012,3,660.00
2026-06-29,STR004,PRD013,6,390.00
2026-06-29,STR004,PRD014,4,160.00
2026-06-29,STR004,PRD015,5,100.00
2026-06-29,STR004,PRD016,5,1450.00
2026-06-29,STR004,PRD017,14,700.00
2026-06-29,STR004,PRD018,5,625.00
2026-06-29,STR004,PRD019,1,195.00
2026-06-29,STR004,PRD020,3,105.00
2026-06-29,STR004,PRD021,3,135.00
2026-06-29,STR004,PRD022,7,1960.00
2026-06-29,STR004,PRD023,5,1600.00
2026-06-29,STR004,PRD024,3,450.00
2026-06-29,STR004,PRD025,3,180.00
2026-06-29,STR004,PRD026,4,300.00
2026-06-29,STR004,PRD027,5,200.00
2026-06-29,STR004,PRD028,5,150.00
2026-06-29,STR004,PRD029,9,2160.00
2026-06-29,STR004,PRD030,5,925.00
2026-06-29,STR004,PRD031,8,760.00
2026-06-29,STR004,PRD032,4,480.00
2026-06-29,STR004,PRD033,4,340.00
2026-06-29,STR004,PRD034,9,2340.00
2026-06-29,STR004,PRD035,7,2940.00
2026-06-29,STR004,PRD036,9,1890.00
2026-06-29,STR004,PRD037,8,1592.00
2026-06-29,STR004,PRD038,7,805.00
2026-06-29,STR004,PRD039,4,720.00
2026-06-29,STR004,PRD041,3,294.00
2026-06-29,STR004,PRD042,6,780.00
2026-06-29,STR004,PRD043,5,1050.00
2026-06-29,STR004,PRD044,3,330.00
2026-06-29,STR004,PRD045,9,1575.00
2026-06-29,STR004,PRD046,5,800.00
2026-06-29,STR004,PRD047,5,280.00
2026-06-29,STR004,PRD048,7,490.00
2026-06-29,STR004,PRD049,5,290.00
2026-06-29,STR004,PRD050,8,760.00
2026-06-29,STR004,PRD051,9,810.00
2026-06-29,STR004,PRD052,7,980.00
2026-06-29,STR004,PRD053,6,2700.00
2026-06-29,STR004,PRD054,2,1300.00
2026-06-29,STR004,PRD055,2,780.00
2026-06-30,STR001,PRD001,10,5500.00
2026-06-30,STR001,PRD002,11,1815.00
2026-06-30,STR001,PRD003,4,980.00
2026-06-30,STR001,PRD004,10,600.00
2026-06-30,STR001,PRD005,8,3040.00
2026-06-30,STR001,PRD006,7,1225.00
2026-06-30,STR001,PRD007,5,140.00
2026-06-30,STR001,PRD008,2,104.00
2026-06-30,STR001,PRD009,7,315.00
2026-06-30,STR001,PRD010,3,114.00
2026-06-30,STR001,PRD011,6,660.00
2026-06-30,STR001,PRD012,7,1540.00
2026-06-30,STR001,PRD013,1,65.00
2026-06-30,STR001,PRD014,6,240.00
2026-06-30,STR001,PRD015,8,160.00
2026-06-30,STR001,PRD016,3,870.00
2026-06-30,STR001,PRD017,3,150.00
2026-06-30,STR001,PRD018,6,750.00
2026-06-30,STR001,PRD019,4,780.00
2026-06-30,STR001,PRD020,5,175.00
2026-06-30,STR001,PRD021,8,360.00
2026-06-30,STR001,PRD022,6,1680.00
2026-06-30,STR001,PRD023,6,1920.00
2026-06-30,STR001,PRD024,2,300.00
2026-06-30,STR001,PRD025,7,420.00
2026-06-30,STR001,PRD026,6,450.00
2026-06-30,STR001,PRD027,1,40.00
2026-06-30,STR001,PRD028,4,120.00
2026-06-30,STR001,PRD029,7,1680.00
2026-06-30,STR001,PRD030,7,1295.00
2026-06-30,STR001,PRD031,7,665.00
2026-06-30,STR001,PRD032,8,960.00
2026-06-30,STR001,PRD033,5,425.00
2026-06-30,STR001,PRD034,8,2080.00
2026-06-30,STR001,PRD035,5,2100.00
2026-06-30,STR001,PRD036,5,1050.00
2026-06-30,STR001,PRD037,6,1194.00
2026-06-30,STR001,PRD039,4,720.00
2026-06-30,STR001,PRD040,7,1015.00
2026-06-30,STR001,PRD041,6,588.00
2026-06-30,STR001,PRD042,5,650.00
2026-06-30,STR001,PRD043,4,840.00
2026-06-30,STR001,PRD044,2,220.00
2026-06-30,STR001,PRD045,4,700.00
2026-06-30,STR001,PRD046,6,960.00
2026-06-30,STR001,PRD047,2,112.00
2026-06-30,STR001,PRD048,6,420.00
2026-06-30,STR001,PRD049,4,232.00
2026-06-30,STR001,PRD050,4,380.00
2026-06-30,STR001,PRD052,6,840.00
2026-06-30,STR001,PRD053,1,450.00
2026-06-30,STR001,PRD054,8,5200.00
2026-06-30,STR001,PRD055,4,1560.00
2026-06-30,STR002,PRD001,4,2200.00
2026-06-30,STR002,PRD002,6,990.00
2026-06-30,STR002,PRD003,4,980.00
2026-06-30,STR002,PRD004,4,240.00
2026-06-30,STR002,PRD005,5,1900.00
2026-06-30,STR002,PRD006,6,1050.00
2026-06-30,STR002,PRD007,8,224.00
2026-06-30,STR002,PRD008,5,260.00
2026-06-30,STR002,PRD009,6,270.00
2026-06-30,STR002,PRD010,6,228.00
2026-06-30,STR002,PRD011,4,440.00
2026-06-30,STR002,PRD012,2,440.00
2026-06-30,STR002,PRD013,5,325.00
2026-06-30,STR002,PRD014,3,120.00
2026-06-30,STR002,PRD015,6,120.00
2026-06-30,STR002,PRD016,3,870.00
2026-06-30,STR002,PRD017,8,400.00
2026-06-30,STR002,PRD018,7,875.00
2026-06-30,STR002,PRD019,3,585.00
2026-06-30,STR002,PRD020,8,280.00
2026-06-30,STR002,PRD021,9,405.00
2026-06-30,STR002,PRD022,13,3640.00
2026-06-30,STR002,PRD023,4,1280.00
2026-06-30,STR002,PRD024,6,900.00
2026-06-30,STR002,PRD025,2,120.00
2026-06-30,STR002,PRD026,5,375.00
2026-06-30,STR002,PRD027,2,80.00
2026-06-30,STR002,PRD028,4,120.00
2026-06-30,STR002,PRD029,9,2160.00
2026-06-30,STR002,PRD030,4,740.00
2026-06-30,STR002,PRD031,5,475.00
2026-06-30,STR002,PRD032,8,960.00
2026-06-30,STR002,PRD033,2,170.00
2026-06-30,STR002,PRD034,2,520.00
2026-06-30,STR002,PRD035,4,1680.00
2026-06-30,STR002,PRD036,2,420.00
2026-06-30,STR002,PRD037,5,995.00
2026-06-30,STR002,PRD038,8,920.00
2026-06-30,STR002,PRD039,5,900.00
2026-06-30,STR002,PRD040,1,145.00
2026-06-30,STR002,PRD041,5,490.00
2026-06-30,STR002,PRD042,5,650.00
2026-06-30,STR002,PRD043,1,210.00
2026-06-30,STR002,PRD044,8,880.00
2026-06-30,STR002,PRD045,7,1225.00
2026-06-30,STR002,PRD046,4,640.00
2026-06-30,STR002,PRD047,6,336.00
2026-06-30,STR002,PRD048,13,910.00
2026-06-30,STR002,PRD049,7,406.00
2026-06-30,STR002,PRD050,3,285.00
2026-06-30,STR002,PRD051,7,630.00
2026-06-30,STR002,PRD053,6,2700.00
2026-06-30,STR002,PRD054,6,3900.00
2026-06-30,STR002,PRD055,7,2730.00
2026-06-30,STR003,PRD001,6,3300.00
2026-06-30,STR003,PRD002,6,990.00
2026-06-30,STR003,PRD003,6,1470.00
2026-06-30,STR003,PRD004,2,120.00
2026-06-30,STR003,PRD005,7,2660.00
2026-06-30,STR003,PRD006,7,1225.00
2026-06-30,STR003,PRD007,5,140.00
2026-06-30,STR003,PRD008,6,312.00
2026-06-30,STR003,PRD009,7,315.00
2026-06-30,STR003,PRD010,2,76.00
2026-06-30,STR003,PRD011,4,440.00
2026-06-30,STR003,PRD012,8,1760.00
2026-06-30,STR003,PRD013,6,390.00
2026-06-30,STR003,PRD014,6,240.00
2026-06-30,STR003,PRD015,5,100.00
2026-06-30,STR003,PRD016,4,1160.00
2026-06-30,STR003,PRD017,3,150.00
2026-06-30,STR003,PRD018,4,500.00
2026-06-30,STR003,PRD019,7,1365.00
2026-06-30,STR003,PRD020,4,140.00
2026-06-30,STR003,PRD021,4,180.00
2026-06-30,STR003,PRD022,4,1120.00
2026-06-30,STR003,PRD023,2,640.00
2026-06-30,STR003,PRD024,8,1200.00
2026-06-30,STR003,PRD025,2,120.00
2026-06-30,STR003,PRD026,7,525.00
2026-06-30,STR003,PRD027,2,80.00
2026-06-30,STR003,PRD028,8,240.00
2026-06-30,STR003,PRD029,6,1440.00
2026-06-30,STR003,PRD030,3,555.00
2026-06-30,STR003,PRD031,8,760.00
2026-06-30,STR003,PRD032,7,840.00
2026-06-30,STR003,PRD033,2,170.00
2026-06-30,STR003,PRD034,4,1040.00
2026-06-30,STR003,PRD036,2,420.00
2026-06-30,STR003,PRD037,6,1194.00
2026-06-30,STR003,PRD038,4,460.00
2026-06-30,STR003,PRD039,6,1080.00
2026-06-30,STR003,PRD040,2,290.00
2026-06-30,STR003,PRD041,8,784.00
2026-06-30,STR003,PRD042,6,780.00
2026-06-30,STR003,PRD043,4,840.00
2026-06-30,STR003,PRD044,5,550.00
2026-06-30,STR003,PRD045,3,525.00
2026-06-30,STR003,PRD046,3,480.00
2026-06-30,STR003,PRD047,2,112.00
2026-06-30,STR003,PRD048,3,210.00
2026-06-30,STR003,PRD049,6,348.00
2026-06-30,STR003,PRD050,2,190.00
2026-06-30,STR003,PRD051,1,90.00
2026-06-30,STR003,PRD052,8,1120.00
2026-06-30,STR003,PRD053,3,1350.00
2026-06-30,STR003,PRD054,9,5850.00
2026-06-30,STR003,PRD055,4,1560.00
2026-06-30,STR004,PRD002,2,330.00
2026-06-30,STR004,PRD003,8,1960.00
2026-06-30,STR004,PRD004,3,180.00
2026-06-30,STR004,PRD005,5,1900.00
2026-06-30,STR004,PRD006,9,1575.00
2026-06-30,STR004,PRD007,4,112.00
2026-06-30,STR004,PRD008,3,156.00
2026-06-30,STR004,PRD009,5,225.00
2026-06-30,STR004,PRD010,6,228.00
2026-06-30,STR004,PRD011,4,440.00
2026-06-30,STR004,PRD012,4,880.00
2026-06-30,STR004,PRD013,3,195.00
2026-06-30,STR004,PRD014,6,240.00
2026-06-30,STR004,PRD015,5,100.00
2026-06-30,STR004,PRD016,7,2030.00
2026-06-30,STR004,PRD017,15,750.00
2026-06-30,STR004,PRD018,7,875.00
2026-06-30,STR004,PRD020,3,105.00
2026-06-30,STR004,PRD021,4,180.00
2026-06-30,STR004,PRD022,4,1120.00
2026-06-30,STR004,PRD023,5,1600.00
2026-06-30,STR004,PRD024,5,750.00
2026-06-30,STR004,PRD025,5,300.00
2026-06-30,STR004,PRD026,3,225.00
2026-06-30,STR004,PRD027,4,160.00
2026-06-30,STR004,PRD028,4,120.00
2026-06-30,STR004,PRD029,6,1440.00
2026-06-30,STR004,PRD030,5,925.00
2026-06-30,STR004,PRD031,4,380.00
2026-06-30,STR004,PRD032,6,720.00
2026-06-30,STR004,PRD033,2,170.00
2026-06-30,STR004,PRD034,9,2340.00
2026-06-30,STR004,PRD035,7,2940.00
2026-06-30,STR004,PRD036,6,1260.00
2026-06-30,STR004,PRD037,8,1592.00
2026-06-30,STR004,PRD038,4,460.00
2026-06-30,STR004,PRD039,3,540.00
2026-06-30,STR004,PRD040,3,435.00
2026-06-30,STR004,PRD041,5,490.00
2026-06-30,STR004,PRD042,4,520.00
2026-06-30,STR004,PRD043,5,1050.00
2026-06-30,STR004,PRD044,3,330.00
2026-06-30,STR004,PRD045,8,1400.00
2026-06-30,STR004,PRD046,4,640.00
2026-06-30,STR004,PRD047,4,224.00
2026-06-30,STR004,PRD048,3,210.00
2026-06-30,STR004,PRD049,3,174.00
2026-06-30,STR004,PRD050,5,475.00
2026-06-30,STR004,PRD051,9,810.00
2026-06-30,STR004,PRD052,5,700.00
2026-06-30,STR004,PRD053,7,3150.00
2026-06-30,STR004,PRD054,2,1300.00
2026-06-30,STR004,PRD055,5,1950.00
2026-07-01,STR001,PRD001,8,4400.00
2026-07-01,STR001,PRD002,8,1320.00
2026-07-01,STR001,PRD003,2,490.00
2026-07-01,STR001,PRD004,13,780.00
2026-07-01,STR001,PRD005,6,2280.00
2026-07-01,STR001,PRD006,5,875.00
2026-07-01,STR001,PRD007,7,196.00
2026-07-01,STR001,PRD008,4,208.00
2026-07-01,STR001,PRD009,7,315.00
2026-07-01,STR001,PRD010,1,38.00
2026-07-01,STR001,PRD011,7,770.00
2026-07-01,STR001,PRD012,6,1320.00
2026-07-01,STR001,PRD013,4,260.00
2026-07-01,STR001,PRD014,5,200.00
2026-07-01,STR001,PRD015,7,140.00
2026-07-01,STR001,PRD016,3,870.00
2026-07-01,STR001,PRD017,6,300.00
2026-07-01,STR001,PRD018,4,500.00
2026-07-01,STR001,PRD019,4,780.00
2026-07-01,STR001,PRD020,4,140.00
2026-07-01,STR001,PRD021,7,315.00
2026-07-01,STR001,PRD022,4,1120.00
2026-07-01,STR001,PRD023,6,1920.00
2026-07-01,STR001,PRD024,6,900.00
2026-07-01,STR001,PRD025,7,420.00
2026-07-01,STR001,PRD026,4,300.00
2026-07-01,STR001,PRD027,3,120.00
2026-07-01,STR001,PRD028,4,120.00
2026-07-01,STR001,PRD029,4,960.00
2026-07-01,STR001,PRD030,3,555.00
2026-07-01,STR001,PRD031,6,570.00
2026-07-01,STR001,PRD032,8,960.00
2026-07-01,STR001,PRD033,5,425.00
2026-07-01,STR001,PRD034,5,1300.00
2026-07-01,STR001,PRD035,6,2520.00
2026-07-01,STR001,PRD036,5,1050.00
2026-07-01,STR001,PRD037,5,995.00
2026-07-01,STR001,PRD039,8,1440.00
2026-07-01,STR001,PRD040,3,435.00
2026-07-01,STR001,PRD041,7,686.00
2026-07-01,STR001,PRD042,2,260.00
2026-07-01,STR001,PRD043,4,840.00
2026-07-01,STR001,PRD044,5,550.00
2026-07-01,STR001,PRD045,1,175.00
2026-07-01,STR001,PRD046,4,640.00
2026-07-01,STR001,PRD047,4,224.00
2026-07-01,STR001,PRD048,2,140.00
2026-07-01,STR001,PRD049,7,406.00
2026-07-01,STR001,PRD050,3,285.00
2026-07-01,STR001,PRD052,3,420.00
2026-07-01,STR001,PRD053,1,450.00
2026-07-01,STR001,PRD054,5,3250.00
2026-07-01,STR001,PRD055,8,3120.00
2026-07-01,STR002,PRD001,4,2200.00
2026-07-01,STR002,PRD002,5,825.00
2026-07-01,STR002,PRD003,7,1715.00
2026-07-01,STR002,PRD004,2,120.00
2026-07-01,STR002,PRD005,7,2660.00
2026-07-01,STR002,PRD006,7,1225.00
2026-07-01,STR002,PRD007,7,196.00
2026-07-01,STR002,PRD008,7,364.00
2026-07-01,STR002,PRD009,7,315.00
2026-07-01,STR002,PRD010,4,152.00
2026-07-01,STR002,PRD011,4,440.00
2026-07-01,STR002,PRD012,4,880.00
2026-07-01,STR002,PRD013,1,65.00
2026-07-01,STR002,PRD014,4,160.00
2026-07-01,STR002,PRD015,2,40.00
2026-07-01,STR002,PRD016,5,1450.00
2026-07-01,STR002,PRD017,5,250.00
2026-07-01,STR002,PRD018,6,750.00
2026-07-01,STR002,PRD019,6,1170.00
2026-07-01,STR002,PRD020,9,315.00
2026-07-01,STR002,PRD021,12,540.00
2026-07-01,STR002,PRD022,11,3080.00
2026-07-01,STR002,PRD023,7,2240.00
2026-07-01,STR002,PRD024,3,450.00
2026-07-01,STR002,PRD025,2,120.00
2026-07-01,STR002,PRD026,3,225.00
2026-07-01,STR002,PRD027,3,120.00
2026-07-01,STR002,PRD028,6,180.00
2026-07-01,STR002,PRD029,5,1200.00
2026-07-01,STR002,PRD030,6,1110.00
2026-07-01,STR002,PRD031,6,570.00
2026-07-01,STR002,PRD032,5,600.00
2026-07-01,STR002,PRD034,2,520.00
2026-07-01,STR002,PRD035,1,420.00
2026-07-01,STR002,PRD036,2,420.00
2026-07-01,STR002,PRD037,4,796.00
2026-07-01,STR002,PRD038,6,690.00
2026-07-01,STR002,PRD039,3,540.00
2026-07-01,STR002,PRD040,4,580.00
2026-07-01,STR002,PRD041,7,686.00
2026-07-01,STR002,PRD042,6,780.00
2026-07-01,STR002,PRD044,5,550.00
2026-07-01,STR002,PRD045,4,700.00
2026-07-01,STR002,PRD046,1,160.00
2026-07-01,STR002,PRD047,7,392.00
2026-07-01,STR002,PRD048,14,980.00
2026-07-01,STR002,PRD049,7,406.00
2026-07-01,STR002,PRD050,3,285.00
2026-07-01,STR002,PRD051,4,360.00
2026-07-01,STR002,PRD053,4,1800.00
2026-07-01,STR002,PRD054,6,3900.00
2026-07-01,STR002,PRD055,7,2730.00
2026-07-01,STR003,PRD001,8,4400.00
2026-07-01,STR003,PRD002,4,660.00
2026-07-01,STR003,PRD003,3,735.00
2026-07-01,STR003,PRD004,6,360.00
2026-07-01,STR003,PRD005,9,3420.00
2026-07-01,STR003,PRD006,5,875.00
2026-07-01,STR003,PRD007,4,112.00
2026-07-01,STR003,PRD008,5,260.00
2026-07-01,STR003,PRD009,3,135.00
2026-07-01,STR003,PRD010,6,228.00
2026-07-01,STR003,PRD011,5,550.00
2026-07-01,STR003,PRD012,6,1320.00
2026-07-01,STR003,PRD013,4,260.00
2026-07-01,STR003,PRD014,3,120.00
2026-07-01,STR003,PRD015,3,60.00
2026-07-01,STR003,PRD016,3,870.00
2026-07-01,STR003,PRD017,4,200.00
2026-07-01,STR003,PRD018,3,375.00
2026-07-01,STR003,PRD019,7,1365.00
2026-07-01,STR003,PRD020,8,280.00
2026-07-01,STR003,PRD021,3,135.00
2026-07-01,STR003,PRD022,3,840.00
2026-07-01,STR003,PRD024,9,1350.00
2026-07-01,STR003,PRD025,1,60.00
2026-07-01,STR003,PRD026,4,300.00
2026-07-01,STR003,PRD027,1,40.00
2026-07-01,STR003,PRD028,8,240.00
2026-07-01,STR003,PRD029,7,1680.00
2026-07-01,STR003,PRD030,3,555.00
2026-07-01,STR003,PRD031,6,570.00
2026-07-01,STR003,PRD032,6,720.00
2026-07-01,STR003,PRD033,2,170.00
2026-07-01,STR003,PRD034,4,1040.00
2026-07-01,STR003,PRD035,1,420.00
2026-07-01,STR003,PRD036,2,420.00
2026-07-01,STR003,PRD037,7,1393.00
2026-07-01,STR003,PRD038,6,690.00
2026-07-01,STR003,PRD039,5,900.00
2026-07-01,STR003,PRD040,5,725.00
2026-07-01,STR003,PRD041,6,588.00
2026-07-01,STR003,PRD042,5,650.00
2026-07-01,STR003,PRD043,4,840.00
2026-07-01,STR003,PRD044,5,550.00
2026-07-01,STR003,PRD045,5,875.00
2026-07-01,STR003,PRD046,5,800.00
2026-07-01,STR003,PRD047,5,280.00
2026-07-01,STR003,PRD048,4,280.00
2026-07-01,STR003,PRD049,3,174.00
2026-07-01,STR003,PRD050,6,570.00
2026-07-01,STR003,PRD051,1,90.00
2026-07-01,STR003,PRD052,8,1120.00
2026-07-01,STR003,PRD053,3,1350.00
2026-07-01,STR003,PRD054,8,5200.00
2026-07-01,STR003,PRD055,8,3120.00
2026-07-01,STR004,PRD002,4,660.00
2026-07-01,STR004,PRD003,6,1470.00
2026-07-01,STR004,PRD004,5,300.00
2026-07-01,STR004,PRD005,2,760.00
2026-07-01,STR004,PRD006,9,1575.00
2026-07-01,STR004,PRD007,4,112.00
2026-07-01,STR004,PRD008,4,208.00
2026-07-01,STR004,PRD009,4,180.00
2026-07-01,STR004,PRD010,8,304.00
2026-07-01,STR004,PRD011,2,220.00
2026-07-01,STR004,PRD012,5,1100.00
2026-07-01,STR004,PRD013,5,325.00
2026-07-01,STR004,PRD014,7,280.00
2026-07-01,STR004,PRD015,7,140.00
2026-07-01,STR004,PRD016,5,1450.00
2026-07-01,STR004,PRD017,16,800.00
2026-07-01,STR004,PRD018,6,750.00
2026-07-01,STR004,PRD020,4,140.00
2026-07-01,STR004,PRD021,2,90.00
2026-07-01,STR004,PRD022,5,1400.00
2026-07-01,STR004,PRD023,5,1600.00
2026-07-01,STR004,PRD024,5,750.00
2026-07-01,STR004,PRD025,4,240.00
2026-07-01,STR004,PRD026,4,300.00
2026-07-01,STR004,PRD027,2,80.00
2026-07-01,STR004,PRD028,2,60.00
2026-07-01,STR004,PRD029,7,1680.00
2026-07-01,STR004,PRD030,4,740.00
2026-07-01,STR004,PRD031,5,475.00
2026-07-01,STR004,PRD032,6,720.00
2026-07-01,STR004,PRD033,3,255.00
2026-07-01,STR004,PRD034,7,1820.00
2026-07-01,STR004,PRD035,8,3360.00
2026-07-01,STR004,PRD036,8,1680.00
2026-07-01,STR004,PRD037,5,995.00
2026-07-01,STR004,PRD038,4,460.00
2026-07-01,STR004,PRD039,2,360.00
2026-07-01,STR004,PRD040,3,435.00
2026-07-01,STR004,PRD041,3,294.00
2026-07-01,STR004,PRD042,4,520.00
2026-07-01,STR004,PRD043,1,210.00
2026-07-01,STR004,PRD044,6,660.00
2026-07-01,STR004,PRD045,9,1575.00
2026-07-01,STR004,PRD046,2,320.00
2026-07-01,STR004,PRD047,4,224.00
2026-07-01,STR004,PRD048,4,280.00
2026-07-01,STR004,PRD049,6,348.00
2026-07-01,STR004,PRD050,9,855.00
2026-07-01,STR004,PRD051,9,810.00
2026-07-01,STR004,PRD052,5,700.00
2026-07-01,STR004,PRD053,7,3150.00
2026-07-01,STR004,PRD054,3,1950.00
2026-07-01,STR004,PRD055,4,1560.00
2026-07-02,STR001,PRD001,8,4400.00
2026-07-02,STR001,PRD002,8,1320.00
2026-07-02,STR001,PRD003,4,980.00
2026-07-02,STR001,PRD004,11,660.00
2026-07-02,STR001,PRD005,4,1520.00
2026-07-02,STR001,PRD006,5,875.00
2026-07-02,STR001,PRD007,8,224.00
2026-07-02,STR001,PRD008,2,104.00
2026-07-02,STR001,PRD009,6,270.00
2026-07-02,STR001,PRD010,2,76.00
2026-07-02,STR001,PRD011,3,330.00
2026-07-02,STR001,PRD012,6,1320.00
2026-07-02,STR001,PRD013,5,325.00
2026-07-02,STR001,PRD014,5,200.00
2026-07-02,STR001,PRD015,4,80.00
2026-07-02,STR001,PRD016,6,1740.00
2026-07-02,STR001,PRD017,3,150.00
2026-07-02,STR001,PRD018,4,500.00
2026-07-02,STR001,PRD019,8,1560.00
2026-07-02,STR001,PRD020,4,140.00
2026-07-02,STR001,PRD021,5,225.00
2026-07-02,STR001,PRD022,7,1960.00
2026-07-02,STR001,PRD023,4,1280.00
2026-07-02,STR001,PRD024,3,450.00
2026-07-02,STR001,PRD025,8,480.00
2026-07-02,STR001,PRD026,3,225.00
2026-07-02,STR001,PRD027,3,120.00
2026-07-02,STR001,PRD028,3,90.00
2026-07-02,STR001,PRD029,5,1200.00
2026-07-02,STR001,PRD030,5,925.00
2026-07-02,STR001,PRD031,5,475.00
2026-07-02,STR001,PRD032,4,480.00
2026-07-02,STR001,PRD033,7,595.00
2026-07-02,STR001,PRD034,5,1300.00
2026-07-02,STR001,PRD035,5,2100.00
2026-07-02,STR001,PRD036,4,840.00
2026-07-02,STR001,PRD037,4,796.00
2026-07-02,STR001,PRD038,2,230.00
2026-07-02,STR001,PRD039,7,1260.00
2026-07-02,STR001,PRD040,6,870.00
2026-07-02,STR001,PRD041,5,490.00
2026-07-02,STR001,PRD042,3,390.00
2026-07-02,STR001,PRD043,3,630.00
2026-07-02,STR001,PRD044,4,440.00
2026-07-02,STR001,PRD045,5,875.00
2026-07-02,STR001,PRD046,3,480.00
2026-07-02,STR001,PRD047,5,280.00
2026-07-02,STR001,PRD048,3,210.00
2026-07-02,STR001,PRD049,8,464.00
2026-07-02,STR001,PRD050,6,570.00
2026-07-02,STR001,PRD052,3,420.00
2026-07-02,STR001,PRD053,1,450.00
2026-07-02,STR001,PRD054,9,5850.00
2026-07-02,STR001,PRD055,7,2730.00
2026-07-02,STR002,PRD001,4,2200.00
2026-07-02,STR002,PRD002,6,990.00
2026-07-02,STR002,PRD003,7,1715.00
2026-07-02,STR002,PRD004,5,300.00
2026-07-02,STR002,PRD005,5,1900.00
2026-07-02,STR002,PRD006,5,875.00
2026-07-02,STR002,PRD007,7,196.00
2026-07-02,STR002,PRD008,4,208.00
2026-07-02,STR002,PRD009,5,225.00
2026-07-02,STR002,PRD010,6,228.00
2026-07-02,STR002,PRD011,7,770.00
2026-07-02,STR002,PRD012,6,1320.00
2026-07-02,STR002,PRD013,2,130.00
2026-07-02,STR002,PRD014,6,240.00
2026-07-02,STR002,PRD015,3,60.00
2026-07-02,STR002,PRD016,6,1740.00
2026-07-02,STR002,PRD017,5,250.00
2026-07-02,STR002,PRD018,8,1000.00
2026-07-02,STR002,PRD019,2,390.00
2026-07-02,STR002,PRD020,6,210.00
2026-07-02,STR002,PRD021,11,495.00
2026-07-02,STR002,PRD022,14,3920.00
2026-07-02,STR002,PRD023,3,960.00
2026-07-02,STR002,PRD024,5,750.00
2026-07-02,STR002,PRD025,6,360.00
2026-07-02,STR002,PRD026,6,450.00
2026-07-02,STR002,PRD027,5,200.00
2026-07-02,STR002,PRD028,3,90.00
2026-07-02,STR002,PRD029,8,1920.00
2026-07-02,STR002,PRD030,6,1110.00
2026-07-02,STR002,PRD031,3,285.00
2026-07-02,STR002,PRD032,5,600.00
2026-07-02,STR002,PRD033,4,340.00
2026-07-02,STR002,PRD034,1,260.00
2026-07-02,STR002,PRD035,4,1680.00
2026-07-02,STR002,PRD036,2,420.00
2026-07-02,STR002,PRD037,5,995.00
2026-07-02,STR002,PRD038,6,690.00
2026-07-02,STR002,PRD039,5,900.00
2026-07-02,STR002,PRD040,2,290.00
2026-07-02,STR002,PRD041,3,294.00
2026-07-02,STR002,PRD042,5,650.00
2026-07-02,STR002,PRD044,7,770.00
2026-07-02,STR002,PRD045,5,875.00
2026-07-02,STR002,PRD046,4,640.00
2026-07-02,STR002,PRD047,8,448.00
2026-07-02,STR002,PRD048,14,980.00
2026-07-02,STR002,PRD049,3,174.00
2026-07-02,STR002,PRD050,5,475.00
2026-07-02,STR002,PRD051,7,630.00
2026-07-02,STR002,PRD053,4,1800.00
2026-07-02,STR002,PRD054,6,3900.00
2026-07-02,STR002,PRD055,6,2340.00
2026-07-02,STR003,PRD001,6,3300.00
2026-07-02,STR003,PRD002,5,825.00
2026-07-02,STR003,PRD003,3,735.00
2026-07-02,STR003,PRD004,2,120.00
2026-07-02,STR003,PRD005,8,3040.00
2026-07-02,STR003,PRD006,6,1050.00
2026-07-02,STR003,PRD007,6,168.00
2026-07-02,STR003,PRD008,4,208.00
2026-07-02,STR003,PRD009,5,225.00
2026-07-02,STR003,PRD010,5,190.00
2026-07-02,STR003,PRD011,6,660.00
2026-07-02,STR003,PRD012,8,1760.00
2026-07-02,STR003,PRD013,8,520.00
2026-07-02,STR003,PRD014,7,280.00
2026-07-02,STR003,PRD015,2,40.00
2026-07-02,STR003,PRD016,2,580.00
2026-07-02,STR003,PRD017,5,250.00
2026-07-02,STR003,PRD018,4,500.00
2026-07-02,STR003,PRD019,5,975.00
2026-07-02,STR003,PRD020,8,280.00
2026-07-02,STR003,PRD021,4,180.00
2026-07-02,STR003,PRD024,8,1200.00
2026-07-02,STR003,PRD025,3,180.00
2026-07-02,STR003,PRD026,6,450.00
2026-07-02,STR003,PRD027,5,200.00
2026-07-02,STR003,PRD028,4,120.00
2026-07-02,STR003,PRD029,6,1440.00
2026-07-02,STR003,PRD030,4,740.00
2026-07-02,STR003,PRD031,6,570.00
2026-07-02,STR003,PRD032,7,840.00
2026-07-02,STR003,PRD033,2,170.00
2026-07-02,STR003,PRD034,8,2080.00
2026-07-02,STR003,PRD036,3,630.00
2026-07-02,STR003,PRD037,4,796.00
2026-07-02,STR003,PRD038,6,690.00
2026-07-02,STR003,PRD039,3,540.00
2026-07-02,STR003,PRD040,6,870.00
2026-07-02,STR003,PRD041,5,490.00
2026-07-02,STR003,PRD042,7,910.00
2026-07-02,STR003,PRD043,7,1470.00
2026-07-02,STR003,PRD044,4,440.00
2026-07-02,STR003,PRD045,2,350.00
2026-07-02,STR003,PRD046,4,640.00
2026-07-02,STR003,PRD047,4,224.00
2026-07-02,STR003,PRD048,5,350.00
2026-07-02,STR003,PRD049,6,348.00
2026-07-02,STR003,PRD050,5,475.00
2026-07-02,STR003,PRD051,3,270.00
2026-07-02,STR003,PRD052,4,560.00
2026-07-02,STR003,PRD053,2,900.00
2026-07-02,STR003,PRD054,7,4550.00
2026-07-02,STR003,PRD055,6,2340.00
2026-07-02,STR004,PRD001,2,1100.00
2026-07-02,STR004,PRD002,5,825.00
2026-07-02,STR004,PRD003,8,1960.00
2026-07-02,STR004,PRD004,6,360.00
2026-07-02,STR004,PRD005,2,760.00
2026-07-02,STR004,PRD006,8,1400.00
2026-07-02,STR004,PRD007,7,196.00
2026-07-02,STR004,PRD008,7,364.00
2026-07-02,STR004,PRD009,6,270.00
2026-07-02,STR004,PRD010,7,266.00
2026-07-02,STR004,PRD011,6,660.00
2026-07-02,STR004,PRD012,3,660.00
2026-07-02,STR004,PRD013,3,195.00
2026-07-02,STR004,PRD014,4,160.00
2026-07-02,STR004,PRD015,6,120.00
2026-07-02,STR004,PRD016,4,1160.00
2026-07-02,STR004,PRD017,13,650.00
2026-07-02,STR004,PRD018,8,1000.00
2026-07-02,STR004,PRD020,5,175.00
2026-07-02,STR004,PRD021,2,90.00
2026-07-02,STR004,PRD022,4,1120.00
2026-07-02,STR004,PRD023,3,960.00
2026-07-02,STR004,PRD024,4,600.00
2026-07-02,STR004,PRD025,3,180.00
2026-07-02,STR004,PRD026,4,300.00
2026-07-02,STR004,PRD027,5,200.00
2026-07-02,STR004,PRD028,3,90.00
2026-07-02,STR004,PRD029,6,1440.00
2026-07-02,STR004,PRD030,6,1110.00
2026-07-02,STR004,PRD031,4,380.00
2026-07-02,STR004,PRD032,5,600.00
2026-07-02,STR004,PRD033,4,340.00
2026-07-02,STR004,PRD034,9,2340.00
2026-07-02,STR004,PRD035,5,2100.00
2026-07-02,STR004,PRD036,8,1680.00
2026-07-02,STR004,PRD037,7,1393.00
2026-07-02,STR004,PRD038,7,805.00
2026-07-02,STR004,PRD039,5,900.00
2026-07-02,STR004,PRD041,4,392.00
2026-07-02,STR004,PRD042,4,520.00
2026-07-02,STR004,PRD043,1,210.00
2026-07-02,STR004,PRD044,3,330.00
2026-07-02,STR004,PRD045,6,1050.00
2026-07-02,STR004,PRD046,6,960.00
2026-07-02,STR004,PRD047,6,336.00
2026-07-02,STR004,PRD048,6,420.00
2026-07-02,STR004,PRD049,7,406.00
2026-07-02,STR004,PRD050,7,665.00
2026-07-02,STR004,PRD051,7,630.00
2026-07-02,STR004,PRD052,6,840.00
2026-07-02,STR004,PRD053,8,3600.00
2026-07-02,STR004,PRD054,6,3900.00
2026-07-02,STR004,PRD055,6,2340.00
2026-07-03,STR001,PRD001,10,5500.00
2026-07-03,STR001,PRD002,11,1815.00
2026-07-03,STR001,PRD003,4,980.00
2026-07-03,STR001,PRD004,14,840.00
2026-07-03,STR001,PRD005,5,1900.00
2026-07-03,STR001,PRD006,6,1050.00
2026-07-03,STR001,PRD007,6,168.00
2026-07-03,STR001,PRD008,3,156.00
2026-07-03,STR001,PRD009,4,180.00
2026-07-03,STR001,PRD010,4,152.00
2026-07-03,STR001,PRD011,5,550.00
2026-07-03,STR001,PRD012,5,1100.00
2026-07-03,STR001,PRD013,1,65.00
2026-07-03,STR001,PRD014,3,120.00
2026-07-03,STR001,PRD015,6,120.00
2026-07-03,STR001,PRD016,5,1450.00
2026-07-03,STR001,PRD017,5,250.00
2026-07-03,STR001,PRD018,4,500.00
2026-07-03,STR001,PRD019,8,1560.00
2026-07-03,STR001,PRD020,2,70.00
2026-07-03,STR001,PRD021,8,360.00
2026-07-03,STR001,PRD022,6,1680.00
2026-07-03,STR001,PRD023,3,960.00
2026-07-03,STR001,PRD024,3,450.00
2026-07-03,STR001,PRD025,6,360.00
2026-07-03,STR001,PRD026,3,225.00
2026-07-03,STR001,PRD027,2,80.00
2026-07-03,STR001,PRD028,1,30.00
2026-07-03,STR001,PRD029,4,960.00
2026-07-03,STR001,PRD030,5,925.00
2026-07-03,STR001,PRD031,8,760.00
2026-07-03,STR001,PRD032,5,600.00
2026-07-03,STR001,PRD033,6,510.00
2026-07-03,STR001,PRD034,7,1820.00
2026-07-03,STR001,PRD035,5,2100.00
2026-07-03,STR001,PRD036,4,840.00
2026-07-03,STR001,PRD037,5,995.00
2026-07-03,STR001,PRD038,3,345.00
2026-07-03,STR001,PRD039,4,720.00
2026-07-03,STR001,PRD040,5,725.00
2026-07-03,STR001,PRD041,6,588.00
2026-07-03,STR001,PRD042,2,260.00
2026-07-03,STR001,PRD043,4,840.00
2026-07-03,STR001,PRD044,5,550.00
2026-07-03,STR001,PRD045,5,875.00
2026-07-03,STR001,PRD046,3,480.00
2026-07-03,STR001,PRD047,5,280.00
2026-07-03,STR001,PRD048,4,280.00
2026-07-03,STR001,PRD049,4,232.00
2026-07-03,STR001,PRD050,2,190.00
2026-07-03,STR001,PRD052,5,700.00
2026-07-03,STR001,PRD054,6,3900.00
2026-07-03,STR001,PRD055,7,2730.00
2026-07-03,STR002,PRD001,5,2750.00
2026-07-03,STR002,PRD002,3,495.00
2026-07-03,STR002,PRD003,4,980.00
2026-07-03,STR002,PRD004,6,360.00
2026-07-03,STR002,PRD005,7,2660.00
2026-07-03,STR002,PRD006,7,1225.00
2026-07-03,STR002,PRD007,6,168.00
2026-07-03,STR002,PRD008,6,312.00
2026-07-03,STR002,PRD009,6,270.00
2026-07-03,STR002,PRD010,8,304.00
2026-07-03,STR002,PRD011,5,550.00
2026-07-03,STR002,PRD012,6,1320.00
2026-07-03,STR002,PRD013,4,260.00
2026-07-03,STR002,PRD014,4,160.00
2026-07-03,STR002,PRD015,2,40.00
2026-07-03,STR002,PRD016,5,1450.00
2026-07-03,STR002,PRD017,5,250.00
2026-07-03,STR002,PRD018,6,750.00
2026-07-03,STR002,PRD019,6,1170.00
2026-07-03,STR002,PRD020,6,210.00
2026-07-03,STR002,PRD021,10,450.00
2026-07-03,STR002,PRD022,10,2800.00
2026-07-03,STR002,PRD023,6,1920.00
2026-07-03,STR002,PRD024,6,900.00
2026-07-03,STR002,PRD025,3,180.00
2026-07-03,STR002,PRD026,6,450.00
2026-07-03,STR002,PRD027,4,160.00
2026-07-03,STR002,PRD028,3,90.00
2026-07-03,STR002,PRD029,7,1680.00
2026-07-03,STR002,PRD030,3,555.00
2026-07-03,STR002,PRD031,6,570.00
2026-07-03,STR002,PRD032,6,720.00
2026-07-03,STR002,PRD033,4,340.00
2026-07-03,STR002,PRD034,5,1300.00
2026-07-03,STR002,PRD035,2,840.00
2026-07-03,STR002,PRD036,3,630.00
2026-07-03,STR002,PRD037,5,995.00
2026-07-03,STR002,PRD038,4,460.00
2026-07-03,STR002,PRD039,3,540.00
2026-07-03,STR002,PRD040,5,725.00
2026-07-03,STR002,PRD041,6,588.00
2026-07-03,STR002,PRD042,5,650.00
2026-07-03,STR002,PRD044,8,880.00
2026-07-03,STR002,PRD045,5,875.00
2026-07-03,STR002,PRD046,4,640.00
2026-07-03,STR002,PRD047,6,336.00
2026-07-03,STR002,PRD048,14,980.00
2026-07-03,STR002,PRD049,7,406.00
2026-07-03,STR002,PRD050,6,570.00
2026-07-03,STR002,PRD051,4,360.00
2026-07-03,STR002,PRD053,5,2250.00
2026-07-03,STR002,PRD054,6,3900.00
2026-07-03,STR002,PRD055,6,2340.00
2026-07-03,STR003,PRD001,8,4400.00
2026-07-03,STR003,PRD002,4,660.00
2026-07-03,STR003,PRD003,6,1470.00
2026-07-03,STR003,PRD004,4,240.00
2026-07-03,STR003,PRD005,5,1900.00
2026-07-03,STR003,PRD006,6,1050.00
2026-07-03,STR003,PRD007,4,112.00
2026-07-03,STR003,PRD008,6,312.00
2026-07-03,STR003,PRD009,5,225.00
2026-07-03,STR003,PRD010,5,190.00
2026-07-03,STR003,PRD011,8,880.00
2026-07-03,STR003,PRD012,4,880.00
2026-07-03,STR003,PRD013,5,325.00
2026-07-03,STR003,PRD014,6,240.00
2026-07-03,STR003,PRD015,4,80.00
2026-07-03,STR003,PRD016,5,1450.00
2026-07-03,STR003,PRD017,3,150.00
2026-07-03,STR003,PRD018,3,375.00
2026-07-03,STR003,PRD019,8,1560.00
2026-07-03,STR003,PRD020,7,245.00
2026-07-03,STR003,PRD021,3,135.00
2026-07-03,STR003,PRD022,4,1120.00
2026-07-03,STR003,PRD023,3,960.00
2026-07-03,STR003,PRD024,5,750.00
2026-07-03,STR003,PRD025,2,120.00
2026-07-03,STR003,PRD026,4,300.00
2026-07-03,STR003,PRD027,3,120.00
2026-07-03,STR003,PRD028,7,210.00
2026-07-03,STR003,PRD029,8,1920.00
2026-07-03,STR003,PRD030,4,740.00
2026-07-03,STR003,PRD031,6,570.00
2026-07-03,STR003,PRD032,7,840.00
2026-07-03,STR003,PRD033,5,425.00
2026-07-03,STR003,PRD034,4,1040.00
2026-07-03,STR003,PRD035,1,420.00
2026-07-03,STR003,PRD036,4,840.00
2026-07-03,STR003,PRD037,6,1194.00
2026-07-03,STR003,PRD038,5,575.00
2026-07-03,STR003,PRD039,6,1080.00
2026-07-03,STR003,PRD040,5,725.00
2026-07-03,STR003,PRD041,9,882.00
2026-07-03,STR003,PRD042,5,650.00
2026-07-03,STR003,PRD043,4,840.00
2026-07-03,STR003,PRD044,4,440.00
2026-07-03,STR003,PRD045,4,700.00
2026-07-03,STR003,PRD046,4,640.00
2026-07-03,STR003,PRD047,6,336.00
2026-07-03,STR003,PRD048,6,420.00
2026-07-03,STR003,PRD049,2,116.00
2026-07-03,STR003,PRD050,4,380.00
2026-07-03,STR003,PRD051,5,450.00
2026-07-03,STR003,PRD052,6,840.00
2026-07-03,STR003,PRD053,5,2250.00
2026-07-03,STR003,PRD054,9,5850.00
2026-07-03,STR003,PRD055,7,2730.00
2026-07-03,STR004,PRD002,2,330.00
2026-07-03,STR004,PRD003,4,980.00
2026-07-03,STR004,PRD004,3,180.00
2026-07-03,STR004,PRD005,4,1520.00
2026-07-03,STR004,PRD006,7,1225.00
2026-07-03,STR004,PRD007,6,168.00
2026-07-03,STR004,PRD008,3,156.00
2026-07-03,STR004,PRD009,6,270.00
2026-07-03,STR004,PRD010,7,266.00
2026-07-03,STR004,PRD011,3,330.00
2026-07-03,STR004,PRD012,4,880.00
2026-07-03,STR004,PRD013,4,260.00
2026-07-03,STR004,PRD014,3,120.00
2026-07-03,STR004,PRD015,3,60.00
2026-07-03,STR004,PRD016,6,1740.00
2026-07-03,STR004,PRD017,16,800.00
2026-07-03,STR004,PRD018,5,625.00
2026-07-03,STR004,PRD020,5,175.00
2026-07-03,STR004,PRD021,6,270.00
2026-07-03,STR004,PRD022,7,1960.00
2026-07-03,STR004,PRD023,6,1920.00
2026-07-03,STR004,PRD024,5,750.00
2026-07-03,STR004,PRD025,5,300.00
2026-07-03,STR004,PRD026,6,450.00
2026-07-03,STR004,PRD027,2,80.00
2026-07-03,STR004,PRD028,4,120.00
2026-07-03,STR004,PRD029,9,2160.00
2026-07-03,STR004,PRD030,6,1110.00
2026-07-03,STR004,PRD031,4,380.00
2026-07-03,STR004,PRD032,5,600.00
2026-07-03,STR004,PRD033,2,170.00
2026-07-03,STR004,PRD034,9,2340.00
2026-07-03,STR004,PRD035,4,1680.00
2026-07-03,STR004,PRD036,6,1260.00
2026-07-03,STR004,PRD037,7,1393.00
2026-07-03,STR004,PRD038,7,805.00
2026-07-03,STR004,PRD039,3,540.00
2026-07-03,STR004,PRD040,1,145.00
2026-07-03,STR004,PRD041,3,294.00
2026-07-03,STR004,PRD042,3,390.00
2026-07-03,STR004,PRD043,3,630.00
2026-07-03,STR004,PRD044,5,550.00
2026-07-03,STR004,PRD045,8,1400.00
2026-07-03,STR004,PRD046,4,640.00
2026-07-03,STR004,PRD047,4,224.00
2026-07-03,STR004,PRD048,5,350.00
2026-07-03,STR004,PRD049,5,290.00
2026-07-03,STR004,PRD050,9,855.00
2026-07-03,STR004,PRD051,5,450.00
2026-07-03,STR004,PRD052,7,980.00
2026-07-03,STR004,PRD053,5,2250.00
2026-07-03,STR004,PRD054,3,1950.00
2026-07-03,STR004,PRD055,2,780.00
2026-07-04,STR001,PRD001,10,5500.00
2026-07-04,STR001,PRD002,9,1485.00
2026-07-04,STR001,PRD003,6,1470.00
2026-07-04,STR001,PRD004,12,720.00
2026-07-04,STR001,PRD005,6,2280.00
2026-07-04,STR001,PRD006,6,1050.00
2026-07-04,STR001,PRD007,7,196.00
2026-07-04,STR001,PRD008,3,156.00
2026-07-04,STR001,PRD009,3,135.00
2026-07-04,STR001,PRD010,5,190.00
2026-07-04,STR001,PRD011,7,770.00
2026-07-04,STR001,PRD012,5,1100.00
2026-07-04,STR001,PRD013,2,130.00
2026-07-04,STR001,PRD014,2,80.00
2026-07-04,STR001,PRD015,5,100.00
2026-07-04,STR001,PRD016,7,2030.00
2026-07-04,STR001,PRD017,4,200.00
2026-07-04,STR001,PRD018,5,625.00
2026-07-04,STR001,PRD019,7,1365.00
2026-07-04,STR001,PRD020,4,140.00
2026-07-04,STR001,PRD021,6,270.00
2026-07-04,STR001,PRD022,5,1400.00
2026-07-04,STR001,PRD023,2,640.00
2026-07-04,STR001,PRD024,3,450.00
2026-07-04,STR001,PRD025,6,360.00
2026-07-04,STR001,PRD026,6,450.00
2026-07-04,STR001,PRD027,2,80.00
2026-07-04,STR001,PRD028,2,60.00
2026-07-04,STR001,PRD029,8,1920.00
2026-07-04,STR001,PRD030,7,1295.00
2026-07-04,STR001,PRD031,8,760.00
2026-07-04,STR001,PRD032,8,960.00
2026-07-04,STR001,PRD033,7,595.00
2026-07-04,STR001,PRD034,5,1300.00
2026-07-04,STR001,PRD035,6,2520.00
2026-07-04,STR001,PRD036,6,1260.00
2026-07-04,STR001,PRD037,4,796.00
2026-07-04,STR001,PRD039,5,900.00
2026-07-04,STR001,PRD040,3,435.00
2026-07-04,STR001,PRD041,7,686.00
2026-07-04,STR001,PRD042,3,390.00
2026-07-04,STR001,PRD043,4,840.00
2026-07-04,STR001,PRD044,4,440.00
2026-07-04,STR001,PRD045,2,350.00
2026-07-04,STR001,PRD046,5,800.00
2026-07-04,STR001,PRD047,5,280.00
2026-07-04,STR001,PRD048,6,420.00
2026-07-04,STR001,PRD049,6,348.00
2026-07-04,STR001,PRD050,3,285.00
2026-07-04,STR001,PRD052,4,560.00
2026-07-04,STR001,PRD053,1,450.00
2026-07-04,STR001,PRD054,5,3250.00
2026-07-04,STR001,PRD055,5,1950.00
2026-07-04,STR002,PRD001,4,2200.00
2026-07-04,STR002,PRD002,3,495.00
2026-07-04,STR002,PRD003,5,1225.00
2026-07-04,STR002,PRD004,4,240.00
2026-07-04,STR002,PRD005,4,1520.00
2026-07-04,STR002,PRD006,6,1050.00
2026-07-04,STR002,PRD007,5,140.00
2026-07-04,STR002,PRD008,3,156.00
2026-07-04,STR002,PRD009,7,315.00
2026-07-04,STR002,PRD010,4,152.00
2026-07-04,STR002,PRD011,4,440.00
2026-07-04,STR002,PRD012,2,440.00
2026-07-04,STR002,PRD013,4,260.00
2026-07-04,STR002,PRD014,5,200.00
2026-07-04,STR002,PRD015,2,40.00
2026-07-04,STR002,PRD016,3,870.00
2026-07-04,STR002,PRD017,5,250.00
2026-07-04,STR002,PRD018,5,625.00
2026-07-04,STR002,PRD019,6,1170.00
2026-07-04,STR002,PRD020,10,350.00
2026-07-04,STR002,PRD021,8,360.00
2026-07-04,STR002,PRD022,13,3640.00
2026-07-04,STR002,PRD023,3,960.00
2026-07-04,STR002,PRD024,4,600.00
2026-07-04,STR002,PRD025,2,120.00
2026-07-04,STR002,PRD026,3,225.00
2026-07-04,STR002,PRD027,4,160.00
2026-07-04,STR002,PRD028,3,90.00
2026-07-04,STR002,PRD029,5,1200.00
2026-07-04,STR002,PRD030,3,555.00
2026-07-04,STR002,PRD031,6,570.00
2026-07-04,STR002,PRD032,6,720.00
2026-07-04,STR002,PRD033,4,340.00
2026-07-04,STR002,PRD034,2,520.00
2026-07-04,STR002,PRD035,2,840.00
2026-07-04,STR002,PRD036,3,630.00
2026-07-04,STR002,PRD037,4,796.00
2026-07-04,STR002,PRD038,4,460.00
2026-07-04,STR002,PRD039,4,720.00
2026-07-04,STR002,PRD040,3,435.00
2026-07-04,STR002,PRD041,7,686.00
2026-07-04,STR002,PRD042,7,910.00
2026-07-04,STR002,PRD044,9,990.00
2026-07-04,STR002,PRD045,8,1400.00
2026-07-04,STR002,PRD046,2,320.00
2026-07-04,STR002,PRD047,8,448.00
2026-07-04,STR002,PRD048,14,980.00
2026-07-04,STR002,PRD049,3,174.00
2026-07-04,STR002,PRD050,2,190.00
2026-07-04,STR002,PRD051,8,720.00
2026-07-04,STR002,PRD053,3,1350.00
2026-07-04,STR002,PRD054,7,4550.00
2026-07-04,STR002,PRD055,6,2340.00
2026-07-04,STR003,PRD001,6,3300.00
2026-07-04,STR003,PRD002,4,660.00
2026-07-04,STR003,PRD003,4,980.00
2026-07-04,STR003,PRD004,6,360.00
2026-07-04,STR003,PRD005,5,1900.00
2026-07-04,STR003,PRD006,4,700.00
2026-07-04,STR003,PRD007,3,84.00
2026-07-04,STR003,PRD008,8,416.00
2026-07-04,STR003,PRD009,6,270.00
2026-07-04,STR003,PRD010,4,152.00
2026-07-04,STR003,PRD011,8,880.00
2026-07-04,STR003,PRD012,5,1100.00
2026-07-04,STR003,PRD013,7,455.00
2026-07-04,STR003,PRD014,3,120.00
2026-07-04,STR003,PRD015,2,40.00
2026-07-04,STR003,PRD016,4,1160.00
2026-07-04,STR003,PRD017,4,200.00
2026-07-04,STR003,PRD018,5,625.00
2026-07-04,STR003,PRD019,6,1170.00
2026-07-04,STR003,PRD020,8,280.00
2026-07-04,STR003,PRD021,3,135.00
2026-07-04,STR003,PRD022,3,840.00
2026-07-04,STR003,PRD024,7,1050.00
2026-07-04,STR003,PRD025,1,60.00
2026-07-04,STR003,PRD026,6,450.00
2026-07-04,STR003,PRD027,1,40.00
2026-07-04,STR003,PRD028,8,240.00
2026-07-04,STR003,PRD029,5,1200.00
2026-07-04,STR003,PRD030,5,925.00
2026-07-04,STR003,PRD031,8,760.00
2026-07-04,STR003,PRD032,5,600.00
2026-07-04,STR003,PRD033,6,510.00
2026-07-04,STR003,PRD034,4,1040.00
2026-07-04,STR003,PRD036,5,1050.00
2026-07-04,STR003,PRD037,3,597.00
2026-07-04,STR003,PRD038,7,805.00
2026-07-04,STR003,PRD039,4,720.00
2026-07-04,STR003,PRD040,5,725.00
2026-07-04,STR003,PRD041,9,882.00
2026-07-04,STR003,PRD042,6,780.00
2026-07-04,STR003,PRD043,6,1260.00
2026-07-04,STR003,PRD044,4,440.00
2026-07-04,STR003,PRD045,5,875.00
2026-07-04,STR003,PRD046,5,800.00
2026-07-04,STR003,PRD047,4,224.00
2026-07-04,STR003,PRD048,6,420.00
2026-07-04,STR003,PRD049,3,174.00
2026-07-04,STR003,PRD050,2,190.00
2026-07-04,STR003,PRD051,4,360.00
2026-07-04,STR003,PRD052,6,840.00
2026-07-04,STR003,PRD053,3,1350.00
2026-07-04,STR003,PRD054,5,3250.00
2026-07-04,STR003,PRD055,7,2730.00
2026-07-04,STR004,PRD002,5,825.00
2026-07-04,STR004,PRD003,7,1715.00
2026-07-04,STR004,PRD004,6,360.00
2026-07-04,STR004,PRD005,2,760.00
2026-07-04,STR004,PRD006,5,875.00
2026-07-04,STR004,PRD007,4,112.00
2026-07-04,STR004,PRD008,6,312.00
2026-07-04,STR004,PRD009,7,315.00
2026-07-04,STR004,PRD010,8,304.00
2026-07-04,STR004,PRD011,2,220.00
2026-07-04,STR004,PRD012,2,440.00
2026-07-04,STR004,PRD013,3,195.00
2026-07-04,STR004,PRD014,5,200.00
2026-07-04,STR004,PRD015,4,80.00
2026-07-04,STR004,PRD016,6,1740.00
2026-07-04,STR004,PRD017,14,700.00
2026-07-04,STR004,PRD018,9,1125.00
2026-07-04,STR004,PRD020,6,210.00
2026-07-04,STR004,PRD021,2,90.00
2026-07-04,STR004,PRD022,5,1400.00
2026-07-04,STR004,PRD023,5,1600.00
2026-07-04,STR004,PRD024,5,750.00
2026-07-04,STR004,PRD025,5,300.00
2026-07-04,STR004,PRD026,7,525.00
2026-07-04,STR004,PRD027,6,240.00
2026-07-04,STR004,PRD028,4,120.00
2026-07-04,STR004,PRD029,8,1920.00
2026-07-04,STR004,PRD030,4,740.00
2026-07-04,STR004,PRD031,7,665.00
2026-07-04,STR004,PRD032,7,840.00
2026-07-04,STR004,PRD033,4,340.00
2026-07-04,STR004,PRD034,8,2080.00
2026-07-04,STR004,PRD035,8,3360.00
2026-07-04,STR004,PRD036,7,1470.00
2026-07-04,STR004,PRD037,6,1194.00
2026-07-04,STR004,PRD038,7,805.00
2026-07-04,STR004,PRD039,2,360.00
2026-07-04,STR004,PRD041,4,392.00
2026-07-04,STR004,PRD042,6,780.00
2026-07-04,STR004,PRD043,4,840.00
2026-07-04,STR004,PRD044,4,440.00
2026-07-04,STR004,PRD045,6,1050.00
2026-07-04,STR004,PRD046,2,320.00
2026-07-04,STR004,PRD047,4,224.00
2026-07-04,STR004,PRD048,3,210.00
2026-07-04,STR004,PRD049,3,174.00
2026-07-04,STR004,PRD050,8,760.00
2026-07-04,STR004,PRD051,5,450.00
2026-07-04,STR004,PRD052,4,560.00
2026-07-04,STR004,PRD053,7,3150.00
2026-07-04,STR004,PRD054,6,3900.00
2026-07-04,STR004,PRD055,4,1560.00
2026-07-05,STR001,PRD001,8,4400.00
2026-07-05,STR001,PRD002,10,1650.00
2026-07-05,STR001,PRD003,6,1470.00
2026-07-05,STR001,PRD004,14,840.00
2026-07-05,STR001,PRD005,4,1520.00
2026-07-05,STR001,PRD006,4,700.00
2026-07-05,STR001,PRD007,9,252.00
2026-07-05,STR001,PRD008,4,208.00
2026-07-05,STR001,PRD009,6,270.00
2026-07-05,STR001,PRD010,2,76.00
2026-07-05,STR001,PRD011,5,550.00
2026-07-05,STR001,PRD012,6,1320.00
2026-07-05,STR001,PRD013,4,260.00
2026-07-05,STR001,PRD014,6,240.00
2026-07-05,STR001,PRD015,6,120.00
2026-07-05,STR001,PRD016,7,2030.00
2026-07-05,STR001,PRD017,4,200.00
2026-07-05,STR001,PRD018,7,875.00
2026-07-05,STR001,PRD019,8,1560.00
2026-07-05,STR001,PRD020,1,35.00
2026-07-05,STR001,PRD021,4,180.00
2026-07-05,STR001,PRD022,7,1960.00
2026-07-05,STR001,PRD023,2,640.00
2026-07-05,STR001,PRD024,5,750.00
2026-07-05,STR001,PRD025,8,480.00
2026-07-05,STR001,PRD026,4,300.00
2026-07-05,STR001,PRD027,4,160.00
2026-07-05,STR001,PRD028,4,120.00
2026-07-05,STR001,PRD029,7,1680.00
2026-07-05,STR001,PRD030,3,555.00
2026-07-05,STR001,PRD031,4,380.00
2026-07-05,STR001,PRD032,5,600.00
2026-07-05,STR001,PRD033,7,595.00
2026-07-05,STR001,PRD034,7,1820.00
2026-07-05,STR001,PRD035,4,1680.00
2026-07-05,STR001,PRD036,6,1260.00
2026-07-05,STR001,PRD037,7,1393.00
2026-07-05,STR001,PRD039,6,1080.00
2026-07-05,STR001,PRD040,6,870.00
2026-07-05,STR001,PRD041,7,686.00
2026-07-05,STR001,PRD042,1,130.00
2026-07-05,STR001,PRD043,6,1260.00
2026-07-05,STR001,PRD044,5,550.00
2026-07-05,STR001,PRD045,5,875.00
2026-07-05,STR001,PRD046,6,960.00
2026-07-05,STR001,PRD047,5,280.00
2026-07-05,STR001,PRD048,5,350.00
2026-07-05,STR001,PRD049,7,406.00
2026-07-05,STR001,PRD050,6,570.00
2026-07-05,STR001,PRD052,3,420.00
2026-07-05,STR001,PRD054,8,5200.00
2026-07-05,STR001,PRD055,6,2340.00
2026-07-05,STR002,PRD001,6,3300.00
2026-07-05,STR002,PRD002,6,990.00
2026-07-05,STR002,PRD003,7,1715.00
2026-07-05,STR002,PRD004,6,360.00
2026-07-05,STR002,PRD005,5,1900.00
2026-07-05,STR002,PRD006,7,1225.00
2026-07-05,STR002,PRD007,6,168.00
2026-07-05,STR002,PRD008,3,156.00
2026-07-05,STR002,PRD009,4,180.00
2026-07-05,STR002,PRD010,8,304.00
2026-07-05,STR002,PRD011,4,440.00
2026-07-05,STR002,PRD012,3,660.00
2026-07-05,STR002,PRD013,3,195.00
2026-07-05,STR002,PRD014,4,160.00
2026-07-05,STR002,PRD015,6,120.00
2026-07-05,STR002,PRD016,2,580.00
2026-07-05,STR002,PRD017,7,350.00
2026-07-05,STR002,PRD018,8,1000.00
2026-07-05,STR002,PRD019,2,390.00
2026-07-05,STR002,PRD020,9,315.00
2026-07-05,STR002,PRD021,10,450.00
2026-07-05,STR002,PRD022,12,3360.00
2026-07-05,STR002,PRD023,6,1920.00
2026-07-05,STR002,PRD024,4,600.00
2026-07-05,STR002,PRD025,2,120.00
2026-07-05,STR002,PRD026,4,300.00
2026-07-05,STR002,PRD027,3,120.00
2026-07-05,STR002,PRD028,4,120.00
2026-07-05,STR002,PRD029,7,1680.00
2026-07-05,STR002,PRD030,7,1295.00
2026-07-05,STR002,PRD031,2,190.00
2026-07-05,STR002,PRD032,5,600.00
2026-07-05,STR002,PRD033,2,170.00
2026-07-05,STR002,PRD034,1,260.00
2026-07-05,STR002,PRD035,3,1260.00
2026-07-05,STR002,PRD036,2,420.00
2026-07-05,STR002,PRD037,4,796.00
2026-07-05,STR002,PRD038,8,920.00
2026-07-05,STR002,PRD039,5,900.00
2026-07-05,STR002,PRD040,1,145.00
2026-07-05,STR002,PRD041,6,588.00
2026-07-05,STR002,PRD042,8,1040.00
2026-07-05,STR002,PRD044,8,880.00
2026-07-05,STR002,PRD045,6,1050.00
2026-07-05,STR002,PRD046,1,160.00
2026-07-05,STR002,PRD047,7,392.00
2026-07-05,STR002,PRD048,14,980.00
2026-07-05,STR002,PRD049,3,174.00
2026-07-05,STR002,PRD050,4,380.00
2026-07-05,STR002,PRD051,7,630.00
2026-07-05,STR002,PRD053,7,3150.00
2026-07-05,STR002,PRD054,6,3900.00
2026-07-05,STR002,PRD055,7,2730.00
2026-07-05,STR003,PRD001,8,4400.00
2026-07-05,STR003,PRD002,2,330.00
2026-07-05,STR003,PRD003,6,1470.00
2026-07-05,STR003,PRD004,2,120.00
2026-07-05,STR003,PRD005,6,2280.00
2026-07-05,STR003,PRD006,6,1050.00
2026-07-05,STR003,PRD007,5,140.00
2026-07-05,STR003,PRD008,8,416.00
2026-07-05,STR003,PRD009,5,225.00
2026-07-05,STR003,PRD010,3,114.00
2026-07-05,STR003,PRD011,8,880.00
2026-07-05,STR003,PRD012,6,1320.00
2026-07-05,STR003,PRD013,6,390.00
2026-07-05,STR003,PRD014,6,240.00
2026-07-05,STR003,PRD015,2,40.00
2026-07-05,STR003,PRD016,5,1450.00
2026-07-05,STR003,PRD017,1,50.00
2026-07-05,STR003,PRD018,6,750.00
2026-07-05,STR003,PRD019,6,1170.00
2026-07-05,STR003,PRD020,6,210.00
2026-07-05,STR003,PRD021,4,180.00
2026-07-05,STR003,PRD023,1,320.00
2026-07-05,STR003,PRD024,9,1350.00
2026-07-05,STR003,PRD025,4,240.00
2026-07-05,STR003,PRD026,4,300.00
2026-07-05,STR003,PRD027,5,200.00
2026-07-05,STR003,PRD028,4,120.00
2026-07-05,STR003,PRD029,8,1920.00
2026-07-05,STR003,PRD030,2,370.00
2026-07-05,STR003,PRD031,10,950.00
2026-07-05,STR003,PRD032,5,600.00
2026-07-05,STR003,PRD033,4,340.00
2026-07-05,STR003,PRD034,4,1040.00
2026-07-05,STR003,PRD036,6,1260.00
2026-07-05,STR003,PRD037,6,1194.00
2026-07-05,STR003,PRD038,7,805.00
2026-07-05,STR003,PRD039,3,540.00
2026-07-05,STR003,PRD040,4,580.00
2026-07-05,STR003,PRD041,5,490.00
2026-07-05,STR003,PRD042,6,780.00
2026-07-05,STR003,PRD043,7,1470.00
2026-07-05,STR003,PRD044,5,550.00
2026-07-05,STR003,PRD045,4,700.00
2026-07-05,STR003,PRD046,6,960.00
2026-07-05,STR003,PRD047,4,224.00
2026-07-05,STR003,PRD048,4,280.00
2026-07-05,STR003,PRD049,5,290.00
2026-07-05,STR003,PRD050,5,475.00
2026-07-05,STR003,PRD051,3,270.00
2026-07-05,STR003,PRD052,8,1120.00
2026-07-05,STR003,PRD053,6,2700.00
2026-07-05,STR003,PRD054,8,5200.00
2026-07-05,STR003,PRD055,8,3120.00
2026-07-05,STR004,PRD002,2,330.00
2026-07-05,STR004,PRD003,8,1960.00
2026-07-05,STR004,PRD004,3,180.00
2026-07-05,STR004,PRD005,6,2280.00
2026-07-05,STR004,PRD006,8,1400.00
2026-07-05,STR004,PRD007,4,112.00
2026-07-05,STR004,PRD008,6,312.00
2026-07-05,STR004,PRD009,6,270.00
2026-07-05,STR004,PRD010,8,304.00
2026-07-05,STR004,PRD011,6,660.00
2026-07-05,STR004,PRD012,4,880.00
2026-07-05,STR004,PRD013,7,455.00
2026-07-05,STR004,PRD014,3,120.00
2026-07-05,STR004,PRD015,7,140.00
2026-07-05,STR004,PRD016,5,1450.00
2026-07-05,STR004,PRD017,15,750.00
2026-07-05,STR004,PRD018,8,1000.00
2026-07-05,STR004,PRD020,4,140.00
2026-07-05,STR004,PRD021,4,180.00
2026-07-05,STR004,PRD022,7,1960.00
2026-07-05,STR004,PRD023,5,1600.00
2026-07-05,STR004,PRD024,4,600.00
2026-07-05,STR004,PRD025,3,180.00
2026-07-05,STR004,PRD026,4,300.00
2026-07-05,STR004,PRD027,5,200.00
2026-07-05,STR004,PRD028,4,120.00
2026-07-05,STR004,PRD029,7,1680.00
2026-07-05,STR004,PRD030,3,555.00
2026-07-05,STR004,PRD031,6,570.00
2026-07-05,STR004,PRD032,7,840.00
2026-07-05,STR004,PRD033,2,170.00
2026-07-05,STR004,PRD034,8,2080.00
2026-07-05,STR004,PRD035,5,2100.00
2026-07-05,STR004,PRD036,5,1050.00
2026-07-05,STR004,PRD037,6,1194.00
2026-07-05,STR004,PRD038,5,575.00
2026-07-05,STR004,PRD039,2,360.00
2026-07-05,STR004,PRD041,4,392.00
2026-07-05,STR004,PRD042,6,780.00
2026-07-05,STR004,PRD043,4,840.00
2026-07-05,STR004,PRD044,7,770.00
2026-07-05,STR004,PRD045,8,1400.00
2026-07-05,STR004,PRD046,5,800.00
2026-07-05,STR004,PRD047,4,224.00
2026-07-05,STR004,PRD048,4,280.00
2026-07-05,STR004,PRD049,4,232.00
2026-07-05,STR004,PRD050,7,665.00
2026-07-05,STR004,PRD051,6,540.00
2026-07-05,STR004,PRD052,3,420.00
2026-07-05,STR004,PRD053,6,2700.00
2026-07-05,STR004,PRD054,4,2600.00
2026-07-05,STR004,PRD055,6,2340.00
2026-07-06,STR001,PRD001,8,4400.00
2026-07-06,STR001,PRD002,8,1320.00
2026-07-06,STR001,PRD003,5,1225.00
2026-07-06,STR001,PRD004,10,600.00
2026-07-06,STR001,PRD005,4,1520.00
2026-07-06,STR001,PRD006,4,700.00
2026-07-06,STR001,PRD007,7,196.00
2026-07-06,STR001,PRD008,5,260.00
2026-07-06,STR001,PRD009,5,225.00
2026-07-06,STR001,PRD010,1,38.00
2026-07-06,STR001,PRD011,6,660.00
2026-07-06,STR001,PRD012,5,1100.00
2026-07-06,STR001,PRD013,1,65.00
2026-07-06,STR001,PRD014,5,200.00
2026-07-06,STR001,PRD015,5,100.00
2026-07-06,STR001,PRD016,4,1160.00
2026-07-06,STR001,PRD017,2,100.00
2026-07-06,STR001,PRD018,7,875.00
2026-07-06,STR001,PRD019,8,1560.00
2026-07-06,STR001,PRD020,1,35.00
2026-07-06,STR001,PRD021,8,360.00
2026-07-06,STR001,PRD022,8,2240.00
2026-07-06,STR001,PRD023,6,1920.00
2026-07-06,STR001,PRD024,4,600.00
2026-07-06,STR001,PRD025,8,480.00
2026-07-06,STR001,PRD026,2,150.00
2026-07-06,STR001,PRD027,2,80.00
2026-07-06,STR001,PRD028,5,150.00
2026-07-06,STR001,PRD029,4,960.00
2026-07-06,STR001,PRD030,5,925.00
2026-07-06,STR001,PRD031,6,570.00
2026-07-06,STR001,PRD032,8,960.00
2026-07-06,STR001,PRD033,6,510.00
2026-07-06,STR001,PRD034,6,1560.00
2026-07-06,STR001,PRD035,6,2520.00
2026-07-06,STR001,PRD036,4,840.00
2026-07-06,STR001,PRD037,5,995.00
2026-07-06,STR001,PRD039,5,900.00
2026-07-06,STR001,PRD040,4,580.00
2026-07-06,STR001,PRD041,6,588.00
2026-07-06,STR001,PRD042,4,520.00
2026-07-06,STR001,PRD043,5,1050.00
2026-07-06,STR001,PRD044,4,440.00
2026-07-06,STR001,PRD045,5,875.00
2026-07-06,STR001,PRD046,2,320.00
2026-07-06,STR001,PRD047,4,224.00
2026-07-06,STR001,PRD048,6,420.00
2026-07-06,STR001,PRD049,6,348.00
2026-07-06,STR001,PRD050,2,190.00
2026-07-06,STR001,PRD052,4,560.00
2026-07-06,STR001,PRD054,8,5200.00
2026-07-06,STR001,PRD055,5,1950.00
2026-07-06,STR002,PRD001,5,2750.00
2026-07-06,STR002,PRD002,3,495.00
2026-07-06,STR002,PRD003,6,1470.00
2026-07-06,STR002,PRD004,5,300.00
2026-07-06,STR002,PRD005,5,1900.00
2026-07-06,STR002,PRD006,7,1225.00
2026-07-06,STR002,PRD007,4,112.00
2026-07-06,STR002,PRD008,7,364.00
2026-07-06,STR002,PRD009,4,180.00
2026-07-06,STR002,PRD010,4,152.00
2026-07-06,STR002,PRD011,5,550.00
2026-07-06,STR002,PRD012,4,880.00
2026-07-06,STR002,PRD013,5,325.00
2026-07-06,STR002,PRD014,5,200.00
2026-07-06,STR002,PRD015,4,80.00
2026-07-06,STR002,PRD016,4,1160.00
2026-07-06,STR002,PRD017,5,250.00
2026-07-06,STR002,PRD018,9,1125.00
2026-07-06,STR002,PRD019,3,585.00
2026-07-06,STR002,PRD020,9,315.00
2026-07-06,STR002,PRD021,11,495.00
2026-07-06,STR002,PRD022,10,2800.00
2026-07-06,STR002,PRD023,6,1920.00
2026-07-06,STR002,PRD024,4,600.00
2026-07-06,STR002,PRD025,4,240.00
2026-07-06,STR002,PRD026,3,225.00
2026-07-06,STR002,PRD027,3,120.00
2026-07-06,STR002,PRD028,5,150.00
2026-07-06,STR002,PRD029,6,1440.00
2026-07-06,STR002,PRD030,4,740.00
2026-07-06,STR002,PRD031,5,475.00
2026-07-06,STR002,PRD032,7,840.00
2026-07-06,STR002,PRD033,2,170.00
2026-07-06,STR002,PRD034,1,260.00
2026-07-06,STR002,PRD035,3,1260.00
2026-07-06,STR002,PRD036,1,210.00
2026-07-06,STR002,PRD037,7,1393.00
2026-07-06,STR002,PRD038,7,805.00
2026-07-06,STR002,PRD039,6,1080.00
2026-07-06,STR002,PRD040,3,435.00
2026-07-06,STR002,PRD041,6,588.00
2026-07-06,STR002,PRD042,5,650.00
2026-07-06,STR002,PRD044,7,770.00
2026-07-06,STR002,PRD045,8,1400.00
2026-07-06,STR002,PRD046,1,160.00
2026-07-06,STR002,PRD047,6,336.00
2026-07-06,STR002,PRD048,13,910.00
2026-07-06,STR002,PRD049,7,406.00
2026-07-06,STR002,PRD050,6,570.00
2026-07-06,STR002,PRD051,6,540.00
2026-07-06,STR002,PRD053,6,2700.00
2026-07-06,STR002,PRD054,3,1950.00
2026-07-06,STR002,PRD055,5,1950.00
2026-07-06,STR003,PRD001,6,3300.00
2026-07-06,STR003,PRD002,5,825.00
2026-07-06,STR003,PRD003,4,980.00
2026-07-06,STR003,PRD004,2,120.00
2026-07-06,STR003,PRD005,8,3040.00
2026-07-06,STR003,PRD006,5,875.00
2026-07-06,STR003,PRD007,4,112.00
2026-07-06,STR003,PRD008,6,312.00
2026-07-06,STR003,PRD009,7,315.00
2026-07-06,STR003,PRD010,2,76.00
2026-07-06,STR003,PRD011,4,440.00
2026-07-06,STR003,PRD012,5,1100.00
2026-07-06,STR003,PRD013,5,325.00
2026-07-06,STR003,PRD014,7,280.00
2026-07-06,STR003,PRD015,2,40.00
2026-07-06,STR003,PRD016,6,1740.00
2026-07-06,STR003,PRD017,4,200.00
2026-07-06,STR003,PRD018,4,500.00
2026-07-06,STR003,PRD019,8,1560.00
2026-07-06,STR003,PRD020,7,245.00
2026-07-06,STR003,PRD021,3,135.00
2026-07-06,STR003,PRD022,2,560.00
2026-07-06,STR003,PRD024,9,1350.00
2026-07-06,STR003,PRD025,3,180.00
2026-07-06,STR003,PRD026,5,375.00
2026-07-06,STR003,PRD027,2,80.00
2026-07-06,STR003,PRD028,4,120.00
2026-07-06,STR003,PRD029,7,1680.00
2026-07-06,STR003,PRD030,4,740.00
2026-07-06,STR003,PRD031,6,570.00
2026-07-06,STR003,PRD032,6,720.00
2026-07-06,STR003,PRD033,5,425.00
2026-07-06,STR003,PRD034,8,2080.00
2026-07-06,STR003,PRD036,2,420.00
2026-07-06,STR003,PRD037,7,1393.00
2026-07-06,STR003,PRD038,8,920.00
2026-07-06,STR003,PRD039,3,540.00
2026-07-06,STR003,PRD040,2,290.00
2026-07-06,STR003,PRD041,8,784.00
2026-07-06,STR003,PRD042,5,650.00
2026-07-06,STR003,PRD043,5,1050.00
2026-07-06,STR003,PRD044,4,440.00
2026-07-06,STR003,PRD045,1,175.00
2026-07-06,STR003,PRD046,5,800.00
2026-07-06,STR003,PRD047,6,336.00
2026-07-06,STR003,PRD048,6,420.00
2026-07-06,STR003,PRD049,6,348.00
2026-07-06,STR003,PRD050,4,380.00
2026-07-06,STR003,PRD051,2,180.00
2026-07-06,STR003,PRD052,4,560.00
2026-07-06,STR003,PRD053,4,1800.00
2026-07-06,STR003,PRD054,6,3900.00
2026-07-06,STR003,PRD055,8,3120.00
2026-07-06,STR004,PRD002,2,330.00
2026-07-06,STR004,PRD003,8,1960.00
2026-07-06,STR004,PRD004,5,300.00
2026-07-06,STR004,PRD005,5,1900.00
2026-07-06,STR004,PRD006,8,1400.00
2026-07-06,STR004,PRD007,3,84.00
2026-07-06,STR004,PRD008,4,208.00
2026-07-06,STR004,PRD009,5,225.00
2026-07-06,STR004,PRD010,5,190.00
2026-07-06,STR004,PRD011,4,440.00
2026-07-06,STR004,PRD012,3,660.00
2026-07-06,STR004,PRD013,6,390.00
2026-07-06,STR004,PRD014,6,240.00
2026-07-06,STR004,PRD015,4,80.00
2026-07-06,STR004,PRD016,7,2030.00
2026-07-06,STR004,PRD017,14,700.00
2026-07-06,STR004,PRD018,9,1125.00
2026-07-06,STR004,PRD020,5,175.00
2026-07-06,STR004,PRD021,3,135.00
2026-07-06,STR004,PRD022,7,1960.00
2026-07-06,STR004,PRD023,3,960.00
2026-07-06,STR004,PRD024,5,750.00
2026-07-06,STR004,PRD025,4,240.00
2026-07-06,STR004,PRD026,3,225.00
2026-07-06,STR004,PRD027,4,160.00
2026-07-06,STR004,PRD028,4,120.00
2026-07-06,STR004,PRD029,6,1440.00
2026-07-06,STR004,PRD030,6,1110.00
2026-07-06,STR004,PRD031,7,665.00
2026-07-06,STR004,PRD032,4,480.00
2026-07-06,STR004,PRD033,3,255.00
2026-07-06,STR004,PRD034,9,2340.00
2026-07-06,STR004,PRD035,7,2940.00
2026-07-06,STR004,PRD036,5,1050.00
2026-07-06,STR004,PRD037,5,995.00
2026-07-06,STR004,PRD038,7,805.00
2026-07-06,STR004,PRD039,3,540.00
2026-07-06,STR004,PRD040,1,145.00
2026-07-06,STR004,PRD041,5,490.00
2026-07-06,STR004,PRD042,4,520.00
2026-07-06,STR004,PRD043,4,840.00
2026-07-06,STR004,PRD044,6,660.00
2026-07-06,STR004,PRD045,9,1575.00
2026-07-06,STR004,PRD046,4,640.00
2026-07-06,STR004,PRD047,4,224.00
2026-07-06,STR004,PRD048,3,210.00
2026-07-06,STR004,PRD049,7,406.00
2026-07-06,STR004,PRD050,5,475.00
2026-07-06,STR004,PRD051,5,450.00
2026-07-06,STR004,PRD052,5,700.00
2026-07-06,STR004,PRD053,5,2250.00
2026-07-06,STR004,PRD054,5,3250.00
2026-07-06,STR004,PRD055,4,1560.00
2026-07-07,STR001,PRD001,10,5500.00
2026-07-07,STR001,PRD002,12,1980.00
2026-07-07,STR001,PRD003,2,490.00
2026-07-07,STR001,PRD004,10,600.00
2026-07-07,STR001,PRD005,6,2280.00
2026-07-07,STR001,PRD006,8,1400.00
2026-07-07,STR001,PRD007,9,252.00
2026-07-07,STR001,PRD008,4,208.00
2026-07-07,STR001,PRD009,5,225.00
2026-07-07,STR001,PRD010,4,152.00
2026-07-07,STR001,PRD011,5,550.00
2026-07-07,STR001,PRD012,4,880.00
2026-07-07,STR001,PRD013,5,325.00
2026-07-07,STR001,PRD014,2,80.00
2026-07-07,STR001,PRD015,8,160.00
2026-07-07,STR001,PRD016,4,1160.00
2026-07-07,STR001,PRD017,4,200.00
2026-07-07,STR001,PRD018,4,500.00
2026-07-07,STR001,PRD019,8,1560.00
2026-07-07,STR001,PRD020,4,140.00
2026-07-07,STR001,PRD021,6,270.00
2026-07-07,STR001,PRD022,7,1960.00
2026-07-07,STR001,PRD023,3,960.00
2026-07-07,STR001,PRD024,2,300.00
2026-07-07,STR001,PRD025,7,420.00
2026-07-07,STR001,PRD026,6,450.00
2026-07-07,STR001,PRD027,4,160.00
2026-07-07,STR001,PRD028,2,60.00
2026-07-07,STR001,PRD029,6,1440.00
2026-07-07,STR001,PRD030,3,555.00
2026-07-07,STR001,PRD031,6,570.00
2026-07-07,STR001,PRD032,4,480.00
2026-07-07,STR001,PRD033,4,340.00
2026-07-07,STR001,PRD034,8,2080.00
2026-07-07,STR001,PRD035,5,2100.00
2026-07-07,STR001,PRD036,5,1050.00
2026-07-07,STR001,PRD037,7,1393.00
2026-07-07,STR001,PRD038,1,115.00
2026-07-07,STR001,PRD039,6,1080.00
2026-07-07,STR001,PRD040,7,1015.00
2026-07-07,STR001,PRD041,6,588.00
2026-07-07,STR001,PRD042,5,650.00
2026-07-07,STR001,PRD043,4,840.00
2026-07-07,STR001,PRD044,5,550.00
2026-07-07,STR001,PRD045,2,350.00
2026-07-07,STR001,PRD046,4,640.00
2026-07-07,STR001,PRD047,4,224.00
2026-07-07,STR001,PRD048,3,210.00
2026-07-07,STR001,PRD049,8,464.00
2026-07-07,STR001,PRD050,5,475.00
2026-07-07,STR001,PRD052,2,280.00
2026-07-07,STR001,PRD054,5,3250.00
2026-07-07,STR001,PRD055,5,1950.00
2026-07-07,STR002,PRD001,4,2200.00
2026-07-07,STR002,PRD002,2,330.00
2026-07-07,STR002,PRD003,7,1715.00
2026-07-07,STR002,PRD004,4,240.00
2026-07-07,STR002,PRD005,4,1520.00
2026-07-07,STR002,PRD006,8,1400.00
2026-07-07,STR002,PRD007,7,196.00
2026-07-07,STR002,PRD008,3,156.00
2026-07-07,STR002,PRD009,7,315.00
2026-07-07,STR002,PRD010,4,152.00
2026-07-07,STR002,PRD011,7,770.00
2026-07-07,STR002,PRD012,4,880.00
2026-07-07,STR002,PRD013,5,325.00
2026-07-07,STR002,PRD014,5,200.00
2026-07-07,STR002,PRD015,5,100.00
2026-07-07,STR002,PRD016,5,1450.00
2026-07-07,STR002,PRD017,5,250.00
2026-07-07,STR002,PRD018,6,750.00
2026-07-07,STR002,PRD019,2,390.00
2026-07-07,STR002,PRD020,8,280.00
2026-07-07,STR002,PRD021,8,360.00
2026-07-07,STR002,PRD022,11,3080.00
2026-07-07,STR002,PRD023,5,1600.00
2026-07-07,STR002,PRD024,3,450.00
2026-07-07,STR002,PRD025,3,180.00
2026-07-07,STR002,PRD026,7,525.00
2026-07-07,STR002,PRD027,4,160.00
2026-07-07,STR002,PRD028,7,210.00
2026-07-07,STR002,PRD029,9,2160.00
2026-07-07,STR002,PRD030,4,740.00
2026-07-07,STR002,PRD031,6,570.00
2026-07-07,STR002,PRD032,5,600.00
2026-07-07,STR002,PRD033,4,340.00
2026-07-07,STR002,PRD034,5,1300.00
2026-07-07,STR002,PRD035,2,840.00
2026-07-07,STR002,PRD036,4,840.00
2026-07-07,STR002,PRD037,4,796.00
2026-07-07,STR002,PRD038,5,575.00
2026-07-07,STR002,PRD039,6,1080.00
2026-07-07,STR002,PRD040,1,145.00
2026-07-07,STR002,PRD041,5,490.00
2026-07-07,STR002,PRD042,5,650.00
2026-07-07,STR002,PRD044,5,550.00
2026-07-07,STR002,PRD045,7,1225.00
2026-07-07,STR002,PRD046,3,480.00
2026-07-07,STR002,PRD047,8,448.00
2026-07-07,STR002,PRD048,10,700.00
2026-07-07,STR002,PRD049,5,290.00
2026-07-07,STR002,PRD050,3,285.00
2026-07-07,STR002,PRD051,4,360.00
2026-07-07,STR002,PRD053,3,1350.00
2026-07-07,STR002,PRD054,6,3900.00
2026-07-07,STR002,PRD055,8,3120.00
2026-07-07,STR003,PRD001,8,4400.00
2026-07-07,STR003,PRD002,4,660.00
2026-07-07,STR003,PRD003,7,1715.00
2026-07-07,STR003,PRD004,2,120.00
2026-07-07,STR003,PRD005,7,2660.00
2026-07-07,STR003,PRD006,4,700.00
2026-07-07,STR003,PRD007,6,168.00
2026-07-07,STR003,PRD008,7,364.00
2026-07-07,STR003,PRD009,5,225.00
2026-07-07,STR003,PRD010,6,228.00
2026-07-07,STR003,PRD011,5,550.00
2026-07-07,STR003,PRD012,5,1100.00
2026-07-07,STR003,PRD013,4,260.00
2026-07-07,STR003,PRD014,5,200.00
2026-07-07,STR003,PRD015,3,60.00
2026-07-07,STR003,PRD016,2,580.00
2026-07-07,STR003,PRD017,1,50.00
2026-07-07,STR003,PRD018,6,750.00
2026-07-07,STR003,PRD019,9,1755.00
2026-07-07,STR003,PRD020,7,245.00
2026-07-07,STR003,PRD021,2,90.00
2026-07-07,STR003,PRD022,3,840.00
2026-07-07,STR003,PRD023,1,320.00
2026-07-07,STR003,PRD024,6,900.00
2026-07-07,STR003,PRD025,2,120.00
2026-07-07,STR003,PRD026,6,450.00
2026-07-07,STR003,PRD027,1,40.00
2026-07-07,STR003,PRD028,4,120.00
2026-07-07,STR003,PRD029,5,1200.00
2026-07-07,STR003,PRD030,3,555.00
2026-07-07,STR003,PRD031,8,760.00
2026-07-07,STR003,PRD032,6,720.00
2026-07-07,STR003,PRD033,4,340.00
2026-07-07,STR003,PRD034,5,1300.00
2026-07-07,STR003,PRD036,5,1050.00
2026-07-07,STR003,PRD037,6,1194.00
2026-07-07,STR003,PRD038,6,690.00
2026-07-07,STR003,PRD039,6,1080.00
2026-07-07,STR003,PRD040,3,435.00
2026-07-07,STR003,PRD041,7,686.00
2026-07-07,STR003,PRD042,4,520.00
2026-07-07,STR003,PRD043,5,1050.00
2026-07-07,STR003,PRD044,7,770.00
2026-07-07,STR003,PRD045,2,350.00
2026-07-07,STR003,PRD046,5,800.00
2026-07-07,STR003,PRD047,5,280.00
2026-07-07,STR003,PRD048,6,420.00
2026-07-07,STR003,PRD049,5,290.00
2026-07-07,STR003,PRD050,4,380.00
2026-07-07,STR003,PRD051,5,450.00
2026-07-07,STR003,PRD052,8,1120.00
2026-07-07,STR003,PRD053,5,2250.00
2026-07-07,STR003,PRD054,5,3250.00
2026-07-07,STR003,PRD055,7,2730.00
2026-07-07,STR004,PRD001,2,1100.00
2026-07-07,STR004,PRD002,6,990.00
2026-07-07,STR004,PRD003,5,1225.00
2026-07-07,STR004,PRD004,5,300.00
2026-07-07,STR004,PRD005,5,1900.00
2026-07-07,STR004,PRD006,5,875.00
2026-07-07,STR004,PRD007,3,84.00
2026-07-07,STR004,PRD008,7,364.00
2026-07-07,STR004,PRD009,6,270.00
2026-07-07,STR004,PRD010,7,266.00
2026-07-07,STR004,PRD011,3,330.00
2026-07-07,STR004,PRD012,2,440.00
2026-07-07,STR004,PRD013,6,390.00
2026-07-07,STR004,PRD014,7,280.00
2026-07-07,STR004,PRD015,7,140.00
2026-07-07,STR004,PRD016,4,1160.00
2026-07-07,STR004,PRD017,15,750.00
2026-07-07,STR004,PRD018,8,1000.00
2026-07-07,STR004,PRD020,6,210.00
2026-07-07,STR004,PRD021,4,180.00
2026-07-07,STR004,PRD022,5,1400.00
2026-07-07,STR004,PRD023,3,960.00
2026-07-07,STR004,PRD024,4,600.00
2026-07-07,STR004,PRD025,4,240.00
2026-07-07,STR004,PRD026,7,525.00
2026-07-07,STR004,PRD027,5,200.00
2026-07-07,STR004,PRD028,4,120.00
2026-07-07,STR004,PRD029,9,2160.00
2026-07-07,STR004,PRD030,2,370.00
2026-07-07,STR004,PRD031,8,760.00
2026-07-07,STR004,PRD032,3,360.00
2026-07-07,STR004,PRD033,1,85.00
2026-07-07,STR004,PRD034,9,2340.00
2026-07-07,STR004,PRD035,4,1680.00
2026-07-07,STR004,PRD036,9,1890.00
2026-07-07,STR004,PRD037,8,1592.00
2026-07-07,STR004,PRD038,7,805.00
2026-07-07,STR004,PRD039,2,360.00
2026-07-07,STR004,PRD040,2,290.00
2026-07-07,STR004,PRD041,6,588.00
2026-07-07,STR004,PRD042,5,650.00
2026-07-07,STR004,PRD043,3,630.00
2026-07-07,STR004,PRD044,5,550.00
2026-07-07,STR004,PRD045,9,1575.00
2026-07-07,STR004,PRD046,2,320.00
2026-07-07,STR004,PRD047,8,448.00
2026-07-07,STR004,PRD048,3,210.00
2026-07-07,STR004,PRD049,3,174.00
2026-07-07,STR004,PRD050,8,760.00
2026-07-07,STR004,PRD051,6,540.00
2026-07-07,STR004,PRD052,4,560.00
2026-07-07,STR004,PRD053,7,3150.00
2026-07-07,STR004,PRD054,2,1300.00
2026-07-07,STR004,PRD055,2,780.00
2026-07-08,STR001,PRD001,10,5500.00
2026-07-08,STR001,PRD002,10,1650.00
2026-07-08,STR001,PRD003,4,980.00
2026-07-08,STR001,PRD004,14,840.00
2026-07-08,STR001,PRD005,7,2660.00
2026-07-08,STR001,PRD006,7,1225.00
2026-07-08,STR001,PRD007,9,252.00
2026-07-08,STR001,PRD008,3,156.00
2026-07-08,STR001,PRD009,5,225.00
2026-07-08,STR001,PRD010,2,76.00
2026-07-08,STR001,PRD011,4,440.00
2026-07-08,STR001,PRD012,4,880.00
2026-07-08,STR001,PRD013,1,65.00
2026-07-08,STR001,PRD014,6,240.00
2026-07-08,STR001,PRD015,6,120.00
2026-07-08,STR001,PRD016,3,870.00
2026-07-08,STR001,PRD017,5,250.00
2026-07-08,STR001,PRD018,7,875.00
2026-07-08,STR001,PRD019,4,780.00
2026-07-08,STR001,PRD020,1,35.00
2026-07-08,STR001,PRD021,7,315.00
2026-07-08,STR001,PRD022,4,1120.00
2026-07-08,STR001,PRD023,2,640.00
2026-07-08,STR001,PRD024,3,450.00
2026-07-08,STR001,PRD025,8,480.00
2026-07-08,STR001,PRD026,5,375.00
2026-07-08,STR001,PRD027,4,160.00
2026-07-08,STR001,PRD028,5,150.00
2026-07-08,STR001,PRD029,7,1680.00
2026-07-08,STR001,PRD030,5,925.00
2026-07-08,STR001,PRD031,8,760.00
2026-07-08,STR001,PRD032,8,960.00
2026-07-08,STR001,PRD033,5,425.00
2026-07-08,STR001,PRD034,8,2080.00
2026-07-08,STR001,PRD035,5,2100.00
2026-07-08,STR001,PRD036,3,630.00
2026-07-08,STR001,PRD037,5,995.00
2026-07-08,STR001,PRD039,4,720.00
2026-07-08,STR001,PRD040,4,580.00
2026-07-08,STR001,PRD041,4,392.00
2026-07-08,STR001,PRD042,1,130.00
2026-07-08,STR001,PRD043,3,630.00
2026-07-08,STR001,PRD044,2,220.00
2026-07-08,STR001,PRD045,2,350.00
2026-07-08,STR001,PRD046,5,800.00
2026-07-08,STR001,PRD047,2,112.00
2026-07-08,STR001,PRD048,3,210.00
2026-07-08,STR001,PRD049,7,406.00
2026-07-08,STR001,PRD050,6,570.00
2026-07-08,STR001,PRD052,3,420.00
2026-07-08,STR001,PRD053,1,450.00
2026-07-08,STR001,PRD054,8,5200.00
2026-07-08,STR001,PRD055,5,1950.00
2026-07-08,STR002,PRD001,6,3300.00
2026-07-08,STR002,PRD002,5,825.00
2026-07-08,STR002,PRD003,4,980.00
2026-07-08,STR002,PRD004,2,120.00
2026-07-08,STR002,PRD005,4,1520.00
2026-07-08,STR002,PRD006,6,1050.00
2026-07-08,STR002,PRD007,7,196.00
2026-07-08,STR002,PRD008,6,312.00
2026-07-08,STR002,PRD009,7,315.00
2026-07-08,STR002,PRD010,4,152.00
2026-07-08,STR002,PRD011,7,770.00
2026-07-08,STR002,PRD012,6,1320.00
2026-07-08,STR002,PRD013,2,130.00
2026-07-08,STR002,PRD014,3,120.00
2026-07-08,STR002,PRD015,4,80.00
2026-07-08,STR002,PRD016,6,1740.00
2026-07-08,STR002,PRD017,8,400.00
2026-07-08,STR002,PRD018,5,625.00
2026-07-08,STR002,PRD019,4,780.00
2026-07-08,STR002,PRD020,6,210.00
2026-07-08,STR002,PRD021,8,360.00
2026-07-08,STR002,PRD022,13,3640.00
2026-07-08,STR002,PRD023,6,1920.00
2026-07-08,STR002,PRD024,5,750.00
2026-07-08,STR002,PRD025,6,360.00
2026-07-08,STR002,PRD026,7,525.00
2026-07-08,STR002,PRD027,6,240.00
2026-07-08,STR002,PRD028,5,150.00
2026-07-08,STR002,PRD029,5,1200.00
2026-07-08,STR002,PRD030,6,1110.00
2026-07-08,STR002,PRD031,5,475.00
2026-07-08,STR002,PRD032,8,960.00
2026-07-08,STR002,PRD033,4,340.00
2026-07-08,STR002,PRD034,5,1300.00
2026-07-08,STR002,PRD035,5,2100.00
2026-07-08,STR002,PRD036,4,840.00
2026-07-08,STR002,PRD037,5,995.00
2026-07-08,STR002,PRD038,4,460.00
2026-07-08,STR002,PRD039,7,1260.00
2026-07-08,STR002,PRD040,1,145.00
2026-07-08,STR002,PRD041,6,588.00
2026-07-08,STR002,PRD042,9,1170.00
2026-07-08,STR002,PRD044,5,550.00
2026-07-08,STR002,PRD045,6,1050.00
2026-07-08,STR002,PRD046,4,640.00
2026-07-08,STR002,PRD047,7,392.00
2026-07-08,STR002,PRD048,10,700.00
2026-07-08,STR002,PRD049,6,348.00
2026-07-08,STR002,PRD050,6,570.00
2026-07-08,STR002,PRD051,6,540.00
2026-07-08,STR002,PRD053,6,2700.00
2026-07-08,STR002,PRD054,6,3900.00
2026-07-08,STR002,PRD055,5,1950.00
2026-07-08,STR003,PRD001,6,3300.00
2026-07-08,STR003,PRD002,4,660.00
2026-07-08,STR003,PRD003,4,980.00
2026-07-08,STR003,PRD004,5,300.00
2026-07-08,STR003,PRD005,7,2660.00
2026-07-08,STR003,PRD006,7,1225.00
2026-07-08,STR003,PRD007,3,84.00
2026-07-08,STR003,PRD008,8,416.00
2026-07-08,STR003,PRD009,4,180.00
2026-07-08,STR003,PRD010,6,228.00
2026-07-08,STR003,PRD011,6,660.00
2026-07-08,STR003,PRD012,8,1760.00
2026-07-08,STR003,PRD013,7,455.00
2026-07-08,STR003,PRD014,4,160.00
2026-07-08,STR003,PRD015,3,60.00
2026-07-08,STR003,PRD016,5,1450.00
2026-07-08,STR003,PRD017,4,200.00
2026-07-08,STR003,PRD018,4,500.00
2026-07-08,STR003,PRD019,8,1560.00
2026-07-08,STR003,PRD020,5,175.00
2026-07-08,STR003,PRD021,6,270.00
2026-07-08,STR003,PRD022,1,280.00
2026-07-08,STR003,PRD023,1,320.00
2026-07-08,STR003,PRD024,5,750.00
2026-07-08,STR003,PRD025,4,240.00
2026-07-08,STR003,PRD026,4,300.00
2026-07-08,STR003,PRD027,2,80.00
2026-07-08,STR003,PRD028,5,150.00
2026-07-08,STR003,PRD029,5,1200.00
2026-07-08,STR003,PRD030,6,1110.00
2026-07-08,STR003,PRD031,8,760.00
2026-07-08,STR003,PRD032,3,360.00
2026-07-08,STR003,PRD033,5,425.00
2026-07-08,STR003,PRD034,7,1820.00
2026-07-08,STR003,PRD036,3,630.00
2026-07-08,STR003,PRD037,7,1393.00
2026-07-08,STR003,PRD038,4,460.00
2026-07-08,STR003,PRD039,2,360.00
2026-07-08,STR003,PRD040,4,580.00
2026-07-08,STR003,PRD041,7,686.00
2026-07-08,STR003,PRD042,6,780.00
2026-07-08,STR003,PRD043,4,840.00
2026-07-08,STR003,PRD044,4,440.00
2026-07-08,STR003,PRD045,5,875.00
2026-07-08,STR003,PRD046,2,320.00
2026-07-08,STR003,PRD047,2,112.00
2026-07-08,STR003,PRD048,5,350.00
2026-07-08,STR003,PRD049,5,290.00
2026-07-08,STR003,PRD050,2,190.00
2026-07-08,STR003,PRD051,5,450.00
2026-07-08,STR003,PRD052,5,700.00
2026-07-08,STR003,PRD053,2,900.00
2026-07-08,STR003,PRD054,9,5850.00
2026-07-08,STR003,PRD055,5,1950.00
2026-07-08,STR004,PRD001,2,1100.00
2026-07-08,STR004,PRD002,4,660.00
2026-07-08,STR004,PRD003,6,1470.00
2026-07-08,STR004,PRD004,4,240.00
2026-07-08,STR004,PRD005,2,760.00
2026-07-08,STR004,PRD006,9,1575.00
2026-07-08,STR004,PRD007,5,140.00
2026-07-08,STR004,PRD008,4,208.00
2026-07-08,STR004,PRD009,8,360.00
2026-07-08,STR004,PRD010,8,304.00
2026-07-08,STR004,PRD011,2,220.00
2026-07-08,STR004,PRD012,1,220.00
2026-07-08,STR004,PRD013,6,390.00
2026-07-08,STR004,PRD014,6,240.00
2026-07-08,STR004,PRD015,3,60.00
2026-07-08,STR004,PRD016,4,1160.00
2026-07-08,STR004,PRD017,17,850.00
2026-07-08,STR004,PRD018,9,1125.00
2026-07-08,STR004,PRD020,3,105.00
2026-07-08,STR004,PRD021,6,270.00
2026-07-08,STR004,PRD022,4,1120.00
2026-07-08,STR004,PRD023,6,1920.00
2026-07-08,STR004,PRD024,2,300.00
2026-07-08,STR004,PRD025,4,240.00
2026-07-08,STR004,PRD026,3,225.00
2026-07-08,STR004,PRD027,3,120.00
2026-07-08,STR004,PRD028,4,120.00
2026-07-08,STR004,PRD029,6,1440.00
2026-07-08,STR004,PRD030,4,740.00
2026-07-08,STR004,PRD031,7,665.00
2026-07-08,STR004,PRD032,7,840.00
2026-07-08,STR004,PRD033,4,340.00
2026-07-08,STR004,PRD034,5,1300.00
2026-07-08,STR004,PRD035,5,2100.00
2026-07-08,STR004,PRD036,7,1470.00
2026-07-08,STR004,PRD037,7,1393.00
2026-07-08,STR004,PRD038,5,575.00
2026-07-08,STR004,PRD039,2,360.00
2026-07-08,STR004,PRD041,5,490.00
2026-07-08,STR004,PRD042,6,780.00
2026-07-08,STR004,PRD043,1,210.00
2026-07-08,STR004,PRD044,4,440.00
2026-07-08,STR004,PRD045,8,1400.00
2026-07-08,STR004,PRD046,4,640.00
2026-07-08,STR004,PRD047,6,336.00
2026-07-08,STR004,PRD048,7,490.00
2026-07-08,STR004,PRD049,4,232.00
2026-07-08,STR004,PRD050,5,475.00
2026-07-08,STR004,PRD051,7,630.00
2026-07-08,STR004,PRD052,5,700.00
2026-07-08,STR004,PRD053,7,3150.00
2026-07-08,STR004,PRD054,4,2600.00
2026-07-08,STR004,PRD055,3,1170.00
2026-07-09,STR001,PRD001,8,4400.00
2026-07-09,STR001,PRD002,12,1980.00
2026-07-09,STR001,PRD003,5,1225.00
2026-07-09,STR001,PRD004,11,660.00
2026-07-09,STR001,PRD005,5,1900.00
2026-07-09,STR001,PRD006,7,1225.00
2026-07-09,STR001,PRD007,8,224.00
2026-07-09,STR001,PRD008,4,208.00
2026-07-09,STR001,PRD009,6,270.00
2026-07-09,STR001,PRD010,5,190.00
2026-07-09,STR001,PRD011,5,550.00
2026-07-09,STR001,PRD012,3,660.00
2026-07-09,STR001,PRD013,4,260.00
2026-07-09,STR001,PRD014,3,120.00
2026-07-09,STR001,PRD015,4,80.00
2026-07-09,STR001,PRD016,7,2030.00
2026-07-09,STR001,PRD017,2,100.00
2026-07-09,STR001,PRD018,3,375.00
2026-07-09,STR001,PRD019,6,1170.00
2026-07-09,STR001,PRD020,3,105.00
2026-07-09,STR001,PRD021,7,315.00
2026-07-09,STR001,PRD022,5,1400.00
2026-07-09,STR001,PRD023,5,1600.00
2026-07-09,STR001,PRD024,2,300.00
2026-07-09,STR001,PRD025,8,480.00
2026-07-09,STR001,PRD026,2,150.00
2026-07-09,STR001,PRD027,2,80.00
2026-07-09,STR001,PRD028,5,150.00
2026-07-09,STR001,PRD029,4,960.00
2026-07-09,STR001,PRD030,7,1295.00
2026-07-09,STR001,PRD031,6,570.00
2026-07-09,STR001,PRD032,7,840.00
2026-07-09,STR001,PRD033,6,510.00
2026-07-09,STR001,PRD034,9,2340.00
2026-07-09,STR001,PRD035,5,2100.00
2026-07-09,STR001,PRD036,5,1050.00
2026-07-09,STR001,PRD037,6,1194.00
2026-07-09,STR001,PRD039,6,1080.00
2026-07-09,STR001,PRD040,7,1015.00
2026-07-09,STR001,PRD041,8,784.00
2026-07-09,STR001,PRD042,2,260.00
2026-07-09,STR001,PRD043,5,1050.00
2026-07-09,STR001,PRD044,5,550.00
2026-07-09,STR001,PRD045,2,350.00
2026-07-09,STR001,PRD046,6,960.00
2026-07-09,STR001,PRD047,5,280.00
2026-07-09,STR001,PRD048,6,420.00
2026-07-09,STR001,PRD049,7,406.00
2026-07-09,STR001,PRD050,4,380.00
2026-07-09,STR001,PRD052,5,700.00
2026-07-09,STR001,PRD054,7,4550.00
2026-07-09,STR001,PRD055,4,1560.00
2026-07-09,STR002,PRD001,3,1650.00
2026-07-09,STR002,PRD002,6,990.00
2026-07-09,STR002,PRD003,6,1470.00
2026-07-09,STR002,PRD004,5,300.00
2026-07-09,STR002,PRD005,4,1520.00
2026-07-09,STR002,PRD006,9,1575.00
2026-07-09,STR002,PRD007,8,224.00
2026-07-09,STR002,PRD008,5,260.00
2026-07-09,STR002,PRD009,5,225.00
2026-07-09,STR002,PRD010,4,152.00
2026-07-09,STR002,PRD011,8,880.00
2026-07-09,STR002,PRD012,6,1320.00
2026-07-09,STR002,PRD013,3,195.00
2026-07-09,STR002,PRD014,6,240.00
2026-07-09,STR002,PRD015,4,80.00
2026-07-09,STR002,PRD016,3,870.00
2026-07-09,STR002,PRD017,5,250.00
2026-07-09,STR002,PRD018,5,625.00
2026-07-09,STR002,PRD019,6,1170.00
2026-07-09,STR002,PRD020,10,350.00
2026-07-09,STR002,PRD021,10,450.00
2026-07-09,STR002,PRD022,11,3080.00
2026-07-09,STR002,PRD023,5,1600.00
2026-07-09,STR002,PRD024,5,750.00
2026-07-09,STR002,PRD025,6,360.00
2026-07-09,STR002,PRD026,3,225.00
2026-07-09,STR002,PRD027,2,80.00
2026-07-09,STR002,PRD028,5,150.00
2026-07-09,STR002,PRD029,7,1680.00
2026-07-09,STR002,PRD030,7,1295.00
2026-07-09,STR002,PRD031,4,380.00
2026-07-09,STR002,PRD032,5,600.00
2026-07-09,STR002,PRD034,1,260.00
2026-07-09,STR002,PRD035,4,1680.00
2026-07-09,STR002,PRD036,3,630.00
2026-07-09,STR002,PRD037,8,1592.00
2026-07-09,STR002,PRD038,4,460.00
2026-07-09,STR002,PRD039,6,1080.00
2026-07-09,STR002,PRD040,3,435.00
2026-07-09,STR002,PRD041,4,392.00
2026-07-09,STR002,PRD042,9,1170.00
2026-07-09,STR002,PRD044,9,990.00
2026-07-09,STR002,PRD045,8,1400.00
2026-07-09,STR002,PRD046,2,320.00
2026-07-09,STR002,PRD047,6,336.00
2026-07-09,STR002,PRD048,12,840.00
2026-07-09,STR002,PRD049,5,290.00
2026-07-09,STR002,PRD050,6,570.00
2026-07-09,STR002,PRD051,5,450.00
2026-07-09,STR002,PRD053,6,2700.00
2026-07-09,STR002,PRD054,7,4550.00
2026-07-09,STR002,PRD055,6,2340.00
2026-07-09,STR003,PRD001,4,2200.00
2026-07-09,STR003,PRD002,4,660.00
2026-07-09,STR003,PRD003,7,1715.00
2026-07-09,STR003,PRD004,6,360.00
2026-07-09,STR003,PRD005,6,2280.00
2026-07-09,STR003,PRD006,6,1050.00
2026-07-09,STR003,PRD007,5,140.00
2026-07-09,STR003,PRD008,4,208.00
2026-07-09,STR003,PRD009,4,180.00
2026-07-09,STR003,PRD010,5,190.00
2026-07-09,STR003,PRD011,7,770.00
2026-07-09,STR003,PRD012,4,880.00
2026-07-09,STR003,PRD013,4,260.00
2026-07-09,STR003,PRD014,3,120.00
2026-07-09,STR003,PRD015,4,80.00
2026-07-09,STR003,PRD016,3,870.00
2026-07-09,STR003,PRD017,4,200.00
2026-07-09,STR003,PRD018,3,375.00
2026-07-09,STR003,PRD019,8,1560.00
2026-07-09,STR003,PRD020,4,140.00
2026-07-09,STR003,PRD021,4,180.00
2026-07-09,STR003,PRD022,4,1120.00
2026-07-09,STR003,PRD023,2,640.00
2026-07-09,STR003,PRD024,9,1350.00
2026-07-09,STR003,PRD025,5,300.00
2026-07-09,STR003,PRD026,7,525.00
2026-07-09,STR003,PRD027,4,160.00
2026-07-09,STR003,PRD028,6,180.00
2026-07-09,STR003,PRD029,8,1920.00
2026-07-09,STR003,PRD030,5,925.00
2026-07-09,STR003,PRD031,8,760.00
2026-07-09,STR003,PRD032,6,720.00
2026-07-09,STR003,PRD033,5,425.00
2026-07-09,STR003,PRD034,7,1820.00
2026-07-09,STR003,PRD036,3,630.00
2026-07-09,STR003,PRD037,7,1393.00
2026-07-09,STR003,PRD038,5,575.00
2026-07-09,STR003,PRD039,5,900.00
2026-07-09,STR003,PRD040,5,725.00
2026-07-09,STR003,PRD041,6,588.00
2026-07-09,STR003,PRD042,8,1040.00
2026-07-09,STR003,PRD043,7,1470.00
2026-07-09,STR003,PRD044,3,330.00
2026-07-09,STR003,PRD045,2,350.00
2026-07-09,STR003,PRD046,5,800.00
2026-07-09,STR003,PRD047,5,280.00
2026-07-09,STR003,PRD048,3,210.00
2026-07-09,STR003,PRD049,3,174.00
2026-07-09,STR003,PRD050,6,570.00
2026-07-09,STR003,PRD051,3,270.00
2026-07-09,STR003,PRD052,4,560.00
2026-07-09,STR003,PRD053,6,2700.00
2026-07-09,STR003,PRD054,8,5200.00
2026-07-09,STR003,PRD055,4,1560.00
2026-07-09,STR004,PRD002,4,660.00
2026-07-09,STR004,PRD003,8,1960.00
2026-07-09,STR004,PRD004,4,240.00
2026-07-09,STR004,PRD005,2,760.00
2026-07-09,STR004,PRD006,9,1575.00
2026-07-09,STR004,PRD007,4,112.00
2026-07-09,STR004,PRD008,3,156.00
2026-07-09,STR004,PRD009,6,270.00
2026-07-09,STR004,PRD010,6,228.00
2026-07-09,STR004,PRD011,4,440.00
2026-07-09,STR004,PRD012,3,660.00
2026-07-09,STR004,PRD013,5,325.00
2026-07-09,STR004,PRD014,6,240.00
2026-07-09,STR004,PRD015,3,60.00
2026-07-09,STR004,PRD016,5,1450.00
2026-07-09,STR004,PRD017,14,700.00
2026-07-09,STR004,PRD018,9,1125.00
2026-07-09,STR004,PRD020,5,175.00
2026-07-09,STR004,PRD021,4,180.00
2026-07-09,STR004,PRD022,5,1400.00
2026-07-09,STR004,PRD023,3,960.00
2026-07-09,STR004,PRD024,5,750.00
2026-07-09,STR004,PRD025,3,180.00
2026-07-09,STR004,PRD026,3,225.00
2026-07-09,STR004,PRD027,6,240.00
2026-07-09,STR004,PRD028,4,120.00
2026-07-09,STR004,PRD029,5,1200.00
2026-07-09,STR004,PRD030,2,370.00
2026-07-09,STR004,PRD031,7,665.00
2026-07-09,STR004,PRD032,6,720.00
2026-07-09,STR004,PRD033,5,425.00
2026-07-09,STR004,PRD034,7,1820.00
2026-07-09,STR004,PRD035,8,3360.00
2026-07-09,STR004,PRD036,8,1680.00
2026-07-09,STR004,PRD037,7,1393.00
2026-07-09,STR004,PRD038,7,805.00
2026-07-09,STR004,PRD039,5,900.00
2026-07-09,STR004,PRD040,3,435.00
2026-07-09,STR004,PRD041,3,294.00
2026-07-09,STR004,PRD042,4,520.00
2026-07-09,STR004,PRD043,5,1050.00
2026-07-09,STR004,PRD044,6,660.00
2026-07-09,STR004,PRD045,8,1400.00
2026-07-09,STR004,PRD046,5,800.00
2026-07-09,STR004,PRD047,5,280.00
2026-07-09,STR004,PRD048,5,350.00
2026-07-09,STR004,PRD049,3,174.00
2026-07-09,STR004,PRD050,9,855.00
2026-07-09,STR004,PRD051,9,810.00
2026-07-09,STR004,PRD052,6,840.00
2026-07-09,STR004,PRD053,7,3150.00
2026-07-09,STR004,PRD054,3,1950.00
2026-07-09,STR004,PRD055,5,1950.00
2026-07-10,STR001,PRD001,8,4400.00
2026-07-10,STR001,PRD002,12,1980.00
2026-07-10,STR001,PRD003,2,490.00
2026-07-10,STR001,PRD004,13,780.00
2026-07-10,STR001,PRD005,6,2280.00
2026-07-10,STR001,PRD006,4,700.00
2026-07-10,STR001,PRD007,6,168.00
2026-07-10,STR001,PRD008,1,52.00
2026-07-10,STR001,PRD009,7,315.00
2026-07-10,STR001,PRD010,3,114.00
2026-07-10,STR001,PRD011,7,770.00
2026-07-10,STR001,PRD012,3,660.00
2026-07-10,STR001,PRD013,5,325.00
2026-07-10,STR001,PRD014,2,80.00
2026-07-10,STR001,PRD015,5,100.00
2026-07-10,STR001,PRD016,7,2030.00
2026-07-10,STR001,PRD017,6,300.00
2026-07-10,STR001,PRD018,7,875.00
2026-07-10,STR001,PRD019,4,780.00
2026-07-10,STR001,PRD020,5,175.00
2026-07-10,STR001,PRD021,8,360.00
2026-07-10,STR001,PRD022,5,1400.00
2026-07-10,STR001,PRD023,5,1600.00
2026-07-10,STR001,PRD024,6,900.00
2026-07-10,STR001,PRD025,5,300.00
2026-07-10,STR001,PRD026,2,150.00
2026-07-10,STR001,PRD027,5,200.00
2026-07-10,STR001,PRD028,2,60.00
2026-07-10,STR001,PRD029,4,960.00
2026-07-10,STR001,PRD030,5,925.00
2026-07-10,STR001,PRD031,5,475.00
2026-07-10,STR001,PRD032,5,600.00
2026-07-10,STR001,PRD033,7,595.00
2026-07-10,STR001,PRD034,8,2080.00
2026-07-10,STR001,PRD035,3,1260.00
2026-07-10,STR001,PRD036,7,1470.00
2026-07-10,STR001,PRD037,8,1592.00
2026-07-10,STR001,PRD038,1,115.00
2026-07-10,STR001,PRD039,7,1260.00
2026-07-10,STR001,PRD040,7,1015.00
2026-07-10,STR001,PRD041,4,392.00
2026-07-10,STR001,PRD042,4,520.00
2026-07-10,STR001,PRD043,2,420.00
2026-07-10,STR001,PRD044,4,440.00
2026-07-10,STR001,PRD045,4,700.00
2026-07-10,STR001,PRD046,3,480.00
2026-07-10,STR001,PRD047,4,224.00
2026-07-10,STR001,PRD048,2,140.00
2026-07-10,STR001,PRD049,8,464.00
2026-07-10,STR001,PRD050,4,380.00
2026-07-10,STR001,PRD052,5,700.00
2026-07-10,STR001,PRD054,5,3250.00
2026-07-10,STR001,PRD055,4,1560.00
2026-07-10,STR002,PRD001,7,3850.00
2026-07-10,STR002,PRD002,3,495.00
2026-07-10,STR002,PRD003,6,1470.00
2026-07-10,STR002,PRD004,3,180.00
2026-07-10,STR002,PRD005,4,1520.00
2026-07-10,STR002,PRD006,7,1225.00
2026-07-10,STR002,PRD007,4,112.00
2026-07-10,STR002,PRD008,4,208.00
2026-07-10,STR002,PRD009,6,270.00
2026-07-10,STR002,PRD010,7,266.00
2026-07-10,STR002,PRD011,5,550.00
2026-07-10,STR002,PRD012,2,440.00
2026-07-10,STR002,PRD013,5,325.00
2026-07-10,STR002,PRD014,4,160.00
2026-07-10,STR002,PRD015,3,60.00
2026-07-10,STR002,PRD016,2,580.00
2026-07-10,STR002,PRD017,5,250.00
2026-07-10,STR002,PRD018,7,875.00
2026-07-10,STR002,PRD019,5,975.00
2026-07-10,STR002,PRD020,6,210.00
2026-07-10,STR002,PRD021,10,450.00
2026-07-10,STR002,PRD022,11,3080.00
2026-07-10,STR002,PRD023,6,1920.00
2026-07-10,STR002,PRD024,4,600.00
2026-07-10,STR002,PRD025,4,240.00
2026-07-10,STR002,PRD026,6,450.00
2026-07-10,STR002,PRD027,2,80.00
2026-07-10,STR002,PRD028,3,90.00
2026-07-10,STR002,PRD029,6,1440.00
2026-07-10,STR002,PRD030,4,740.00
2026-07-10,STR002,PRD031,6,570.00
2026-07-10,STR002,PRD032,9,1080.00
2026-07-10,STR002,PRD034,4,1040.00
2026-07-10,STR002,PRD035,5,2100.00
2026-07-10,STR002,PRD036,5,1050.00
2026-07-10,STR002,PRD037,7,1393.00
2026-07-10,STR002,PRD038,4,460.00
2026-07-10,STR002,PRD039,5,900.00
2026-07-10,STR002,PRD040,1,145.00
2026-07-10,STR002,PRD041,5,490.00
2026-07-10,STR002,PRD042,8,1040.00
2026-07-10,STR002,PRD044,5,550.00
2026-07-10,STR002,PRD045,7,1225.00
2026-07-10,STR002,PRD046,1,160.00
2026-07-10,STR002,PRD047,7,392.00
2026-07-10,STR002,PRD048,11,770.00
2026-07-10,STR002,PRD049,3,174.00
2026-07-10,STR002,PRD050,4,380.00
2026-07-10,STR002,PRD051,8,720.00
2026-07-10,STR002,PRD053,7,3150.00
2026-07-10,STR002,PRD054,3,1950.00
2026-07-10,STR002,PRD055,6,2340.00
2026-07-10,STR003,PRD001,8,4400.00
2026-07-10,STR003,PRD002,3,495.00
2026-07-10,STR003,PRD003,5,1225.00
2026-07-10,STR003,PRD004,6,360.00
2026-07-10,STR003,PRD005,8,3040.00
2026-07-10,STR003,PRD006,7,1225.00
2026-07-10,STR003,PRD007,2,56.00
2026-07-10,STR003,PRD008,8,416.00
2026-07-10,STR003,PRD009,4,180.00
2026-07-10,STR003,PRD010,3,114.00
2026-07-10,STR003,PRD011,6,660.00
2026-07-10,STR003,PRD012,8,1760.00
2026-07-10,STR003,PRD013,5,325.00
2026-07-10,STR003,PRD014,4,160.00
2026-07-10,STR003,PRD015,5,100.00
2026-07-10,STR003,PRD016,5,1450.00
2026-07-10,STR003,PRD017,5,250.00
2026-07-10,STR003,PRD018,5,625.00
2026-07-10,STR003,PRD019,5,975.00
2026-07-10,STR003,PRD020,4,140.00
2026-07-10,STR003,PRD021,5,225.00
2026-07-10,STR003,PRD022,4,1120.00
2026-07-10,STR003,PRD023,1,320.00
2026-07-10,STR003,PRD024,6,900.00
2026-07-10,STR003,PRD025,1,60.00
2026-07-10,STR003,PRD026,3,225.00
2026-07-10,STR003,PRD027,4,160.00
2026-07-10,STR003,PRD028,6,180.00
2026-07-10,STR003,PRD029,8,1920.00
2026-07-10,STR003,PRD030,4,740.00
2026-07-10,STR003,PRD031,8,760.00
2026-07-10,STR003,PRD032,5,600.00
2026-07-10,STR003,PRD033,3,255.00
2026-07-10,STR003,PRD034,8,2080.00
2026-07-10,STR003,PRD036,4,840.00
2026-07-10,STR003,PRD037,3,597.00
2026-07-10,STR003,PRD038,5,575.00
2026-07-10,STR003,PRD039,6,1080.00
2026-07-10,STR003,PRD040,6,870.00
2026-07-10,STR003,PRD041,5,490.00
2026-07-10,STR003,PRD042,6,780.00
2026-07-10,STR003,PRD043,3,630.00
2026-07-10,STR003,PRD044,6,660.00
2026-07-10,STR003,PRD045,1,175.00
2026-07-10,STR003,PRD046,3,480.00
2026-07-10,STR003,PRD047,6,336.00
2026-07-10,STR003,PRD048,5,350.00
2026-07-10,STR003,PRD049,5,290.00
2026-07-10,STR003,PRD050,3,285.00
2026-07-10,STR003,PRD051,5,450.00
2026-07-10,STR003,PRD052,8,1120.00
2026-07-10,STR003,PRD053,4,1800.00
2026-07-10,STR003,PRD054,7,4550.00
2026-07-10,STR003,PRD055,6,2340.00
2026-07-10,STR004,PRD001,2,1100.00
2026-07-10,STR004,PRD002,4,660.00
2026-07-10,STR004,PRD003,5,1225.00
2026-07-10,STR004,PRD004,4,240.00
2026-07-10,STR004,PRD005,4,1520.00
2026-07-10,STR004,PRD006,6,1050.00
2026-07-10,STR004,PRD007,6,168.00
2026-07-10,STR004,PRD008,7,364.00
2026-07-10,STR004,PRD009,6,270.00
2026-07-10,STR004,PRD010,4,152.00
2026-07-10,STR004,PRD011,3,330.00
2026-07-10,STR004,PRD012,1,220.00
2026-07-10,STR004,PRD013,7,455.00
2026-07-10,STR004,PRD014,6,240.00
2026-07-10,STR004,PRD015,3,60.00
2026-07-10,STR004,PRD016,4,1160.00
2026-07-10,STR004,PRD017,14,700.00
2026-07-10,STR004,PRD018,8,1000.00
2026-07-10,STR004,PRD020,6,210.00
2026-07-10,STR004,PRD021,5,225.00
2026-07-10,STR004,PRD022,8,2240.00
2026-07-10,STR004,PRD023,2,640.00
2026-07-10,STR004,PRD024,2,300.00
2026-07-10,STR004,PRD025,7,420.00
2026-07-10,STR004,PRD026,3,225.00
2026-07-10,STR004,PRD027,5,200.00
2026-07-10,STR004,PRD028,2,60.00
2026-07-10,STR004,PRD029,7,1680.00
2026-07-10,STR004,PRD030,5,925.00
2026-07-10,STR004,PRD031,8,760.00
2026-07-10,STR004,PRD032,5,600.00
2026-07-10,STR004,PRD033,4,340.00
2026-07-10,STR004,PRD034,6,1560.00
2026-07-10,STR004,PRD035,4,1680.00
2026-07-10,STR004,PRD036,5,1050.00
2026-07-10,STR004,PRD037,8,1592.00
2026-07-10,STR004,PRD038,6,690.00
2026-07-10,STR004,PRD039,3,540.00
2026-07-10,STR004,PRD040,2,290.00
2026-07-10,STR004,PRD041,2,196.00
2026-07-10,STR004,PRD042,4,520.00
2026-07-10,STR004,PRD043,1,210.00
2026-07-10,STR004,PRD044,5,550.00
2026-07-10,STR004,PRD045,7,1225.00
2026-07-10,STR004,PRD046,3,480.00
2026-07-10,STR004,PRD047,4,224.00
2026-07-10,STR004,PRD048,7,490.00
2026-07-10,STR004,PRD049,5,290.00
2026-07-10,STR004,PRD050,6,570.00
2026-07-10,STR004,PRD051,6,540.00
2026-07-10,STR004,PRD052,6,840.00
2026-07-10,STR004,PRD053,6,2700.00
2026-07-10,STR004,PRD054,2,1300.00
2026-07-10,STR004,PRD055,4,1560.00
2026-07-11,STR001,PRD001,10,5500.00
2026-07-11,STR001,PRD002,12,1980.00
2026-07-11,STR001,PRD003,3,735.00
2026-07-11,STR001,PRD004,10,600.00
2026-07-11,STR001,PRD005,5,1900.00
2026-07-11,STR001,PRD006,7,1225.00
2026-07-11,STR001,PRD007,5,140.00
2026-07-11,STR001,PRD008,3,156.00
2026-07-11,STR001,PRD009,7,315.00
2026-07-11,STR001,PRD010,5,190.00
2026-07-11,STR001,PRD011,6,660.00
2026-07-11,STR001,PRD012,4,880.00
2026-07-11,STR001,PRD013,5,325.00
2026-07-11,STR001,PRD014,3,120.00
2026-07-11,STR001,PRD015,8,160.00
2026-07-11,STR001,PRD016,7,2030.00
2026-07-11,STR001,PRD017,6,300.00
2026-07-11,STR001,PRD018,4,500.00
2026-07-11,STR001,PRD019,4,780.00
2026-07-11,STR001,PRD020,5,175.00
2026-07-11,STR001,PRD021,5,225.00
2026-07-11,STR001,PRD022,4,1120.00
2026-07-11,STR001,PRD023,3,960.00
2026-07-11,STR001,PRD024,4,600.00
2026-07-11,STR001,PRD025,9,540.00
2026-07-11,STR001,PRD026,3,225.00
2026-07-11,STR001,PRD027,5,200.00
2026-07-11,STR001,PRD028,3,90.00
2026-07-11,STR001,PRD029,5,1200.00
2026-07-11,STR001,PRD030,3,555.00
2026-07-11,STR001,PRD031,8,760.00
2026-07-11,STR001,PRD032,8,960.00
2026-07-11,STR001,PRD033,5,425.00
2026-07-11,STR001,PRD034,9,2340.00
2026-07-11,STR001,PRD035,6,2520.00
2026-07-11,STR001,PRD036,3,630.00
2026-07-11,STR001,PRD037,7,1393.00
2026-07-11,STR001,PRD039,6,1080.00
2026-07-11,STR001,PRD040,6,870.00
2026-07-11,STR001,PRD041,7,686.00
2026-07-11,STR001,PRD042,3,390.00
2026-07-11,STR001,PRD043,2,420.00
2026-07-11,STR001,PRD044,6,660.00
2026-07-11,STR001,PRD045,4,700.00
2026-07-11,STR001,PRD046,5,800.00
2026-07-11,STR001,PRD047,3,168.00
2026-07-11,STR001,PRD048,6,420.00
2026-07-11,STR001,PRD049,4,232.00
2026-07-11,STR001,PRD050,3,285.00
2026-07-11,STR001,PRD052,2,280.00
2026-07-11,STR001,PRD054,8,5200.00
2026-07-11,STR001,PRD055,8,3120.00
2026-07-11,STR002,PRD001,6,3300.00
2026-07-11,STR002,PRD002,4,660.00
2026-07-11,STR002,PRD003,4,980.00
2026-07-11,STR002,PRD004,5,300.00
2026-07-11,STR002,PRD005,4,1520.00
2026-07-11,STR002,PRD006,7,1225.00
2026-07-11,STR002,PRD007,4,112.00
2026-07-11,STR002,PRD008,7,364.00
2026-07-11,STR002,PRD009,4,180.00
2026-07-11,STR002,PRD010,5,190.00
2026-07-11,STR002,PRD011,7,770.00
2026-07-11,STR002,PRD012,2,440.00
2026-07-11,STR002,PRD013,2,130.00
2026-07-11,STR002,PRD014,3,120.00
2026-07-11,STR002,PRD015,3,60.00
2026-07-11,STR002,PRD016,4,1160.00
2026-07-11,STR002,PRD017,7,350.00
2026-07-11,STR002,PRD018,5,625.00
2026-07-11,STR002,PRD019,2,390.00
2026-07-11,STR002,PRD020,6,210.00
2026-07-11,STR002,PRD021,11,495.00
2026-07-11,STR002,PRD022,13,3640.00
2026-07-11,STR002,PRD023,3,960.00
2026-07-11,STR002,PRD024,6,900.00
2026-07-11,STR002,PRD025,4,240.00
2026-07-11,STR002,PRD026,5,375.00
2026-07-11,STR002,PRD027,3,120.00
2026-07-11,STR002,PRD028,3,90.00
2026-07-11,STR002,PRD029,8,1920.00
2026-07-11,STR002,PRD030,4,740.00
2026-07-11,STR002,PRD031,4,380.00
2026-07-11,STR002,PRD032,5,600.00
2026-07-11,STR002,PRD033,2,170.00
2026-07-11,STR002,PRD034,5,1300.00
2026-07-11,STR002,PRD035,2,840.00
2026-07-11,STR002,PRD036,1,210.00
2026-07-11,STR002,PRD037,8,1592.00
2026-07-11,STR002,PRD038,8,920.00
2026-07-11,STR002,PRD039,6,1080.00
2026-07-11,STR002,PRD040,1,145.00
2026-07-11,STR002,PRD041,6,588.00
2026-07-11,STR002,PRD042,9,1170.00
2026-07-11,STR002,PRD043,1,210.00
2026-07-11,STR002,PRD044,5,550.00
2026-07-11,STR002,PRD045,4,700.00
2026-07-11,STR002,PRD046,4,640.00
2026-07-11,STR002,PRD047,6,336.00
2026-07-11,STR002,PRD048,10,700.00
2026-07-11,STR002,PRD049,4,232.00
2026-07-11,STR002,PRD050,2,190.00
2026-07-11,STR002,PRD051,7,630.00
2026-07-11,STR002,PRD053,3,1350.00
2026-07-11,STR002,PRD054,5,3250.00
2026-07-11,STR002,PRD055,9,3510.00
2026-07-11,STR003,PRD001,8,4400.00
2026-07-11,STR003,PRD002,2,330.00
2026-07-11,STR003,PRD003,3,735.00
2026-07-11,STR003,PRD004,2,120.00
2026-07-11,STR003,PRD005,9,3420.00
2026-07-11,STR003,PRD006,4,700.00
2026-07-11,STR003,PRD007,4,112.00
2026-07-11,STR003,PRD008,7,364.00
2026-07-11,STR003,PRD009,6,270.00
2026-07-11,STR003,PRD010,2,76.00
2026-07-11,STR003,PRD011,8,880.00
2026-07-11,STR003,PRD012,7,1540.00
2026-07-11,STR003,PRD013,5,325.00
2026-07-11,STR003,PRD014,7,280.00
2026-07-11,STR003,PRD015,5,100.00
2026-07-11,STR003,PRD016,2,580.00
2026-07-11,STR003,PRD017,4,200.00
2026-07-11,STR003,PRD018,5,625.00
2026-07-11,STR003,PRD019,8,1560.00
2026-07-11,STR003,PRD020,7,245.00
2026-07-11,STR003,PRD021,6,270.00
2026-07-11,STR003,PRD022,4,1120.00
2026-07-11,STR003,PRD024,7,1050.00
2026-07-11,STR003,PRD025,1,60.00
2026-07-11,STR003,PRD026,6,450.00
2026-07-11,STR003,PRD027,5,200.00
2026-07-11,STR003,PRD028,6,180.00
2026-07-11,STR003,PRD029,8,1920.00
2026-07-11,STR003,PRD030,3,555.00
2026-07-11,STR003,PRD031,6,570.00
2026-07-11,STR003,PRD032,3,360.00
2026-07-11,STR003,PRD033,2,170.00
2026-07-11,STR003,PRD034,8,2080.00
2026-07-11,STR003,PRD036,6,1260.00
2026-07-11,STR003,PRD037,4,796.00
2026-07-11,STR003,PRD038,8,920.00
2026-07-11,STR003,PRD039,3,540.00
2026-07-11,STR003,PRD040,6,870.00
2026-07-11,STR003,PRD041,7,686.00
2026-07-11,STR003,PRD042,6,780.00
2026-07-11,STR003,PRD043,6,1260.00
2026-07-11,STR003,PRD044,6,660.00
2026-07-11,STR003,PRD045,5,875.00
2026-07-11,STR003,PRD046,5,800.00
2026-07-11,STR003,PRD047,3,168.00
2026-07-11,STR003,PRD048,4,280.00
2026-07-11,STR003,PRD049,3,174.00
2026-07-11,STR003,PRD050,2,190.00
2026-07-11,STR003,PRD051,1,90.00
2026-07-11,STR003,PRD052,5,700.00
2026-07-11,STR003,PRD053,4,1800.00
2026-07-11,STR003,PRD054,9,5850.00
2026-07-11,STR003,PRD055,7,2730.00
2026-07-11,STR004,PRD001,4,2200.00
2026-07-11,STR004,PRD002,4,660.00
2026-07-11,STR004,PRD003,6,1470.00
2026-07-11,STR004,PRD004,6,360.00
2026-07-11,STR004,PRD005,6,2280.00
2026-07-11,STR004,PRD006,6,1050.00
2026-07-11,STR004,PRD007,4,112.00
2026-07-11,STR004,PRD008,6,312.00
2026-07-11,STR004,PRD009,6,270.00
2026-07-11,STR004,PRD010,8,304.00
2026-07-11,STR004,PRD011,4,440.00
2026-07-11,STR004,PRD012,3,660.00
2026-07-11,STR004,PRD013,5,325.00
2026-07-11,STR004,PRD014,3,120.00
2026-07-11,STR004,PRD015,7,140.00
2026-07-11,STR004,PRD016,8,2320.00
2026-07-11,STR004,PRD017,14,700.00
2026-07-11,STR004,PRD018,5,625.00
2026-07-11,STR004,PRD020,7,245.00
2026-07-11,STR004,PRD021,2,90.00
2026-07-11,STR004,PRD022,7,1960.00
2026-07-11,STR004,PRD023,4,1280.00
2026-07-11,STR004,PRD024,3,450.00
2026-07-11,STR004,PRD025,4,240.00
2026-07-11,STR004,PRD026,4,300.00
2026-07-11,STR004,PRD027,2,80.00
2026-07-11,STR004,PRD028,4,120.00
2026-07-11,STR004,PRD029,6,1440.00
2026-07-11,STR004,PRD030,5,925.00
2026-07-11,STR004,PRD031,7,665.00
2026-07-11,STR004,PRD032,7,840.00
2026-07-11,STR004,PRD033,3,255.00
2026-07-11,STR004,PRD034,9,2340.00
2026-07-11,STR004,PRD035,8,3360.00
2026-07-11,STR004,PRD036,7,1470.00
2026-07-11,STR004,PRD037,9,1791.00
2026-07-11,STR004,PRD038,6,690.00
2026-07-11,STR004,PRD039,5,900.00
2026-07-11,STR004,PRD040,1,145.00
2026-07-11,STR004,PRD041,3,294.00
2026-07-11,STR004,PRD042,3,390.00
2026-07-11,STR004,PRD043,4,840.00
2026-07-11,STR004,PRD044,3,330.00
2026-07-11,STR004,PRD045,8,1400.00
2026-07-11,STR004,PRD046,3,480.00
2026-07-11,STR004,PRD047,4,224.00
2026-07-11,STR004,PRD048,4,280.00
2026-07-11,STR004,PRD049,4,232.00
2026-07-11,STR004,PRD050,8,760.00
2026-07-11,STR004,PRD051,9,810.00
2026-07-11,STR004,PRD052,4,560.00
2026-07-11,STR004,PRD053,5,2250.00
2026-07-11,STR004,PRD054,5,3250.00
2026-07-11,STR004,PRD055,4,1560.00
2026-07-12,STR001,PRD001,10,5500.00
2026-07-12,STR001,PRD002,9,1485.00
2026-07-12,STR001,PRD003,5,1225.00
2026-07-12,STR001,PRD004,11,660.00
2026-07-12,STR001,PRD005,4,1520.00
2026-07-12,STR001,PRD006,6,1050.00
2026-07-12,STR001,PRD007,5,140.00
2026-07-12,STR001,PRD008,1,52.00
2026-07-12,STR001,PRD009,5,225.00
2026-07-12,STR001,PRD010,1,38.00
2026-07-12,STR001,PRD011,7,770.00
2026-07-12,STR001,PRD012,3,660.00
2026-07-12,STR001,PRD013,2,130.00
2026-07-12,STR001,PRD014,4,160.00
2026-07-12,STR001,PRD015,7,140.00
2026-07-12,STR001,PRD016,4,1160.00
2026-07-12,STR001,PRD017,6,300.00
2026-07-12,STR001,PRD018,5,625.00
2026-07-12,STR001,PRD019,4,780.00
2026-07-12,STR001,PRD020,1,35.00
2026-07-12,STR001,PRD021,5,225.00
2026-07-12,STR001,PRD022,5,1400.00
2026-07-12,STR001,PRD023,4,1280.00
2026-07-12,STR001,PRD024,3,450.00
2026-07-12,STR001,PRD025,6,360.00
2026-07-12,STR001,PRD026,4,300.00
2026-07-12,STR001,PRD027,2,80.00
2026-07-12,STR001,PRD028,3,90.00
2026-07-12,STR001,PRD029,8,1920.00
2026-07-12,STR001,PRD030,4,740.00
2026-07-12,STR001,PRD031,5,475.00
2026-07-12,STR001,PRD032,5,600.00
2026-07-12,STR001,PRD033,3,255.00
2026-07-12,STR001,PRD034,6,1560.00
2026-07-12,STR001,PRD035,5,2100.00
2026-07-12,STR001,PRD036,3,630.00
2026-07-12,STR001,PRD037,4,796.00
2026-07-12,STR001,PRD039,7,1260.00
2026-07-12,STR001,PRD040,3,435.00
2026-07-12,STR001,PRD041,6,588.00
2026-07-12,STR001,PRD042,2,260.00
2026-07-12,STR001,PRD043,4,840.00
2026-07-12,STR001,PRD044,5,550.00
2026-07-12,STR001,PRD045,2,350.00
2026-07-12,STR001,PRD046,4,640.00
2026-07-12,STR001,PRD047,3,168.00
2026-07-12,STR001,PRD048,3,210.00
2026-07-12,STR001,PRD049,8,464.00
2026-07-12,STR001,PRD050,6,570.00
2026-07-12,STR001,PRD052,5,700.00
2026-07-12,STR001,PRD054,5,3250.00
2026-07-12,STR001,PRD055,4,1560.00
2026-07-12,STR002,PRD001,4,2200.00
2026-07-12,STR002,PRD002,3,495.00
2026-07-12,STR002,PRD003,5,1225.00
2026-07-12,STR002,PRD004,3,180.00
2026-07-12,STR002,PRD005,7,2660.00
2026-07-12,STR002,PRD006,8,1400.00
2026-07-12,STR002,PRD007,6,168.00
2026-07-12,STR002,PRD008,5,260.00
2026-07-12,STR002,PRD009,8,360.00
2026-07-12,STR002,PRD010,7,266.00
2026-07-12,STR002,PRD011,5,550.00
2026-07-12,STR002,PRD012,2,440.00
2026-07-12,STR002,PRD013,5,325.00
2026-07-12,STR002,PRD014,6,240.00
2026-07-12,STR002,PRD015,3,60.00
2026-07-12,STR002,PRD016,6,1740.00
2026-07-12,STR002,PRD017,7,350.00
2026-07-12,STR002,PRD018,6,750.00
2026-07-12,STR002,PRD019,4,780.00
2026-07-12,STR002,PRD020,7,245.00
2026-07-12,STR002,PRD021,8,360.00
2026-07-12,STR002,PRD022,12,3360.00
2026-07-12,STR002,PRD023,4,1280.00
2026-07-12,STR002,PRD024,6,900.00
2026-07-12,STR002,PRD025,6,360.00
2026-07-12,STR002,PRD026,6,450.00
2026-07-12,STR002,PRD027,3,120.00
2026-07-12,STR002,PRD028,3,90.00
2026-07-12,STR002,PRD029,8,1920.00
2026-07-12,STR002,PRD030,7,1295.00
2026-07-12,STR002,PRD031,2,190.00
2026-07-12,STR002,PRD032,6,720.00
2026-07-12,STR002,PRD033,4,340.00
2026-07-12,STR002,PRD034,4,1040.00
2026-07-12,STR002,PRD035,5,2100.00
2026-07-12,STR002,PRD036,3,630.00
2026-07-12,STR002,PRD037,7,1393.00
2026-07-12,STR002,PRD038,8,920.00
2026-07-12,STR002,PRD039,6,1080.00
2026-07-12,STR002,PRD040,2,290.00
2026-07-12,STR002,PRD041,5,490.00
2026-07-12,STR002,PRD042,7,910.00
2026-07-12,STR002,PRD044,8,880.00
2026-07-12,STR002,PRD045,7,1225.00
2026-07-12,STR002,PRD046,4,640.00
2026-07-12,STR002,PRD047,6,336.00
2026-07-12,STR002,PRD048,14,980.00
2026-07-12,STR002,PRD049,6,348.00
2026-07-12,STR002,PRD050,6,570.00
2026-07-12,STR002,PRD051,4,360.00
2026-07-12,STR002,PRD053,4,1800.00
2026-07-12,STR002,PRD054,4,2600.00
2026-07-12,STR002,PRD055,6,2340.00
2026-07-12,STR003,PRD001,8,4400.00
2026-07-12,STR003,PRD002,3,495.00
2026-07-12,STR003,PRD003,6,1470.00
2026-07-12,STR003,PRD004,3,180.00
2026-07-12,STR003,PRD005,7,2660.00
2026-07-12,STR003,PRD006,7,1225.00
2026-07-12,STR003,PRD007,5,140.00
2026-07-12,STR003,PRD008,8,416.00
2026-07-12,STR003,PRD009,4,180.00
2026-07-12,STR003,PRD010,4,152.00
2026-07-12,STR003,PRD011,6,660.00
2026-07-12,STR003,PRD012,8,1760.00
2026-07-12,STR003,PRD013,4,260.00
2026-07-12,STR003,PRD014,4,160.00
2026-07-12,STR003,PRD015,1,20.00
2026-07-12,STR003,PRD016,4,1160.00
2026-07-12,STR003,PRD017,4,200.00
2026-07-12,STR003,PRD018,6,750.00
2026-07-12,STR003,PRD019,7,1365.00
2026-07-12,STR003,PRD020,5,175.00
2026-07-12,STR003,PRD021,6,270.00
2026-07-12,STR003,PRD023,2,640.00
2026-07-12,STR003,PRD024,9,1350.00
2026-07-12,STR003,PRD025,5,300.00
2026-07-12,STR003,PRD026,5,375.00
2026-07-12,STR003,PRD027,4,160.00
2026-07-12,STR003,PRD028,7,210.00
2026-07-12,STR003,PRD029,7,1680.00
2026-07-12,STR003,PRD030,5,925.00
2026-07-12,STR003,PRD031,8,760.00
2026-07-12,STR003,PRD032,5,600.00
2026-07-12,STR003,PRD033,5,425.00
2026-07-12,STR003,PRD034,6,1560.00
2026-07-12,STR003,PRD036,2,420.00
2026-07-12,STR003,PRD037,4,796.00
2026-07-12,STR003,PRD038,7,805.00
2026-07-12,STR003,PRD039,3,540.00
2026-07-12,STR003,PRD040,4,580.00
2026-07-12,STR003,PRD041,5,490.00
2026-07-12,STR003,PRD042,6,780.00
2026-07-12,STR003,PRD043,3,630.00
2026-07-12,STR003,PRD044,5,550.00
2026-07-12,STR003,PRD045,5,875.00
2026-07-12,STR003,PRD046,6,960.00
2026-07-12,STR003,PRD047,6,336.00
2026-07-12,STR003,PRD048,3,210.00
2026-07-12,STR003,PRD049,4,232.00
2026-07-12,STR003,PRD050,3,285.00
2026-07-12,STR003,PRD051,1,90.00
2026-07-12,STR003,PRD052,4,560.00
2026-07-12,STR003,PRD053,2,900.00
2026-07-12,STR003,PRD054,7,4550.00
2026-07-12,STR003,PRD055,4,1560.00
2026-07-12,STR004,PRD001,4,2200.00
2026-07-12,STR004,PRD002,3,495.00
2026-07-12,STR004,PRD003,6,1470.00
2026-07-12,STR004,PRD004,3,180.00
2026-07-12,STR004,PRD005,4,1520.00
2026-07-12,STR004,PRD006,7,1225.00
2026-07-12,STR004,PRD007,5,140.00
2026-07-12,STR004,PRD008,5,260.00
2026-07-12,STR004,PRD009,5,225.00
2026-07-12,STR004,PRD010,8,304.00
2026-07-12,STR004,PRD011,3,330.00
2026-07-12,STR004,PRD012,5,1100.00
2026-07-12,STR004,PRD013,5,325.00
2026-07-12,STR004,PRD014,3,120.00
2026-07-12,STR004,PRD015,5,100.00
2026-07-12,STR004,PRD016,6,1740.00
2026-07-12,STR004,PRD017,15,750.00
2026-07-12,STR004,PRD018,8,1000.00
2026-07-12,STR004,PRD020,7,245.00
2026-07-12,STR004,PRD021,2,90.00
2026-07-12,STR004,PRD022,7,1960.00
2026-07-12,STR004,PRD023,6,1920.00
2026-07-12,STR004,PRD024,3,450.00
2026-07-12,STR004,PRD025,6,360.00
2026-07-12,STR004,PRD026,4,300.00
2026-07-12,STR004,PRD027,3,120.00
2026-07-12,STR004,PRD028,3,90.00
2026-07-12,STR004,PRD029,8,1920.00
2026-07-12,STR004,PRD030,3,555.00
2026-07-12,STR004,PRD031,8,760.00
2026-07-12,STR004,PRD032,7,840.00
2026-07-12,STR004,PRD033,5,425.00
2026-07-12,STR004,PRD034,8,2080.00
2026-07-12,STR004,PRD035,7,2940.00
2026-07-12,STR004,PRD036,7,1470.00
2026-07-12,STR004,PRD037,5,995.00
2026-07-12,STR004,PRD038,6,690.00
2026-07-12,STR004,PRD039,3,540.00
2026-07-12,STR004,PRD040,2,290.00
2026-07-12,STR004,PRD041,5,490.00
2026-07-12,STR004,PRD042,4,520.00
2026-07-12,STR004,PRD043,4,840.00
2026-07-12,STR004,PRD044,6,660.00
2026-07-12,STR004,PRD045,9,1575.00
2026-07-12,STR004,PRD046,2,320.00
2026-07-12,STR004,PRD047,6,336.00
2026-07-12,STR004,PRD048,4,280.00
2026-07-12,STR004,PRD049,7,406.00
2026-07-12,STR004,PRD050,6,570.00
2026-07-12,STR004,PRD051,7,630.00
2026-07-12,STR004,PRD052,3,420.00
2026-07-12,STR004,PRD053,7,3150.00
2026-07-12,STR004,PRD054,4,2600.00
2026-07-12,STR004,PRD055,4,1560.00
2026-07-13,STR001,PRD001,8,4400.00
2026-07-13,STR001,PRD002,11,1815.00
2026-07-13,STR001,PRD003,5,1225.00
2026-07-13,STR001,PRD004,13,780.00
2026-07-13,STR001,PRD005,8,3040.00
2026-07-13,STR001,PRD006,6,1050.00
2026-07-13,STR001,PRD007,7,196.00
2026-07-13,STR001,PRD008,5,260.00
2026-07-13,STR001,PRD009,3,135.00
2026-07-13,STR001,PRD010,5,190.00
2026-07-13,STR001,PRD011,3,330.00
2026-07-13,STR001,PRD012,4,880.00
2026-07-13,STR001,PRD013,2,130.00
2026-07-13,STR001,PRD014,4,160.00
2026-07-13,STR001,PRD015,8,160.00
2026-07-13,STR001,PRD016,7,2030.00
2026-07-13,STR001,PRD017,6,300.00
2026-07-13,STR001,PRD018,7,875.00
2026-07-13,STR001,PRD019,7,1365.00
2026-07-13,STR001,PRD020,4,140.00
2026-07-13,STR001,PRD021,5,225.00
2026-07-13,STR001,PRD022,7,1960.00
2026-07-13,STR001,PRD023,2,640.00
2026-07-13,STR001,PRD024,6,900.00
2026-07-13,STR001,PRD025,8,480.00
2026-07-13,STR001,PRD026,3,225.00
2026-07-13,STR001,PRD027,4,160.00
2026-07-13,STR001,PRD028,1,30.00
2026-07-13,STR001,PRD029,6,1440.00
2026-07-13,STR001,PRD030,7,1295.00
2026-07-13,STR001,PRD031,7,665.00
2026-07-13,STR001,PRD032,6,720.00
2026-07-13,STR001,PRD033,3,255.00
2026-07-13,STR001,PRD034,6,1560.00
2026-07-13,STR001,PRD035,3,1260.00
2026-07-13,STR001,PRD036,7,1470.00
2026-07-13,STR001,PRD037,5,995.00
2026-07-13,STR001,PRD039,8,1440.00
2026-07-13,STR001,PRD040,6,870.00
2026-07-13,STR001,PRD041,4,392.00
2026-07-13,STR001,PRD042,2,260.00
2026-07-13,STR001,PRD043,3,630.00
2026-07-13,STR001,PRD044,2,220.00
2026-07-13,STR001,PRD045,4,700.00
2026-07-13,STR001,PRD046,4,640.00
2026-07-13,STR001,PRD047,2,112.00
2026-07-13,STR001,PRD048,3,210.00
2026-07-13,STR001,PRD049,6,348.00
2026-07-13,STR001,PRD050,6,570.00
2026-07-13,STR001,PRD052,2,280.00
2026-07-13,STR001,PRD054,7,4550.00
2026-07-13,STR001,PRD055,8,3120.00
2026-07-13,STR002,PRD001,3,1650.00
2026-07-13,STR002,PRD002,3,495.00
2026-07-13,STR002,PRD003,6,1470.00
2026-07-13,STR002,PRD004,5,300.00
2026-07-13,STR002,PRD005,6,2280.00
2026-07-13,STR002,PRD006,6,1050.00
2026-07-13,STR002,PRD007,4,112.00
2026-07-13,STR002,PRD008,4,208.00
2026-07-13,STR002,PRD009,8,360.00
2026-07-13,STR002,PRD010,7,266.00
2026-07-13,STR002,PRD011,7,770.00
2026-07-13,STR002,PRD012,2,440.00
2026-07-13,STR002,PRD013,4,260.00
2026-07-13,STR002,PRD014,3,120.00
2026-07-13,STR002,PRD015,3,60.00
2026-07-13,STR002,PRD016,3,870.00
2026-07-13,STR002,PRD017,7,350.00
2026-07-13,STR002,PRD018,8,1000.00
2026-07-13,STR002,PRD019,5,975.00
2026-07-13,STR002,PRD020,7,245.00
2026-07-13,STR002,PRD021,12,540.00
2026-07-13,STR002,PRD022,14,3920.00
2026-07-13,STR002,PRD023,5,1600.00
2026-07-13,STR002,PRD024,6,900.00
2026-07-13,STR002,PRD025,3,180.00
2026-07-13,STR002,PRD026,7,525.00
2026-07-13,STR002,PRD027,5,200.00
2026-07-13,STR002,PRD028,5,150.00
2026-07-13,STR002,PRD029,6,1440.00
2026-07-13,STR002,PRD030,3,555.00
2026-07-13,STR002,PRD031,3,285.00
2026-07-13,STR002,PRD032,8,960.00
2026-07-13,STR002,PRD034,4,1040.00
2026-07-13,STR002,PRD035,5,2100.00
2026-07-13,STR002,PRD036,2,420.00
2026-07-13,STR002,PRD037,8,1592.00
2026-07-13,STR002,PRD038,6,690.00
2026-07-13,STR002,PRD039,7,1260.00
2026-07-13,STR002,PRD040,4,580.00
2026-07-13,STR002,PRD041,6,588.00
2026-07-13,STR002,PRD042,8,1040.00
2026-07-13,STR002,PRD044,5,550.00
2026-07-13,STR002,PRD045,6,1050.00
2026-07-13,STR002,PRD046,4,640.00
2026-07-13,STR002,PRD047,6,336.00
2026-07-13,STR002,PRD048,12,840.00
2026-07-13,STR002,PRD049,6,348.00
2026-07-13,STR002,PRD050,6,570.00
2026-07-13,STR002,PRD051,5,450.00
2026-07-13,STR002,PRD053,6,2700.00
2026-07-13,STR002,PRD054,4,2600.00
2026-07-13,STR002,PRD055,6,2340.00
2026-07-13,STR003,PRD001,8,4400.00
2026-07-13,STR003,PRD002,5,825.00
2026-07-13,STR003,PRD003,6,1470.00
2026-07-13,STR003,PRD004,5,300.00
2026-07-13,STR003,PRD005,6,2280.00
2026-07-13,STR003,PRD006,8,1400.00
2026-07-13,STR003,PRD007,2,56.00
2026-07-13,STR003,PRD008,7,364.00
2026-07-13,STR003,PRD009,3,135.00
2026-07-13,STR003,PRD010,3,114.00
2026-07-13,STR003,PRD011,5,550.00
2026-07-13,STR003,PRD012,6,1320.00
2026-07-13,STR003,PRD013,8,520.00
2026-07-13,STR003,PRD014,5,200.00
2026-07-13,STR003,PRD015,1,20.00
2026-07-13,STR003,PRD016,3,870.00
2026-07-13,STR003,PRD017,4,200.00
2026-07-13,STR003,PRD018,5,625.00
2026-07-13,STR003,PRD019,9,1755.00
2026-07-13,STR003,PRD020,4,140.00
2026-07-13,STR003,PRD021,4,180.00
2026-07-13,STR003,PRD024,9,1350.00
2026-07-13,STR003,PRD025,3,180.00
2026-07-13,STR003,PRD026,6,450.00
2026-07-13,STR003,PRD027,4,160.00
2026-07-13,STR003,PRD028,5,150.00
2026-07-13,STR003,PRD029,6,1440.00
2026-07-13,STR003,PRD030,3,555.00
2026-07-13,STR003,PRD031,10,950.00
2026-07-13,STR003,PRD032,3,360.00
2026-07-13,STR003,PRD033,5,425.00
2026-07-13,STR003,PRD034,4,1040.00
2026-07-13,STR003,PRD035,1,420.00
2026-07-13,STR003,PRD036,5,1050.00
2026-07-13,STR003,PRD037,6,1194.00
2026-07-13,STR003,PRD038,6,690.00
2026-07-13,STR003,PRD039,5,900.00
2026-07-13,STR003,PRD040,3,435.00
2026-07-13,STR003,PRD041,8,784.00
2026-07-13,STR003,PRD042,4,520.00
2026-07-13,STR003,PRD043,3,630.00
2026-07-13,STR003,PRD044,5,550.00
2026-07-13,STR003,PRD045,1,175.00
2026-07-13,STR003,PRD046,3,480.00
2026-07-13,STR003,PRD047,4,224.00
2026-07-13,STR003,PRD048,6,420.00
2026-07-13,STR003,PRD049,5,290.00
2026-07-13,STR003,PRD050,5,475.00
2026-07-13,STR003,PRD051,1,90.00
2026-07-13,STR003,PRD052,4,560.00
2026-07-13,STR003,PRD053,6,2700.00
2026-07-13,STR003,PRD054,6,3900.00
2026-07-13,STR003,PRD055,7,2730.00
2026-07-13,STR004,PRD002,5,825.00
2026-07-13,STR004,PRD003,6,1470.00
2026-07-13,STR004,PRD004,3,180.00
2026-07-13,STR004,PRD005,3,1140.00
2026-07-13,STR004,PRD006,5,875.00
2026-07-13,STR004,PRD007,7,196.00
2026-07-13,STR004,PRD008,3,156.00
2026-07-13,STR004,PRD009,5,225.00
2026-07-13,STR004,PRD010,6,228.00
2026-07-13,STR004,PRD011,2,220.00
2026-07-13,STR004,PRD012,5,1100.00
2026-07-13,STR004,PRD013,6,390.00
2026-07-13,STR004,PRD014,4,160.00
2026-07-13,STR004,PRD015,3,60.00
2026-07-13,STR004,PRD016,4,1160.00
2026-07-13,STR004,PRD017,15,750.00
2026-07-13,STR004,PRD018,6,750.00
2026-07-13,STR004,PRD020,4,140.00
2026-07-13,STR004,PRD021,3,135.00
2026-07-13,STR004,PRD022,4,1120.00
2026-07-13,STR004,PRD023,6,1920.00
2026-07-13,STR004,PRD024,3,450.00
2026-07-13,STR004,PRD025,6,360.00
2026-07-13,STR004,PRD026,3,225.00
2026-07-13,STR004,PRD027,6,240.00
2026-07-13,STR004,PRD028,2,60.00
2026-07-13,STR004,PRD029,8,1920.00
2026-07-13,STR004,PRD030,4,740.00
2026-07-13,STR004,PRD031,7,665.00
2026-07-13,STR004,PRD032,3,360.00
2026-07-13,STR004,PRD033,5,425.00
2026-07-13,STR004,PRD034,5,1300.00
2026-07-13,STR004,PRD035,4,1680.00
2026-07-13,STR004,PRD036,8,1680.00
2026-07-13,STR004,PRD037,6,1194.00
2026-07-13,STR004,PRD038,5,575.00
2026-07-13,STR004,PRD039,4,720.00
2026-07-13,STR004,PRD041,3,294.00
2026-07-13,STR004,PRD042,3,390.00
2026-07-13,STR004,PRD043,1,210.00
2026-07-13,STR004,PRD044,6,660.00
2026-07-13,STR004,PRD045,5,875.00
2026-07-13,STR004,PRD046,2,320.00
2026-07-13,STR004,PRD047,6,336.00
2026-07-13,STR004,PRD048,4,280.00
2026-07-13,STR004,PRD049,3,174.00
2026-07-13,STR004,PRD050,6,570.00
2026-07-13,STR004,PRD051,5,450.00
2026-07-13,STR004,PRD052,4,560.00
2026-07-13,STR004,PRD053,5,2250.00
2026-07-13,STR004,PRD054,2,1300.00
2026-07-13,STR004,PRD055,5,1950.00
2026-07-14,STR001,PRD001,10,5500.00
2026-07-14,STR001,PRD002,8,1320.00
2026-07-14,STR001,PRD003,4,980.00
2026-07-14,STR001,PRD004,12,720.00
2026-07-14,STR001,PRD005,8,3040.00
2026-07-14,STR001,PRD006,5,875.00
2026-07-14,STR001,PRD007,9,252.00
2026-07-14,STR001,PRD008,2,104.00
2026-07-14,STR001,PRD009,7,315.00
2026-07-14,STR001,PRD010,4,152.00
2026-07-14,STR001,PRD011,6,660.00
2026-07-14,STR001,PRD012,3,660.00
2026-07-14,STR001,PRD013,2,130.00
2026-07-14,STR001,PRD014,3,120.00
2026-07-14,STR001,PRD015,4,80.00
2026-07-14,STR001,PRD016,5,1450.00
2026-07-14,STR001,PRD017,4,200.00
2026-07-14,STR001,PRD018,4,500.00
2026-07-14,STR001,PRD019,4,780.00
2026-07-14,STR001,PRD020,4,140.00
2026-07-14,STR001,PRD021,6,270.00
2026-07-14,STR001,PRD022,4,1120.00
2026-07-14,STR001,PRD023,5,1600.00
2026-07-14,STR001,PRD024,3,450.00
2026-07-14,STR001,PRD025,8,480.00
2026-07-14,STR001,PRD026,3,225.00
2026-07-14,STR001,PRD027,1,40.00
2026-07-14,STR001,PRD028,3,90.00
2026-07-14,STR001,PRD029,8,1920.00
2026-07-14,STR001,PRD030,5,925.00
2026-07-14,STR001,PRD031,4,380.00
2026-07-14,STR001,PRD032,4,480.00
2026-07-14,STR001,PRD033,4,340.00
2026-07-14,STR001,PRD034,8,2080.00
2026-07-14,STR001,PRD035,5,2100.00
2026-07-14,STR001,PRD036,7,1470.00
2026-07-14,STR001,PRD037,7,1393.00
2026-07-14,STR001,PRD039,8,1440.00
2026-07-14,STR001,PRD040,7,1015.00
2026-07-14,STR001,PRD041,5,490.00
2026-07-14,STR001,PRD042,3,390.00
2026-07-14,STR001,PRD043,2,420.00
2026-07-14,STR001,PRD044,6,660.00
2026-07-14,STR001,PRD045,3,525.00
2026-07-14,STR001,PRD046,5,800.00
2026-07-14,STR001,PRD047,2,112.00
2026-07-14,STR001,PRD048,4,280.00
2026-07-14,STR001,PRD049,5,290.00
2026-07-14,STR001,PRD050,4,380.00
2026-07-14,STR001,PRD052,5,700.00
2026-07-14,STR001,PRD053,1,450.00
2026-07-14,STR001,PRD054,5,3250.00
2026-07-14,STR001,PRD055,8,3120.00
2026-07-14,STR002,PRD001,7,3850.00
2026-07-14,STR002,PRD002,5,825.00
2026-07-14,STR002,PRD003,7,1715.00
2026-07-14,STR002,PRD004,6,360.00
2026-07-14,STR002,PRD005,4,1520.00
2026-07-14,STR002,PRD006,9,1575.00
2026-07-14,STR002,PRD007,8,224.00
2026-07-14,STR002,PRD008,3,156.00
2026-07-14,STR002,PRD009,5,225.00
2026-07-14,STR002,PRD010,4,152.00
2026-07-14,STR002,PRD011,8,880.00
2026-07-14,STR002,PRD012,2,440.00
2026-07-14,STR002,PRD013,3,195.00
2026-07-14,STR002,PRD014,3,120.00
2026-07-14,STR002,PRD015,5,100.00
2026-07-14,STR002,PRD016,3,870.00
2026-07-14,STR002,PRD017,9,450.00
2026-07-14,STR002,PRD018,5,625.00
2026-07-14,STR002,PRD019,2,390.00
2026-07-14,STR002,PRD020,7,245.00
2026-07-14,STR002,PRD021,10,450.00
2026-07-14,STR002,PRD022,13,3640.00
2026-07-14,STR002,PRD023,5,1600.00
2026-07-14,STR002,PRD024,3,450.00
2026-07-14,STR002,PRD025,3,180.00
2026-07-14,STR002,PRD026,6,450.00
2026-07-14,STR002,PRD027,3,120.00
2026-07-14,STR002,PRD028,3,90.00
2026-07-14,STR002,PRD029,6,1440.00
2026-07-14,STR002,PRD030,7,1295.00
2026-07-14,STR002,PRD031,5,475.00
2026-07-14,STR002,PRD032,7,840.00
2026-07-14,STR002,PRD034,3,780.00
2026-07-14,STR002,PRD035,3,1260.00
2026-07-14,STR002,PRD036,1,210.00
2026-07-14,STR002,PRD037,8,1592.00
2026-07-14,STR002,PRD038,7,805.00
2026-07-14,STR002,PRD039,5,900.00
2026-07-14,STR002,PRD040,1,145.00
2026-07-14,STR002,PRD041,4,392.00
2026-07-14,STR002,PRD042,7,910.00
2026-07-14,STR002,PRD044,6,660.00
2026-07-14,STR002,PRD045,8,1400.00
2026-07-14,STR002,PRD046,1,160.00
2026-07-14,STR002,PRD047,5,280.00
2026-07-14,STR002,PRD048,11,770.00
2026-07-14,STR002,PRD049,7,406.00
2026-07-14,STR002,PRD050,5,475.00
2026-07-14,STR002,PRD051,8,720.00
2026-07-14,STR002,PRD053,5,2250.00
2026-07-14,STR002,PRD054,4,2600.00
2026-07-14,STR002,PRD055,8,3120.00
2026-07-14,STR003,PRD001,4,2200.00
2026-07-14,STR003,PRD002,2,330.00
2026-07-14,STR003,PRD003,6,1470.00
2026-07-14,STR003,PRD004,2,120.00
2026-07-14,STR003,PRD005,6,2280.00
2026-07-14,STR003,PRD006,4,700.00
2026-07-14,STR003,PRD007,3,84.00
2026-07-14,STR003,PRD008,5,260.00
2026-07-14,STR003,PRD009,4,180.00
2026-07-14,STR003,PRD010,2,76.00
2026-07-14,STR003,PRD011,5,550.00
2026-07-14,STR003,PRD012,8,1760.00
2026-07-14,STR003,PRD013,8,520.00
2026-07-14,STR003,PRD014,4,160.00
2026-07-14,STR003,PRD015,2,40.00
2026-07-14,STR003,PRD016,6,1740.00
2026-07-14,STR003,PRD017,1,50.00
2026-07-14,STR003,PRD018,5,625.00
2026-07-14,STR003,PRD019,8,1560.00
2026-07-14,STR003,PRD020,6,210.00
2026-07-14,STR003,PRD021,3,135.00
2026-07-14,STR003,PRD022,1,280.00
2026-07-14,STR003,PRD024,8,1200.00
2026-07-14,STR003,PRD025,2,120.00
2026-07-14,STR003,PRD026,7,525.00
2026-07-14,STR003,PRD027,2,80.00
2026-07-14,STR003,PRD028,6,180.00
2026-07-14,STR003,PRD029,6,1440.00
2026-07-14,STR003,PRD030,6,1110.00
2026-07-14,STR003,PRD031,8,760.00
2026-07-14,STR003,PRD032,4,480.00
2026-07-14,STR003,PRD033,4,340.00
2026-07-14,STR003,PRD034,7,1820.00
2026-07-14,STR003,PRD036,4,840.00
2026-07-14,STR003,PRD037,6,1194.00
2026-07-14,STR003,PRD038,7,805.00
2026-07-14,STR003,PRD039,3,540.00
2026-07-14,STR003,PRD040,5,725.00
2026-07-14,STR003,PRD041,8,784.00
2026-07-14,STR003,PRD042,7,910.00
2026-07-14,STR003,PRD043,7,1470.00
2026-07-14,STR003,PRD044,7,770.00
2026-07-14,STR003,PRD045,4,700.00
2026-07-14,STR003,PRD046,3,480.00
2026-07-14,STR003,PRD047,5,280.00
2026-07-14,STR003,PRD048,3,210.00
2026-07-14,STR003,PRD049,5,290.00
2026-07-14,STR003,PRD050,5,475.00
2026-07-14,STR003,PRD051,1,90.00
2026-07-14,STR003,PRD052,6,840.00
2026-07-14,STR003,PRD053,6,2700.00
2026-07-14,STR003,PRD054,9,5850.00
2026-07-14,STR003,PRD055,5,1950.00
2026-07-14,STR004,PRD001,4,2200.00
2026-07-14,STR004,PRD002,3,495.00
2026-07-14,STR004,PRD003,6,1470.00
2026-07-14,STR004,PRD004,5,300.00
2026-07-14,STR004,PRD005,5,1900.00
2026-07-14,STR004,PRD006,7,1225.00
2026-07-14,STR004,PRD007,6,168.00
2026-07-14,STR004,PRD008,5,260.00
2026-07-14,STR004,PRD009,7,315.00
2026-07-14,STR004,PRD010,8,304.00
2026-07-14,STR004,PRD011,6,660.00
2026-07-14,STR004,PRD012,4,880.00
2026-07-14,STR004,PRD013,3,195.00
2026-07-14,STR004,PRD014,5,200.00
2026-07-14,STR004,PRD015,4,80.00
2026-07-14,STR004,PRD016,7,2030.00
2026-07-14,STR004,PRD017,14,700.00
2026-07-14,STR004,PRD018,6,750.00
2026-07-14,STR004,PRD020,3,105.00
2026-07-14,STR004,PRD021,2,90.00
2026-07-14,STR004,PRD022,8,2240.00
2026-07-14,STR004,PRD023,4,1280.00
2026-07-14,STR004,PRD024,5,750.00
2026-07-14,STR004,PRD025,6,360.00
2026-07-14,STR004,PRD026,6,450.00
2026-07-14,STR004,PRD027,5,200.00
2026-07-14,STR004,PRD028,4,120.00
2026-07-14,STR004,PRD029,8,1920.00
2026-07-14,STR004,PRD030,5,925.00
2026-07-14,STR004,PRD031,6,570.00
2026-07-14,STR004,PRD032,7,840.00
2026-07-14,STR004,PRD033,1,85.00
2026-07-14,STR004,PRD034,8,2080.00
2026-07-14,STR004,PRD035,4,1680.00
2026-07-14,STR004,PRD036,5,1050.00
2026-07-14,STR004,PRD037,8,1592.00
2026-07-14,STR004,PRD038,8,920.00
2026-07-14,STR004,PRD039,3,540.00
2026-07-14,STR004,PRD041,5,490.00
2026-07-14,STR004,PRD042,5,650.00
2026-07-14,STR004,PRD043,3,630.00
2026-07-14,STR004,PRD044,7,770.00
2026-07-14,STR004,PRD045,8,1400.00
2026-07-14,STR004,PRD046,4,640.00
2026-07-14,STR004,PRD047,4,224.00
2026-07-14,STR004,PRD048,6,420.00
2026-07-14,STR004,PRD049,6,348.00
2026-07-14,STR004,PRD050,6,570.00
2026-07-14,STR004,PRD051,6,540.00
2026-07-14,STR004,PRD052,6,840.00
2026-07-14,STR004,PRD053,4,1800.00
2026-07-14,STR004,PRD054,4,2600.00
2026-07-14,STR004,PRD055,2,780.00
2026-07-15,STR001,PRD001,8,4400.00
2026-07-15,STR001,PRD002,10,1650.00
2026-07-15,STR001,PRD003,6,1470.00
2026-07-15,STR001,PRD004,13,780.00
2026-07-15,STR001,PRD005,5,1900.00
2026-07-15,STR001,PRD006,6,1050.00
2026-07-15,STR001,PRD007,6,168.00
2026-07-15,STR001,PRD008,5,260.00
2026-07-15,STR001,PRD009,7,315.00
2026-07-15,STR001,PRD010,2,76.00
2026-07-15,STR001,PRD011,3,330.00
2026-07-15,STR001,PRD012,3,660.00
2026-07-15,STR001,PRD013,1,65.00
2026-07-15,STR001,PRD014,5,200.00
2026-07-15,STR001,PRD015,7,140.00
2026-07-15,STR001,PRD016,7,2030.00
2026-07-15,STR001,PRD017,2,100.00
2026-07-15,STR001,PRD018,7,875.00
2026-07-15,STR001,PRD019,5,975.00
2026-07-15,STR001,PRD020,4,140.00
2026-07-15,STR001,PRD021,5,225.00
2026-07-15,STR001,PRD022,7,1960.00
2026-07-15,STR001,PRD023,4,1280.00
2026-07-15,STR001,PRD024,4,600.00
2026-07-15,STR001,PRD025,9,540.00
2026-07-15,STR001,PRD026,6,450.00
2026-07-15,STR001,PRD027,4,160.00
2026-07-15,STR001,PRD028,5,150.00
2026-07-15,STR001,PRD029,6,1440.00
2026-07-15,STR001,PRD030,6,1110.00
2026-07-15,STR001,PRD031,4,380.00
2026-07-15,STR001,PRD032,4,480.00
2026-07-15,STR001,PRD033,7,595.00
2026-07-15,STR001,PRD034,7,1820.00
2026-07-15,STR001,PRD035,4,1680.00
2026-07-15,STR001,PRD036,5,1050.00
2026-07-15,STR001,PRD037,5,995.00
2026-07-15,STR001,PRD038,2,230.00
2026-07-15,STR001,PRD039,6,1080.00
2026-07-15,STR001,PRD040,3,435.00
2026-07-15,STR001,PRD041,5,490.00
2026-07-15,STR001,PRD042,4,520.00
2026-07-15,STR001,PRD043,2,420.00
2026-07-15,STR001,PRD044,2,220.00
2026-07-15,STR001,PRD045,1,175.00
2026-07-15,STR001,PRD046,5,800.00
2026-07-15,STR001,PRD047,5,280.00
2026-07-15,STR001,PRD048,5,350.00
2026-07-15,STR001,PRD049,6,348.00
2026-07-15,STR001,PRD050,5,475.00
2026-07-15,STR001,PRD052,3,420.00
2026-07-15,STR001,PRD054,6,3900.00
2026-07-15,STR001,PRD055,5,1950.00
2026-07-15,STR002,PRD001,4,2200.00
2026-07-15,STR002,PRD002,5,825.00
2026-07-15,STR002,PRD003,5,1225.00
2026-07-15,STR002,PRD004,6,360.00
2026-07-15,STR002,PRD005,3,1140.00
2026-07-15,STR002,PRD006,8,1400.00
2026-07-15,STR002,PRD007,8,224.00
2026-07-15,STR002,PRD008,4,208.00
2026-07-15,STR002,PRD009,5,225.00
2026-07-15,STR002,PRD010,5,190.00
2026-07-15,STR002,PRD011,4,440.00
2026-07-15,STR002,PRD012,3,660.00
2026-07-15,STR002,PRD013,2,130.00
2026-07-15,STR002,PRD014,4,160.00
2026-07-15,STR002,PRD015,5,100.00
2026-07-15,STR002,PRD016,5,1450.00
2026-07-15,STR002,PRD017,9,450.00
2026-07-15,STR002,PRD018,5,625.00
2026-07-15,STR002,PRD019,3,585.00
2026-07-15,STR002,PRD020,6,210.00
2026-07-15,STR002,PRD021,10,450.00
2026-07-15,STR002,PRD022,10,2800.00
2026-07-15,STR002,PRD023,6,1920.00
2026-07-15,STR002,PRD024,2,300.00
2026-07-15,STR002,PRD025,4,240.00
2026-07-15,STR002,PRD026,3,225.00
2026-07-15,STR002,PRD027,4,160.00
2026-07-15,STR002,PRD028,3,90.00
2026-07-15,STR002,PRD029,9,2160.00
2026-07-15,STR002,PRD030,4,740.00
2026-07-15,STR002,PRD031,5,475.00
2026-07-15,STR002,PRD032,8,960.00
2026-07-15,STR002,PRD034,1,260.00
2026-07-15,STR002,PRD035,1,420.00
2026-07-15,STR002,PRD036,3,630.00
2026-07-15,STR002,PRD037,4,796.00
2026-07-15,STR002,PRD038,8,920.00
2026-07-15,STR002,PRD039,3,540.00
2026-07-15,STR002,PRD040,1,145.00
2026-07-15,STR002,PRD041,4,392.00
2026-07-15,STR002,PRD042,9,1170.00
2026-07-15,STR002,PRD044,8,880.00
2026-07-15,STR002,PRD045,8,1400.00
2026-07-15,STR002,PRD046,5,800.00
2026-07-15,STR002,PRD047,6,336.00
2026-07-15,STR002,PRD048,13,910.00
2026-07-15,STR002,PRD049,6,348.00
2026-07-15,STR002,PRD050,4,380.00
2026-07-15,STR002,PRD051,8,720.00
2026-07-15,STR002,PRD053,6,2700.00
2026-07-15,STR002,PRD054,5,3250.00
2026-07-15,STR002,PRD055,7,2730.00
2026-07-15,STR003,PRD001,6,3300.00
2026-07-15,STR003,PRD002,4,660.00
2026-07-15,STR003,PRD003,4,980.00
2026-07-15,STR003,PRD004,4,240.00
2026-07-15,STR003,PRD005,8,3040.00
2026-07-15,STR003,PRD006,7,1225.00
2026-07-15,STR003,PRD007,6,168.00
2026-07-15,STR003,PRD008,4,208.00
2026-07-15,STR003,PRD009,5,225.00
2026-07-15,STR003,PRD010,4,152.00
2026-07-15,STR003,PRD011,4,440.00
2026-07-15,STR003,PRD012,4,880.00
2026-07-15,STR003,PRD013,7,455.00
2026-07-15,STR003,PRD014,6,240.00
2026-07-15,STR003,PRD015,2,40.00
2026-07-15,STR003,PRD016,2,580.00
2026-07-15,STR003,PRD017,5,250.00
2026-07-15,STR003,PRD018,2,250.00
2026-07-15,STR003,PRD019,9,1755.00
2026-07-15,STR003,PRD020,6,210.00
2026-07-15,STR003,PRD021,3,135.00
2026-07-15,STR003,PRD022,2,560.00
2026-07-15,STR003,PRD023,2,640.00
2026-07-15,STR003,PRD024,9,1350.00
2026-07-15,STR003,PRD025,4,240.00
2026-07-15,STR003,PRD026,7,525.00
2026-07-15,STR003,PRD027,4,160.00
2026-07-15,STR003,PRD028,5,150.00
2026-07-15,STR003,PRD029,4,960.00
2026-07-15,STR003,PRD030,4,740.00
2026-07-15,STR003,PRD031,6,570.00
2026-07-15,STR003,PRD032,5,600.00
2026-07-15,STR003,PRD033,2,170.00
2026-07-15,STR003,PRD034,6,1560.00
2026-07-15,STR003,PRD036,3,630.00
2026-07-15,STR003,PRD037,7,1393.00
2026-07-15,STR003,PRD038,7,805.00
2026-07-15,STR003,PRD039,5,900.00
2026-07-15,STR003,PRD040,6,870.00
2026-07-15,STR003,PRD041,5,490.00
2026-07-15,STR003,PRD042,6,780.00
2026-07-15,STR003,PRD043,6,1260.00
2026-07-15,STR003,PRD044,6,660.00
2026-07-15,STR003,PRD045,1,175.00
2026-07-15,STR003,PRD046,5,800.00
2026-07-15,STR003,PRD047,4,224.00
2026-07-15,STR003,PRD048,7,490.00
2026-07-15,STR003,PRD049,3,174.00
2026-07-15,STR003,PRD050,3,285.00
2026-07-15,STR003,PRD051,5,450.00
2026-07-15,STR003,PRD052,8,1120.00
2026-07-15,STR003,PRD053,6,2700.00
2026-07-15,STR003,PRD054,5,3250.00
2026-07-15,STR003,PRD055,5,1950.00
2026-07-15,STR004,PRD001,2,1100.00
2026-07-15,STR004,PRD002,2,330.00
2026-07-15,STR004,PRD003,6,1470.00
2026-07-15,STR004,PRD004,6,360.00
2026-07-15,STR004,PRD005,5,1900.00
2026-07-15,STR004,PRD006,6,1050.00
2026-07-15,STR004,PRD007,6,168.00
2026-07-15,STR004,PRD008,3,156.00
2026-07-15,STR004,PRD009,7,315.00
2026-07-15,STR004,PRD010,8,304.00
2026-07-15,STR004,PRD011,3,330.00
2026-07-15,STR004,PRD012,2,440.00
2026-07-15,STR004,PRD013,4,260.00
2026-07-15,STR004,PRD014,4,160.00
2026-07-15,STR004,PRD015,3,60.00
2026-07-15,STR004,PRD016,4,1160.00
2026-07-15,STR004,PRD017,16,800.00
2026-07-15,STR004,PRD018,5,625.00
2026-07-15,STR004,PRD020,5,175.00
2026-07-15,STR004,PRD021,5,225.00
2026-07-15,STR004,PRD022,6,1680.00
2026-07-15,STR004,PRD023,3,960.00
2026-07-15,STR004,PRD024,4,600.00
2026-07-15,STR004,PRD025,6,360.00
2026-07-15,STR004,PRD026,3,225.00
2026-07-15,STR004,PRD027,3,120.00
2026-07-15,STR004,PRD028,6,180.00
2026-07-15,STR004,PRD029,8,1920.00
2026-07-15,STR004,PRD030,2,370.00
2026-07-15,STR004,PRD031,6,570.00
2026-07-15,STR004,PRD032,4,480.00
2026-07-15,STR004,PRD033,5,425.00
2026-07-15,STR004,PRD034,9,2340.00
2026-07-15,STR004,PRD035,4,1680.00
2026-07-15,STR004,PRD036,7,1470.00
2026-07-15,STR004,PRD037,8,1592.00
2026-07-15,STR004,PRD038,7,805.00
2026-07-15,STR004,PRD039,6,1080.00
2026-07-15,STR004,PRD040,2,290.00
2026-07-15,STR004,PRD041,3,294.00
2026-07-15,STR004,PRD042,4,520.00
2026-07-15,STR004,PRD043,3,630.00
2026-07-15,STR004,PRD044,3,330.00
2026-07-15,STR004,PRD045,7,1225.00
2026-07-15,STR004,PRD046,2,320.00
2026-07-15,STR004,PRD047,4,224.00
2026-07-15,STR004,PRD048,3,210.00
2026-07-15,STR004,PRD049,5,290.00
2026-07-15,STR004,PRD050,9,855.00
2026-07-15,STR004,PRD051,6,540.00
2026-07-15,STR004,PRD052,3,420.00
2026-07-15,STR004,PRD053,8,3600.00
2026-07-15,STR004,PRD054,4,2600.00
2026-07-15,STR004,PRD055,3,1170.00
2026-07-16,STR001,PRD001,8,4400.00
2026-07-16,STR001,PRD002,11,1815.00
2026-07-16,STR001,PRD003,6,1470.00
2026-07-16,STR001,PRD004,10,600.00
2026-07-16,STR001,PRD005,6,2280.00
2026-07-16,STR001,PRD006,4,700.00
2026-07-16,STR001,PRD007,9,252.00
2026-07-16,STR001,PRD008,5,260.00
2026-07-16,STR001,PRD009,4,180.00
2026-07-16,STR001,PRD010,4,152.00
2026-07-16,STR001,PRD011,6,660.00
2026-07-16,STR001,PRD012,5,1100.00
2026-07-16,STR001,PRD013,3,195.00
2026-07-16,STR001,PRD014,3,120.00
2026-07-16,STR001,PRD015,8,160.00
2026-07-16,STR001,PRD016,7,2030.00
2026-07-16,STR001,PRD017,6,300.00
2026-07-16,STR001,PRD018,4,500.00
2026-07-16,STR001,PRD019,4,780.00
2026-07-16,STR001,PRD020,4,140.00
2026-07-16,STR001,PRD021,4,180.00
2026-07-16,STR001,PRD022,8,2240.00
2026-07-16,STR001,PRD023,5,1600.00
2026-07-16,STR001,PRD024,4,600.00
2026-07-16,STR001,PRD025,6,360.00
2026-07-16,STR001,PRD026,4,300.00
2026-07-16,STR001,PRD027,2,80.00
2026-07-16,STR001,PRD028,4,120.00
2026-07-16,STR001,PRD029,7,1680.00
2026-07-16,STR001,PRD030,4,740.00
2026-07-16,STR001,PRD031,8,760.00
2026-07-16,STR001,PRD032,6,720.00
2026-07-16,STR001,PRD033,4,340.00
2026-07-16,STR001,PRD034,5,1300.00
2026-07-16,STR001,PRD035,7,2940.00
2026-07-16,STR001,PRD036,5,1050.00
2026-07-16,STR001,PRD037,6,1194.00
2026-07-16,STR001,PRD038,3,345.00
2026-07-16,STR001,PRD039,4,720.00
2026-07-16,STR001,PRD040,5,725.00
2026-07-16,STR001,PRD041,8,784.00
2026-07-16,STR001,PRD042,4,520.00
2026-07-16,STR001,PRD043,3,630.00
2026-07-16,STR001,PRD044,5,550.00
2026-07-16,STR001,PRD045,3,525.00
2026-07-16,STR001,PRD046,5,800.00
2026-07-16,STR001,PRD047,1,56.00
2026-07-16,STR001,PRD048,4,280.00
2026-07-16,STR001,PRD049,5,290.00
2026-07-16,STR001,PRD050,3,285.00
2026-07-16,STR001,PRD052,3,420.00
2026-07-16,STR001,PRD054,5,3250.00
2026-07-16,STR001,PRD055,5,1950.00
2026-07-16,STR002,PRD001,6,3300.00
2026-07-16,STR002,PRD002,5,825.00
2026-07-16,STR002,PRD003,6,1470.00
2026-07-16,STR002,PRD004,3,180.00
2026-07-16,STR002,PRD005,3,1140.00
2026-07-16,STR002,PRD006,9,1575.00
2026-07-16,STR002,PRD007,7,196.00
2026-07-16,STR002,PRD008,5,260.00
2026-07-16,STR002,PRD009,7,315.00
2026-07-16,STR002,PRD010,7,266.00
2026-07-16,STR002,PRD011,6,660.00
2026-07-16,STR002,PRD012,5,1100.00
2026-07-16,STR002,PRD013,4,260.00
2026-07-16,STR002,PRD014,2,80.00
2026-07-16,STR002,PRD015,6,120.00
2026-07-16,STR002,PRD016,4,1160.00
2026-07-16,STR002,PRD017,7,350.00
2026-07-16,STR002,PRD018,6,750.00
2026-07-16,STR002,PRD019,6,1170.00
2026-07-16,STR002,PRD020,9,315.00
2026-07-16,STR002,PRD021,8,360.00
2026-07-16,STR002,PRD022,11,3080.00
2026-07-16,STR002,PRD023,5,1600.00
2026-07-16,STR002,PRD024,6,900.00
2026-07-16,STR002,PRD025,2,120.00
2026-07-16,STR002,PRD026,5,375.00
2026-07-16,STR002,PRD027,5,200.00
2026-07-16,STR002,PRD028,4,120.00
2026-07-16,STR002,PRD029,9,2160.00
2026-07-16,STR002,PRD030,4,740.00
2026-07-16,STR002,PRD031,5,475.00
2026-07-16,STR002,PRD032,8,960.00
2026-07-16,STR002,PRD033,2,170.00
2026-07-16,STR002,PRD034,2,520.00
2026-07-16,STR002,PRD035,2,840.00
2026-07-16,STR002,PRD036,2,420.00
2026-07-16,STR002,PRD037,5,995.00
2026-07-16,STR002,PRD038,4,460.00
2026-07-16,STR002,PRD039,5,900.00
2026-07-16,STR002,PRD040,5,725.00
2026-07-16,STR002,PRD041,3,294.00
2026-07-16,STR002,PRD042,6,780.00
2026-07-16,STR002,PRD044,8,880.00
2026-07-16,STR002,PRD045,5,875.00
2026-07-16,STR002,PRD046,1,160.00
2026-07-16,STR002,PRD047,4,224.00
2026-07-16,STR002,PRD048,12,840.00
2026-07-16,STR002,PRD049,6,348.00
2026-07-16,STR002,PRD050,3,285.00
2026-07-16,STR002,PRD051,4,360.00
2026-07-16,STR002,PRD053,3,1350.00
2026-07-16,STR002,PRD054,7,4550.00
2026-07-16,STR002,PRD055,7,2730.00
2026-07-16,STR003,PRD001,8,4400.00
2026-07-16,STR003,PRD002,5,825.00
2026-07-16,STR003,PRD003,4,980.00
2026-07-16,STR003,PRD004,5,300.00
2026-07-16,STR003,PRD005,6,2280.00
2026-07-16,STR003,PRD006,4,700.00
2026-07-16,STR003,PRD007,2,56.00
2026-07-16,STR003,PRD008,5,260.00
2026-07-16,STR003,PRD009,6,270.00
2026-07-16,STR003,PRD010,5,190.00
2026-07-16,STR003,PRD011,6,660.00
2026-07-16,STR003,PRD012,8,1760.00
2026-07-16,STR003,PRD013,5,325.00
2026-07-16,STR003,PRD014,6,240.00
2026-07-16,STR003,PRD015,1,20.00
2026-07-16,STR003,PRD016,5,1450.00
2026-07-16,STR003,PRD017,4,200.00
2026-07-16,STR003,PRD018,4,500.00
2026-07-16,STR003,PRD019,8,1560.00
2026-07-16,STR003,PRD020,6,210.00
2026-07-16,STR003,PRD021,2,90.00
2026-07-16,STR003,PRD024,5,750.00
2026-07-16,STR003,PRD025,1,60.00
2026-07-16,STR003,PRD026,6,450.00
2026-07-16,STR003,PRD027,5,200.00
2026-07-16,STR003,PRD028,5,150.00
2026-07-16,STR003,PRD029,4,960.00
2026-07-16,STR003,PRD030,6,1110.00
2026-07-16,STR003,PRD031,10,950.00
2026-07-16,STR003,PRD032,7,840.00
2026-07-16,STR003,PRD033,5,425.00
2026-07-16,STR003,PRD034,6,1560.00
2026-07-16,STR003,PRD036,2,420.00
2026-07-16,STR003,PRD037,7,1393.00
2026-07-16,STR003,PRD038,5,575.00
2026-07-16,STR003,PRD039,5,900.00
2026-07-16,STR003,PRD040,5,725.00
2026-07-16,STR003,PRD041,8,784.00
2026-07-16,STR003,PRD042,6,780.00
2026-07-16,STR003,PRD043,7,1470.00
2026-07-16,STR003,PRD044,4,440.00
2026-07-16,STR003,PRD045,1,175.00
2026-07-16,STR003,PRD046,4,640.00
2026-07-16,STR003,PRD047,2,112.00
2026-07-16,STR003,PRD048,7,490.00
2026-07-16,STR003,PRD049,3,174.00
2026-07-16,STR003,PRD050,5,475.00
2026-07-16,STR003,PRD051,1,90.00
2026-07-16,STR003,PRD052,7,980.00
2026-07-16,STR003,PRD053,6,2700.00
2026-07-16,STR003,PRD054,9,5850.00
2026-07-16,STR003,PRD055,8,3120.00
2026-07-16,STR004,PRD001,2,1100.00
2026-07-16,STR004,PRD002,2,330.00
2026-07-16,STR004,PRD003,8,1960.00
2026-07-16,STR004,PRD004,6,360.00
2026-07-16,STR004,PRD005,6,2280.00
2026-07-16,STR004,PRD006,5,875.00
2026-07-16,STR004,PRD007,4,112.00
2026-07-16,STR004,PRD008,3,156.00
2026-07-16,STR004,PRD009,5,225.00
2026-07-16,STR004,PRD010,8,304.00
2026-07-16,STR004,PRD011,3,330.00
2026-07-16,STR004,PRD012,1,220.00
2026-07-16,STR004,PRD013,7,455.00
2026-07-16,STR004,PRD014,6,240.00
2026-07-16,STR004,PRD015,5,100.00
2026-07-16,STR004,PRD016,4,1160.00
2026-07-16,STR004,PRD017,13,650.00
2026-07-16,STR004,PRD018,6,750.00
2026-07-16,STR004,PRD020,4,140.00
2026-07-16,STR004,PRD021,2,90.00
2026-07-16,STR004,PRD022,8,2240.00
2026-07-16,STR004,PRD023,4,1280.00
2026-07-16,STR004,PRD024,2,300.00
2026-07-16,STR004,PRD025,3,180.00
2026-07-16,STR004,PRD026,3,225.00
2026-07-16,STR004,PRD027,6,240.00
2026-07-16,STR004,PRD028,4,120.00
2026-07-16,STR004,PRD029,7,1680.00
2026-07-16,STR004,PRD030,6,1110.00
2026-07-16,STR004,PRD031,5,475.00
2026-07-16,STR004,PRD032,6,720.00
2026-07-16,STR004,PRD033,1,85.00
2026-07-16,STR004,PRD034,6,1560.00
2026-07-16,STR004,PRD035,6,2520.00
2026-07-16,STR004,PRD036,5,1050.00
2026-07-16,STR004,PRD037,9,1791.00
2026-07-16,STR004,PRD038,6,690.00
2026-07-16,STR004,PRD039,6,1080.00
2026-07-16,STR004,PRD040,2,290.00
2026-07-16,STR004,PRD041,3,294.00
2026-07-16,STR004,PRD042,7,910.00
2026-07-16,STR004,PRD043,4,840.00
2026-07-16,STR004,PRD044,5,550.00
2026-07-16,STR004,PRD045,9,1575.00
2026-07-16,STR004,PRD046,4,640.00
2026-07-16,STR004,PRD047,8,448.00
2026-07-16,STR004,PRD048,7,490.00
2026-07-16,STR004,PRD049,7,406.00
2026-07-16,STR004,PRD050,6,570.00
2026-07-16,STR004,PRD051,5,450.00
2026-07-16,STR004,PRD052,3,420.00
2026-07-16,STR004,PRD053,5,2250.00
2026-07-16,STR004,PRD054,2,1300.00
2026-07-16,STR004,PRD055,3,1170.00
2026-07-17,STR001,PRD001,8,4400.00
2026-07-17,STR001,PRD002,10,1650.00
2026-07-17,STR001,PRD003,3,735.00
2026-07-17,STR001,PRD004,11,660.00
2026-07-17,STR001,PRD005,8,3040.00
2026-07-17,STR001,PRD006,8,1400.00
2026-07-17,STR001,PRD007,6,168.00
2026-07-17,STR001,PRD008,5,260.00
2026-07-17,STR001,PRD009,5,225.00
2026-07-17,STR001,PRD010,3,114.00
2026-07-17,STR001,PRD011,4,440.00
2026-07-17,STR001,PRD012,7,1540.00
2026-07-17,STR001,PRD013,4,260.00
2026-07-17,STR001,PRD014,2,80.00
2026-07-17,STR001,PRD015,8,160.00
2026-07-17,STR001,PRD016,5,1450.00
2026-07-17,STR001,PRD017,4,200.00
2026-07-17,STR001,PRD018,6,750.00
2026-07-17,STR001,PRD019,5,975.00
2026-07-17,STR001,PRD020,4,140.00
2026-07-17,STR001,PRD021,7,315.00
2026-07-17,STR001,PRD022,4,1120.00
2026-07-17,STR001,PRD023,4,1280.00
2026-07-17,STR001,PRD024,5,750.00
2026-07-17,STR001,PRD025,6,360.00
2026-07-17,STR001,PRD026,6,450.00
2026-07-17,STR001,PRD027,2,80.00
2026-07-17,STR001,PRD028,1,30.00
2026-07-17,STR001,PRD029,6,1440.00
2026-07-17,STR001,PRD030,4,740.00
2026-07-17,STR001,PRD031,6,570.00
2026-07-17,STR001,PRD032,8,960.00
2026-07-17,STR001,PRD033,7,595.00
2026-07-17,STR001,PRD034,9,2340.00
2026-07-17,STR001,PRD035,4,1680.00
2026-07-17,STR001,PRD036,6,1260.00
2026-07-17,STR001,PRD037,5,995.00
2026-07-17,STR001,PRD038,1,115.00
2026-07-17,STR001,PRD039,7,1260.00
2026-07-17,STR001,PRD040,6,870.00
2026-07-17,STR001,PRD041,4,392.00
2026-07-17,STR001,PRD042,5,650.00
2026-07-17,STR001,PRD043,3,630.00
2026-07-17,STR001,PRD044,2,220.00
2026-07-17,STR001,PRD045,3,525.00
2026-07-17,STR001,PRD046,2,320.00
2026-07-17,STR001,PRD047,5,280.00
2026-07-17,STR001,PRD048,2,140.00
2026-07-17,STR001,PRD049,8,464.00
2026-07-17,STR001,PRD050,5,475.00
2026-07-17,STR001,PRD052,2,280.00
2026-07-17,STR001,PRD054,5,3250.00
2026-07-17,STR001,PRD055,6,2340.00
2026-07-17,STR002,PRD001,5,2750.00
2026-07-17,STR002,PRD002,4,660.00
2026-07-17,STR002,PRD003,5,1225.00
2026-07-17,STR002,PRD004,3,180.00
2026-07-17,STR002,PRD005,5,1900.00
2026-07-17,STR002,PRD006,5,875.00
2026-07-17,STR002,PRD007,4,112.00
2026-07-17,STR002,PRD008,6,312.00
2026-07-17,STR002,PRD009,5,225.00
2026-07-17,STR002,PRD010,7,266.00
2026-07-17,STR002,PRD011,4,440.00
2026-07-17,STR002,PRD012,2,440.00
2026-07-17,STR002,PRD013,2,130.00
2026-07-17,STR002,PRD014,6,240.00
2026-07-17,STR002,PRD015,4,80.00
2026-07-17,STR002,PRD016,6,1740.00
2026-07-17,STR002,PRD017,8,400.00
2026-07-17,STR002,PRD018,5,625.00
2026-07-17,STR002,PRD019,6,1170.00
2026-07-17,STR002,PRD020,8,280.00
2026-07-17,STR002,PRD021,12,540.00
2026-07-17,STR002,PRD022,12,3360.00
2026-07-17,STR002,PRD023,7,2240.00
2026-07-17,STR002,PRD024,4,600.00
2026-07-17,STR002,PRD025,6,360.00
2026-07-17,STR002,PRD026,3,225.00
2026-07-17,STR002,PRD027,2,80.00
2026-07-17,STR002,PRD028,4,120.00
2026-07-17,STR002,PRD029,7,1680.00
2026-07-17,STR002,PRD030,6,1110.00
2026-07-17,STR002,PRD031,3,285.00
2026-07-17,STR002,PRD032,7,840.00
2026-07-17,STR002,PRD033,4,340.00
2026-07-17,STR002,PRD034,5,1300.00
2026-07-17,STR002,PRD035,5,2100.00
2026-07-17,STR002,PRD036,4,840.00
2026-07-17,STR002,PRD037,7,1393.00
2026-07-17,STR002,PRD038,8,920.00
2026-07-17,STR002,PRD039,4,720.00
2026-07-17,STR002,PRD040,3,435.00
2026-07-17,STR002,PRD041,3,294.00
2026-07-17,STR002,PRD042,9,1170.00
2026-07-17,STR002,PRD044,6,660.00
2026-07-17,STR002,PRD045,5,875.00
2026-07-17,STR002,PRD046,4,640.00
2026-07-17,STR002,PRD047,8,448.00
2026-07-17,STR002,PRD048,12,840.00
2026-07-17,STR002,PRD049,3,174.00
2026-07-17,STR002,PRD050,4,380.00
2026-07-17,STR002,PRD051,5,450.00
2026-07-17,STR002,PRD053,7,3150.00
2026-07-17,STR002,PRD054,6,3900.00
2026-07-17,STR002,PRD055,8,3120.00
2026-07-17,STR003,PRD001,6,3300.00
2026-07-17,STR003,PRD002,5,825.00
2026-07-17,STR003,PRD003,5,1225.00
2026-07-17,STR003,PRD004,5,300.00
2026-07-17,STR003,PRD005,9,3420.00
2026-07-17,STR003,PRD006,6,1050.00
2026-07-17,STR003,PRD007,4,112.00
2026-07-17,STR003,PRD008,7,364.00
2026-07-17,STR003,PRD009,7,315.00
2026-07-17,STR003,PRD010,3,114.00
2026-07-17,STR003,PRD011,6,660.00
2026-07-17,STR003,PRD012,4,880.00
2026-07-17,STR003,PRD013,6,390.00
2026-07-17,STR003,PRD014,6,240.00
2026-07-17,STR003,PRD015,3,60.00
2026-07-17,STR003,PRD016,2,580.00
2026-07-17,STR003,PRD017,1,50.00
2026-07-17,STR003,PRD018,2,250.00
2026-07-17,STR003,PRD019,6,1170.00
2026-07-17,STR003,PRD020,4,140.00
2026-07-17,STR003,PRD021,3,135.00
2026-07-17,STR003,PRD022,4,1120.00
2026-07-17,STR003,PRD024,5,750.00
2026-07-17,STR003,PRD025,3,180.00
2026-07-17,STR003,PRD026,7,525.00
2026-07-17,STR003,PRD027,4,160.00
2026-07-17,STR003,PRD028,4,120.00
2026-07-17,STR003,PRD029,7,1680.00
2026-07-17,STR003,PRD030,6,1110.00
2026-07-17,STR003,PRD031,6,570.00
2026-07-17,STR003,PRD032,6,720.00
2026-07-17,STR003,PRD033,5,425.00
2026-07-17,STR003,PRD034,8,2080.00
2026-07-17,STR003,PRD036,6,1260.00
2026-07-17,STR003,PRD037,3,597.00
2026-07-17,STR003,PRD038,7,805.00
2026-07-17,STR003,PRD039,2,360.00
2026-07-17,STR003,PRD040,6,870.00
2026-07-17,STR003,PRD041,6,588.00
2026-07-17,STR003,PRD042,4,520.00
2026-07-17,STR003,PRD043,6,1260.00
2026-07-17,STR003,PRD044,7,770.00
2026-07-17,STR003,PRD045,3,525.00
2026-07-17,STR003,PRD046,3,480.00
2026-07-17,STR003,PRD047,6,336.00
2026-07-17,STR003,PRD048,7,490.00
2026-07-17,STR003,PRD049,2,116.00
2026-07-17,STR003,PRD050,6,570.00
2026-07-17,STR003,PRD051,4,360.00
2026-07-17,STR003,PRD052,5,700.00
2026-07-17,STR003,PRD053,6,2700.00
2026-07-17,STR003,PRD054,6,3900.00
2026-07-17,STR003,PRD055,5,1950.00
2026-07-17,STR004,PRD002,4,660.00
2026-07-17,STR004,PRD003,5,1225.00
2026-07-17,STR004,PRD004,6,360.00
2026-07-17,STR004,PRD005,4,1520.00
2026-07-17,STR004,PRD006,5,875.00
2026-07-17,STR004,PRD007,6,168.00
2026-07-17,STR004,PRD008,6,312.00
2026-07-17,STR004,PRD009,7,315.00
2026-07-17,STR004,PRD010,5,190.00
2026-07-17,STR004,PRD011,4,440.00
2026-07-17,STR004,PRD012,1,220.00
2026-07-17,STR004,PRD013,5,325.00
2026-07-17,STR004,PRD014,4,160.00
2026-07-17,STR004,PRD015,7,140.00
2026-07-17,STR004,PRD016,4,1160.00
2026-07-17,STR004,PRD017,15,750.00
2026-07-17,STR004,PRD018,7,875.00
2026-07-17,STR004,PRD020,5,175.00
2026-07-17,STR004,PRD021,3,135.00
2026-07-17,STR004,PRD022,4,1120.00
2026-07-17,STR004,PRD023,6,1920.00
2026-07-17,STR004,PRD024,5,750.00
2026-07-17,STR004,PRD025,4,240.00
2026-07-17,STR004,PRD026,5,375.00
2026-07-17,STR004,PRD027,6,240.00
2026-07-17,STR004,PRD028,2,60.00
2026-07-17,STR004,PRD029,8,1920.00
2026-07-17,STR004,PRD030,6,1110.00
2026-07-17,STR004,PRD031,7,665.00
2026-07-17,STR004,PRD032,3,360.00
2026-07-17,STR004,PRD033,3,255.00
2026-07-17,STR004,PRD034,5,1300.00
2026-07-17,STR004,PRD035,8,3360.00
2026-07-17,STR004,PRD036,8,1680.00
2026-07-17,STR004,PRD037,7,1393.00
2026-07-17,STR004,PRD038,6,690.00
2026-07-17,STR004,PRD039,4,720.00
2026-07-17,STR004,PRD041,2,196.00
2026-07-17,STR004,PRD042,5,650.00
2026-07-17,STR004,PRD043,2,420.00
2026-07-17,STR004,PRD044,6,660.00
2026-07-17,STR004,PRD045,7,1225.00
2026-07-17,STR004,PRD046,2,320.00
2026-07-17,STR004,PRD047,4,224.00
2026-07-17,STR004,PRD048,6,420.00
2026-07-17,STR004,PRD049,6,348.00
2026-07-17,STR004,PRD050,6,570.00
2026-07-17,STR004,PRD051,5,450.00
2026-07-17,STR004,PRD052,7,980.00
2026-07-17,STR004,PRD053,8,3600.00
2026-07-17,STR004,PRD054,3,1950.00
2026-07-17,STR004,PRD055,5,1950.00
2026-07-18,STR001,PRD001,6,3300.00
2026-07-18,STR001,PRD002,11,1815.00
2026-07-18,STR001,PRD003,2,490.00
2026-07-18,STR001,PRD004,11,660.00
2026-07-18,STR001,PRD005,6,2280.00
2026-07-18,STR001,PRD006,5,875.00
2026-07-18,STR001,PRD007,8,224.00
2026-07-18,STR001,PRD008,4,208.00
2026-07-18,STR001,PRD009,5,225.00
2026-07-18,STR001,PRD010,3,114.00
2026-07-18,STR001,PRD011,5,550.00
2026-07-18,STR001,PRD012,6,1320.00
2026-07-18,STR001,PRD013,2,130.00
2026-07-18,STR001,PRD014,6,240.00
2026-07-18,STR001,PRD015,6,120.00
2026-07-18,STR001,PRD016,3,870.00
2026-07-18,STR001,PRD017,5,250.00
2026-07-18,STR001,PRD018,6,750.00
2026-07-18,STR001,PRD019,5,975.00
2026-07-18,STR001,PRD020,2,70.00
2026-07-18,STR001,PRD021,6,270.00
2026-07-18,STR001,PRD022,7,1960.00
2026-07-18,STR001,PRD023,2,640.00
2026-07-18,STR001,PRD024,4,600.00
2026-07-18,STR001,PRD025,6,360.00
2026-07-18,STR001,PRD026,2,150.00
2026-07-18,STR001,PRD027,2,80.00
2026-07-18,STR001,PRD028,3,90.00
2026-07-18,STR001,PRD029,4,960.00
2026-07-18,STR001,PRD030,4,740.00
2026-07-18,STR001,PRD031,7,665.00
2026-07-18,STR001,PRD032,7,840.00
2026-07-18,STR001,PRD033,5,425.00
2026-07-18,STR001,PRD034,5,1300.00
2026-07-18,STR001,PRD035,4,1680.00
2026-07-18,STR001,PRD036,4,840.00
2026-07-18,STR001,PRD037,7,1393.00
2026-07-18,STR001,PRD038,1,115.00
2026-07-18,STR001,PRD039,4,720.00
2026-07-18,STR001,PRD040,6,870.00
2026-07-18,STR001,PRD041,7,686.00
2026-07-18,STR001,PRD042,5,650.00
2026-07-18,STR001,PRD043,5,1050.00
2026-07-18,STR001,PRD044,3,330.00
2026-07-18,STR001,PRD045,3,525.00
2026-07-18,STR001,PRD046,5,800.00
2026-07-18,STR001,PRD047,5,280.00
2026-07-18,STR001,PRD048,5,350.00
2026-07-18,STR001,PRD049,5,290.00
2026-07-18,STR001,PRD050,2,190.00
2026-07-18,STR001,PRD052,2,280.00
2026-07-18,STR001,PRD054,6,3900.00
2026-07-18,STR001,PRD055,5,1950.00
2026-07-18,STR002,PRD001,5,2750.00
2026-07-18,STR002,PRD002,6,990.00
2026-07-18,STR002,PRD003,4,980.00
2026-07-18,STR002,PRD004,3,180.00
2026-07-18,STR002,PRD005,3,1140.00
2026-07-18,STR002,PRD006,7,1225.00
2026-07-18,STR002,PRD007,7,196.00
2026-07-18,STR002,PRD008,7,364.00
2026-07-18,STR002,PRD009,4,180.00
2026-07-18,STR002,PRD010,7,266.00
2026-07-18,STR002,PRD011,7,770.00
2026-07-18,STR002,PRD012,4,880.00
2026-07-18,STR002,PRD013,3,195.00
2026-07-18,STR002,PRD014,5,200.00
2026-07-18,STR002,PRD015,2,40.00
2026-07-18,STR002,PRD016,5,1450.00
2026-07-18,STR002,PRD017,6,300.00
2026-07-18,STR002,PRD018,9,1125.00
2026-07-18,STR002,PRD019,3,585.00
2026-07-18,STR002,PRD020,10,350.00
2026-07-18,STR002,PRD021,9,405.00
2026-07-18,STR002,PRD022,11,3080.00
2026-07-18,STR002,PRD023,5,1600.00
2026-07-18,STR002,PRD024,2,300.00
2026-07-18,STR002,PRD025,4,240.00
2026-07-18,STR002,PRD026,4,300.00
2026-07-18,STR002,PRD027,5,200.00
2026-07-18,STR002,PRD028,4,120.00
2026-07-18,STR002,PRD029,8,1920.00
2026-07-18,STR002,PRD030,3,555.00
2026-07-18,STR002,PRD031,6,570.00
2026-07-18,STR002,PRD032,9,1080.00
2026-07-18,STR002,PRD034,2,520.00
2026-07-18,STR002,PRD035,5,2100.00
2026-07-18,STR002,PRD036,2,420.00
2026-07-18,STR002,PRD037,5,995.00
2026-07-18,STR002,PRD038,4,460.00
2026-07-18,STR002,PRD039,4,720.00
2026-07-18,STR002,PRD040,4,580.00
2026-07-18,STR002,PRD041,3,294.00
2026-07-18,STR002,PRD042,7,910.00
2026-07-18,STR002,PRD044,6,660.00
2026-07-18,STR002,PRD045,7,1225.00
2026-07-18,STR002,PRD046,1,160.00
2026-07-18,STR002,PRD047,8,448.00
2026-07-18,STR002,PRD048,11,770.00
2026-07-18,STR002,PRD049,3,174.00
2026-07-18,STR002,PRD050,2,190.00
2026-07-18,STR002,PRD051,7,630.00
2026-07-18,STR002,PRD053,6,2700.00
2026-07-18,STR002,PRD054,7,4550.00
2026-07-18,STR002,PRD055,7,2730.00
2026-07-18,STR003,PRD001,6,3300.00
2026-07-18,STR003,PRD002,3,495.00
2026-07-18,STR003,PRD003,5,1225.00
2026-07-18,STR003,PRD004,5,300.00
2026-07-18,STR003,PRD005,8,3040.00
2026-07-18,STR003,PRD006,4,700.00
2026-07-18,STR003,PRD007,6,168.00
2026-07-18,STR003,PRD008,7,364.00
2026-07-18,STR003,PRD009,3,135.00
2026-07-18,STR003,PRD010,4,152.00
2026-07-18,STR003,PRD011,4,440.00
2026-07-18,STR003,PRD012,6,1320.00
2026-07-18,STR003,PRD013,6,390.00
2026-07-18,STR003,PRD014,5,200.00
2026-07-18,STR003,PRD015,3,60.00
2026-07-18,STR003,PRD016,5,1450.00
2026-07-18,STR003,PRD017,2,100.00
2026-07-18,STR003,PRD018,4,500.00
2026-07-18,STR003,PRD019,5,975.00
2026-07-18,STR003,PRD020,5,175.00
2026-07-18,STR003,PRD021,2,90.00
2026-07-18,STR003,PRD024,7,1050.00
2026-07-18,STR003,PRD025,2,120.00
2026-07-18,STR003,PRD026,5,375.00
2026-07-18,STR003,PRD027,4,160.00
2026-07-18,STR003,PRD028,6,180.00
2026-07-18,STR003,PRD029,8,1920.00
2026-07-18,STR003,PRD030,2,370.00
2026-07-18,STR003,PRD031,8,760.00
2026-07-18,STR003,PRD032,4,480.00
2026-07-18,STR003,PRD033,4,340.00
2026-07-18,STR003,PRD034,7,1820.00
2026-07-18,STR003,PRD036,4,840.00
2026-07-18,STR003,PRD037,3,597.00
2026-07-18,STR003,PRD038,4,460.00
2026-07-18,STR003,PRD039,2,360.00
2026-07-18,STR003,PRD040,6,870.00
2026-07-18,STR003,PRD041,6,588.00
2026-07-18,STR003,PRD042,6,780.00
2026-07-18,STR003,PRD043,5,1050.00
2026-07-18,STR003,PRD044,5,550.00
2026-07-18,STR003,PRD045,5,875.00
2026-07-18,STR003,PRD046,6,960.00
2026-07-18,STR003,PRD047,6,336.00
2026-07-18,STR003,PRD048,5,350.00
2026-07-18,STR003,PRD049,3,174.00
2026-07-18,STR003,PRD050,4,380.00
2026-07-18,STR003,PRD051,2,180.00
2026-07-18,STR003,PRD052,8,1120.00
2026-07-18,STR003,PRD053,5,2250.00
2026-07-18,STR003,PRD054,5,3250.00
2026-07-18,STR003,PRD055,4,1560.00
2026-07-18,STR004,PRD002,6,990.00
2026-07-18,STR004,PRD003,4,980.00
2026-07-18,STR004,PRD004,2,120.00
2026-07-18,STR004,PRD005,6,2280.00
2026-07-18,STR004,PRD006,6,1050.00
2026-07-18,STR004,PRD007,4,112.00
2026-07-18,STR004,PRD008,6,312.00
2026-07-18,STR004,PRD009,4,180.00
2026-07-18,STR004,PRD010,4,152.00
2026-07-18,STR004,PRD011,6,660.00
2026-07-18,STR004,PRD012,5,1100.00
2026-07-18,STR004,PRD013,5,325.00
2026-07-18,STR004,PRD014,5,200.00
2026-07-18,STR004,PRD015,6,120.00
2026-07-18,STR004,PRD016,5,1450.00
2026-07-18,STR004,PRD017,17,850.00
2026-07-18,STR004,PRD018,6,750.00
2026-07-18,STR004,PRD019,1,195.00
2026-07-18,STR004,PRD020,4,140.00
2026-07-18,STR004,PRD021,5,225.00
2026-07-18,STR004,PRD022,8,2240.00
2026-07-18,STR004,PRD023,4,1280.00
2026-07-18,STR004,PRD024,6,900.00
2026-07-18,STR004,PRD025,5,300.00
2026-07-18,STR004,PRD026,5,375.00
2026-07-18,STR004,PRD027,5,200.00
2026-07-18,STR004,PRD028,2,60.00
2026-07-18,STR004,PRD029,8,1920.00
2026-07-18,STR004,PRD030,2,370.00
2026-07-18,STR004,PRD031,7,665.00
2026-07-18,STR004,PRD032,6,720.00
2026-07-18,STR004,PRD033,5,425.00
2026-07-18,STR004,PRD034,9,2340.00
2026-07-18,STR004,PRD035,4,1680.00
2026-07-18,STR004,PRD036,6,1260.00
2026-07-18,STR004,PRD037,9,1791.00
2026-07-18,STR004,PRD038,6,690.00
2026-07-18,STR004,PRD039,3,540.00
2026-07-18,STR004,PRD040,1,145.00
2026-07-18,STR004,PRD041,2,196.00
2026-07-18,STR004,PRD042,7,910.00
2026-07-18,STR004,PRD043,1,210.00
2026-07-18,STR004,PRD044,4,440.00
2026-07-18,STR004,PRD045,8,1400.00
2026-07-18,STR004,PRD046,5,800.00
2026-07-18,STR004,PRD047,8,448.00
2026-07-18,STR004,PRD048,7,490.00
2026-07-18,STR004,PRD049,3,174.00
2026-07-18,STR004,PRD050,6,570.00
2026-07-18,STR004,PRD051,8,720.00
2026-07-18,STR004,PRD052,7,980.00
2026-07-18,STR004,PRD053,7,3150.00
2026-07-18,STR004,PRD054,6,3900.00
2026-07-18,STR004,PRD055,5,1950.00
2026-07-19,STR001,PRD001,10,5500.00
2026-07-19,STR001,PRD002,12,1980.00
2026-07-19,STR001,PRD003,4,980.00
2026-07-19,STR001,PRD004,11,660.00
2026-07-19,STR001,PRD005,5,1900.00
2026-07-19,STR001,PRD006,4,700.00
2026-07-19,STR001,PRD007,6,168.00
2026-07-19,STR001,PRD008,5,260.00
2026-07-19,STR001,PRD009,4,180.00
2026-07-19,STR001,PRD010,5,190.00
2026-07-19,STR001,PRD011,3,330.00
2026-07-19,STR001,PRD012,7,1540.00
2026-07-19,STR001,PRD013,4,260.00
2026-07-19,STR001,PRD014,6,240.00
2026-07-19,STR001,PRD015,8,160.00
2026-07-19,STR001,PRD016,5,1450.00
2026-07-19,STR001,PRD017,4,200.00
2026-07-19,STR001,PRD018,4,500.00
2026-07-19,STR001,PRD019,6,1170.00
2026-07-19,STR001,PRD020,3,105.00
2026-07-19,STR001,PRD021,8,360.00
2026-07-19,STR001,PRD022,4,1120.00
2026-07-19,STR001,PRD023,3,960.00
2026-07-19,STR001,PRD024,3,450.00
2026-07-19,STR001,PRD025,5,300.00
2026-07-19,STR001,PRD026,6,450.00
2026-07-19,STR001,PRD027,2,80.00
2026-07-19,STR001,PRD028,3,90.00
2026-07-19,STR001,PRD029,4,960.00
2026-07-19,STR001,PRD030,4,740.00
2026-07-19,STR001,PRD031,6,570.00
2026-07-19,STR001,PRD032,5,600.00
2026-07-19,STR001,PRD033,5,425.00
2026-07-19,STR001,PRD034,5,1300.00
2026-07-19,STR001,PRD035,4,1680.00
2026-07-19,STR001,PRD036,4,840.00
2026-07-19,STR001,PRD037,8,1592.00
2026-07-19,STR001,PRD039,4,720.00
2026-07-19,STR001,PRD040,5,725.00
2026-07-19,STR001,PRD041,8,784.00
2026-07-19,STR001,PRD042,3,390.00
2026-07-19,STR001,PRD043,4,840.00
2026-07-19,STR001,PRD044,2,220.00
2026-07-19,STR001,PRD045,5,875.00
2026-07-19,STR001,PRD046,4,640.00
2026-07-19,STR001,PRD047,2,112.00
2026-07-19,STR001,PRD048,5,350.00
2026-07-19,STR001,PRD049,8,464.00
2026-07-19,STR001,PRD050,4,380.00
2026-07-19,STR001,PRD052,4,560.00
2026-07-19,STR001,PRD054,5,3250.00
2026-07-19,STR001,PRD055,6,2340.00
2026-07-19,STR002,PRD001,4,2200.00
2026-07-19,STR002,PRD002,4,660.00
2026-07-19,STR002,PRD003,5,1225.00
2026-07-19,STR002,PRD004,4,240.00
2026-07-19,STR002,PRD005,3,1140.00
2026-07-19,STR002,PRD006,9,1575.00
2026-07-19,STR002,PRD007,8,224.00
2026-07-19,STR002,PRD008,3,156.00
2026-07-19,STR002,PRD009,7,315.00
2026-07-19,STR002,PRD010,6,228.00
2026-07-19,STR002,PRD011,8,880.00
2026-07-19,STR002,PRD012,6,1320.00
2026-07-19,STR002,PRD013,2,130.00
2026-07-19,STR002,PRD014,5,200.00
2026-07-19,STR002,PRD015,3,60.00
2026-07-19,STR002,PRD016,4,1160.00
2026-07-19,STR002,PRD017,7,350.00
2026-07-19,STR002,PRD018,6,750.00
2026-07-19,STR002,PRD019,6,1170.00
2026-07-19,STR002,PRD020,9,315.00
2026-07-19,STR002,PRD021,9,405.00
2026-07-19,STR002,PRD022,13,3640.00
2026-07-19,STR002,PRD023,4,1280.00
2026-07-19,STR002,PRD024,5,750.00
2026-07-19,STR002,PRD025,4,240.00
2026-07-19,STR002,PRD026,4,300.00
2026-07-19,STR002,PRD027,5,200.00
2026-07-19,STR002,PRD028,3,90.00
2026-07-19,STR002,PRD029,8,1920.00
2026-07-19,STR002,PRD030,4,740.00
2026-07-19,STR002,PRD031,5,475.00
2026-07-19,STR002,PRD032,6,720.00
2026-07-19,STR002,PRD034,2,520.00
2026-07-19,STR002,PRD035,5,2100.00
2026-07-19,STR002,PRD036,4,840.00
2026-07-19,STR002,PRD037,5,995.00
2026-07-19,STR002,PRD038,6,690.00
2026-07-19,STR002,PRD039,3,540.00
2026-07-19,STR002,PRD040,3,435.00
2026-07-19,STR002,PRD041,4,392.00
2026-07-19,STR002,PRD042,6,780.00
2026-07-19,STR002,PRD044,9,990.00
2026-07-19,STR002,PRD045,5,875.00
2026-07-19,STR002,PRD046,1,160.00
2026-07-19,STR002,PRD047,5,280.00
2026-07-19,STR002,PRD048,10,700.00
2026-07-19,STR002,PRD049,6,348.00
2026-07-19,STR002,PRD050,3,285.00
2026-07-19,STR002,PRD051,7,630.00
2026-07-19,STR002,PRD053,6,2700.00
2026-07-19,STR002,PRD054,3,1950.00
2026-07-19,STR002,PRD055,9,3510.00
2026-07-19,STR003,PRD001,6,3300.00
2026-07-19,STR003,PRD002,2,330.00
2026-07-19,STR003,PRD003,7,1715.00
2026-07-19,STR003,PRD004,2,120.00
2026-07-19,STR003,PRD005,8,3040.00
2026-07-19,STR003,PRD006,7,1225.00
2026-07-19,STR003,PRD007,2,56.00
2026-07-19,STR003,PRD008,4,208.00
2026-07-19,STR003,PRD009,3,135.00
2026-07-19,STR003,PRD010,2,76.00
2026-07-19,STR003,PRD011,5,550.00
2026-07-19,STR003,PRD012,5,1100.00
2026-07-19,STR003,PRD013,4,260.00
2026-07-19,STR003,PRD014,5,200.00
2026-07-19,STR003,PRD015,2,40.00
2026-07-19,STR003,PRD016,6,1740.00
2026-07-19,STR003,PRD017,1,50.00
2026-07-19,STR003,PRD018,2,250.00
2026-07-19,STR003,PRD019,5,975.00
2026-07-19,STR003,PRD020,8,280.00
2026-07-19,STR003,PRD021,4,180.00
2026-07-19,STR003,PRD024,6,900.00
2026-07-19,STR003,PRD025,4,240.00
2026-07-19,STR003,PRD026,7,525.00
2026-07-19,STR003,PRD027,4,160.00
2026-07-19,STR003,PRD028,5,150.00
2026-07-19,STR003,PRD029,6,1440.00
2026-07-19,STR003,PRD030,4,740.00
2026-07-19,STR003,PRD031,8,760.00
2026-07-19,STR003,PRD032,4,480.00
2026-07-19,STR003,PRD033,3,255.00
2026-07-19,STR003,PRD034,4,1040.00
2026-07-19,STR003,PRD036,4,840.00
2026-07-19,STR003,PRD037,7,1393.00
2026-07-19,STR003,PRD038,4,460.00
2026-07-19,STR003,PRD039,2,360.00
2026-07-19,STR003,PRD040,2,290.00
2026-07-19,STR003,PRD041,5,490.00
2026-07-19,STR003,PRD042,8,1040.00
2026-07-19,STR003,PRD043,5,1050.00
2026-07-19,STR003,PRD044,3,330.00
2026-07-19,STR003,PRD045,5,875.00
2026-07-19,STR003,PRD046,5,800.00
2026-07-19,STR003,PRD047,3,168.00
2026-07-19,STR003,PRD048,3,210.00
2026-07-19,STR003,PRD049,3,174.00
2026-07-19,STR003,PRD050,2,190.00
2026-07-19,STR003,PRD051,2,180.00
2026-07-19,STR003,PRD052,7,980.00
2026-07-19,STR003,PRD053,5,2250.00
2026-07-19,STR003,PRD054,6,3900.00
2026-07-19,STR003,PRD055,6,2340.00
2026-07-19,STR004,PRD001,2,1100.00
2026-07-19,STR004,PRD002,3,495.00
2026-07-19,STR004,PRD003,7,1715.00
2026-07-19,STR004,PRD004,2,120.00
2026-07-19,STR004,PRD005,5,1900.00
2026-07-19,STR004,PRD006,6,1050.00
2026-07-19,STR004,PRD007,3,84.00
2026-07-19,STR004,PRD008,4,208.00
2026-07-19,STR004,PRD009,4,180.00
2026-07-19,STR004,PRD010,6,228.00
2026-07-19,STR004,PRD011,4,440.00
2026-07-19,STR004,PRD012,1,220.00
2026-07-19,STR004,PRD013,7,455.00
2026-07-19,STR004,PRD014,5,200.00
2026-07-19,STR004,PRD015,3,60.00
2026-07-19,STR004,PRD016,6,1740.00
2026-07-19,STR004,PRD017,13,650.00
2026-07-19,STR004,PRD018,5,625.00
2026-07-19,STR004,PRD020,4,140.00
2026-07-19,STR004,PRD021,5,225.00
2026-07-19,STR004,PRD022,8,2240.00
2026-07-19,STR004,PRD023,4,1280.00
2026-07-19,STR004,PRD024,6,900.00
2026-07-19,STR004,PRD025,4,240.00
2026-07-19,STR004,PRD026,6,450.00
2026-07-19,STR004,PRD027,3,120.00
2026-07-19,STR004,PRD028,4,120.00
2026-07-19,STR004,PRD029,9,2160.00
2026-07-19,STR004,PRD030,4,740.00
2026-07-19,STR004,PRD031,6,570.00
2026-07-19,STR004,PRD032,3,360.00
2026-07-19,STR004,PRD033,3,255.00
2026-07-19,STR004,PRD034,8,2080.00
2026-07-19,STR004,PRD035,6,2520.00
2026-07-19,STR004,PRD036,7,1470.00
2026-07-19,STR004,PRD037,5,995.00
2026-07-19,STR004,PRD038,4,460.00
2026-07-19,STR004,PRD039,3,540.00
2026-07-19,STR004,PRD041,4,392.00
2026-07-19,STR004,PRD042,4,520.00
2026-07-19,STR004,PRD043,4,840.00
2026-07-19,STR004,PRD044,6,660.00
2026-07-19,STR004,PRD045,8,1400.00
2026-07-19,STR004,PRD046,2,320.00
2026-07-19,STR004,PRD047,4,224.00
2026-07-19,STR004,PRD048,7,490.00
2026-07-19,STR004,PRD049,6,348.00
2026-07-19,STR004,PRD050,7,665.00
2026-07-19,STR004,PRD051,6,540.00
2026-07-19,STR004,PRD052,3,420.00
2026-07-19,STR004,PRD053,6,2700.00
2026-07-19,STR004,PRD054,3,1950.00
2026-07-19,STR004,PRD055,3,1170.00
2026-07-20,STR001,PRD001,10,5500.00
2026-07-20,STR001,PRD002,10,1650.00
2026-07-20,STR001,PRD003,4,980.00
2026-07-20,STR001,PRD004,13,780.00
2026-07-20,STR001,PRD005,7,2660.00
2026-07-20,STR001,PRD006,7,1225.00
2026-07-20,STR001,PRD007,8,224.00
2026-07-20,STR001,PRD008,5,260.00
2026-07-20,STR001,PRD009,5,225.00
2026-07-20,STR001,PRD010,2,76.00
2026-07-20,STR001,PRD011,4,440.00
2026-07-20,STR001,PRD012,6,1320.00
2026-07-20,STR001,PRD013,4,260.00
2026-07-20,STR001,PRD014,6,240.00
2026-07-20,STR001,PRD015,7,140.00
2026-07-20,STR001,PRD016,7,2030.00
2026-07-20,STR001,PRD017,6,300.00
2026-07-20,STR001,PRD018,6,750.00
2026-07-20,STR001,PRD019,8,1560.00
2026-07-20,STR001,PRD020,5,175.00
2026-07-20,STR001,PRD021,5,225.00
2026-07-20,STR001,PRD022,7,1960.00
2026-07-20,STR001,PRD023,2,640.00
2026-07-20,STR001,PRD024,6,900.00
2026-07-20,STR001,PRD025,8,480.00
2026-07-20,STR001,PRD026,6,450.00
2026-07-20,STR001,PRD027,5,200.00
2026-07-20,STR001,PRD028,2,60.00
2026-07-20,STR001,PRD029,4,960.00
2026-07-20,STR001,PRD030,4,740.00
2026-07-20,STR001,PRD031,6,570.00
2026-07-20,STR001,PRD032,4,480.00
2026-07-20,STR001,PRD033,4,340.00
2026-07-20,STR001,PRD034,5,1300.00
2026-07-20,STR001,PRD035,5,2100.00
2026-07-20,STR001,PRD036,7,1470.00
2026-07-20,STR001,PRD037,7,1393.00
2026-07-20,STR001,PRD039,4,720.00
2026-07-20,STR001,PRD040,3,435.00
2026-07-20,STR001,PRD041,6,588.00
2026-07-20,STR001,PRD042,3,390.00
2026-07-20,STR001,PRD043,3,630.00
2026-07-20,STR001,PRD044,4,440.00
2026-07-20,STR001,PRD045,4,700.00
2026-07-20,STR001,PRD046,3,480.00
2026-07-20,STR001,PRD047,5,280.00
2026-07-20,STR001,PRD048,5,350.00
2026-07-20,STR001,PRD049,5,290.00
2026-07-20,STR001,PRD050,3,285.00
2026-07-20,STR001,PRD052,3,420.00
2026-07-20,STR001,PRD053,1,450.00
2026-07-20,STR001,PRD054,6,3900.00
2026-07-20,STR001,PRD055,4,1560.00
2026-07-20,STR002,PRD001,4,2200.00
2026-07-20,STR002,PRD002,5,825.00
2026-07-20,STR002,PRD003,4,980.00
2026-07-20,STR002,PRD004,5,300.00
2026-07-20,STR002,PRD005,5,1900.00
2026-07-20,STR002,PRD006,5,875.00
2026-07-20,STR002,PRD007,4,112.00
2026-07-20,STR002,PRD008,7,364.00
2026-07-20,STR002,PRD009,4,180.00
2026-07-20,STR002,PRD010,7,266.00
2026-07-20,STR002,PRD011,8,880.00
2026-07-20,STR002,PRD012,3,660.00
2026-07-20,STR002,PRD013,1,65.00
2026-07-20,STR002,PRD014,3,120.00
2026-07-20,STR002,PRD015,4,80.00
2026-07-20,STR002,PRD016,3,870.00
2026-07-20,STR002,PRD017,5,250.00
2026-07-20,STR002,PRD018,6,750.00
2026-07-20,STR002,PRD019,2,390.00
2026-07-20,STR002,PRD020,6,210.00
2026-07-20,STR002,PRD021,12,540.00
2026-07-20,STR002,PRD022,13,3640.00
2026-07-20,STR002,PRD023,4,1280.00
2026-07-20,STR002,PRD024,3,450.00
2026-07-20,STR002,PRD025,5,300.00
2026-07-20,STR002,PRD026,4,300.00
2026-07-20,STR002,PRD027,6,240.00
2026-07-20,STR002,PRD028,5,150.00
2026-07-20,STR002,PRD029,8,1920.00
2026-07-20,STR002,PRD030,6,1110.00
2026-07-20,STR002,PRD031,4,380.00
2026-07-20,STR002,PRD032,8,960.00
2026-07-20,STR002,PRD034,3,780.00
2026-07-20,STR002,PRD035,1,420.00
2026-07-20,STR002,PRD036,2,420.00
2026-07-20,STR002,PRD037,4,796.00
2026-07-20,STR002,PRD038,4,460.00
2026-07-20,STR002,PRD039,7,1260.00
2026-07-20,STR002,PRD040,2,290.00
2026-07-20,STR002,PRD041,7,686.00
2026-07-20,STR002,PRD042,6,780.00
2026-07-20,STR002,PRD043,1,210.00
2026-07-20,STR002,PRD044,8,880.00
2026-07-20,STR002,PRD045,7,1225.00
2026-07-20,STR002,PRD046,5,800.00
2026-07-20,STR002,PRD047,6,336.00
2026-07-20,STR002,PRD048,14,980.00
2026-07-20,STR002,PRD049,7,406.00
2026-07-20,STR002,PRD050,4,380.00
2026-07-20,STR002,PRD051,5,450.00
2026-07-20,STR002,PRD053,6,2700.00
2026-07-20,STR002,PRD054,4,2600.00
2026-07-20,STR002,PRD055,7,2730.00
2026-07-20,STR003,PRD001,4,2200.00
2026-07-20,STR003,PRD002,6,990.00
2026-07-20,STR003,PRD003,6,1470.00
2026-07-20,STR003,PRD004,3,180.00
2026-07-20,STR003,PRD005,6,2280.00
2026-07-20,STR003,PRD006,7,1225.00
2026-07-20,STR003,PRD007,6,168.00
2026-07-20,STR003,PRD008,4,208.00
2026-07-20,STR003,PRD009,4,180.00
2026-07-20,STR003,PRD010,5,190.00
2026-07-20,STR003,PRD011,5,550.00
2026-07-20,STR003,PRD012,8,1760.00
2026-07-20,STR003,PRD013,8,520.00
2026-07-20,STR003,PRD014,3,120.00
2026-07-20,STR003,PRD015,4,80.00
2026-07-20,STR003,PRD016,5,1450.00
2026-07-20,STR003,PRD017,3,150.00
2026-07-20,STR003,PRD018,5,625.00
2026-07-20,STR003,PRD019,8,1560.00
2026-07-20,STR003,PRD020,5,175.00
2026-07-20,STR003,PRD021,2,90.00
2026-07-20,STR003,PRD022,2,560.00
2026-07-20,STR003,PRD023,2,640.00
2026-07-20,STR003,PRD024,6,900.00
2026-07-20,STR003,PRD025,3,180.00
2026-07-20,STR003,PRD026,3,225.00
2026-07-20,STR003,PRD027,1,40.00
2026-07-20,STR003,PRD028,4,120.00
2026-07-20,STR003,PRD029,6,1440.00
2026-07-20,STR003,PRD030,6,1110.00
2026-07-20,STR003,PRD031,8,760.00
2026-07-20,STR003,PRD032,3,360.00
2026-07-20,STR003,PRD033,3,255.00
2026-07-20,STR003,PRD034,6,1560.00
2026-07-20,STR003,PRD036,2,420.00
2026-07-20,STR003,PRD037,3,597.00
2026-07-20,STR003,PRD038,5,575.00
2026-07-20,STR003,PRD039,6,1080.00
2026-07-20,STR003,PRD040,2,290.00
2026-07-20,STR003,PRD041,7,686.00
2026-07-20,STR003,PRD042,5,650.00
2026-07-20,STR003,PRD043,7,1470.00
2026-07-20,STR003,PRD044,4,440.00
2026-07-20,STR003,PRD045,1,175.00
2026-07-20,STR003,PRD046,3,480.00
2026-07-20,STR003,PRD047,4,224.00
2026-07-20,STR003,PRD048,3,210.00
2026-07-20,STR003,PRD049,6,348.00
2026-07-20,STR003,PRD050,6,570.00
2026-07-20,STR003,PRD051,1,90.00
2026-07-20,STR003,PRD052,8,1120.00
2026-07-20,STR003,PRD053,5,2250.00
2026-07-20,STR003,PRD054,5,3250.00
2026-07-20,STR003,PRD055,4,1560.00
2026-07-20,STR004,PRD001,2,1100.00
2026-07-20,STR004,PRD002,2,330.00
2026-07-20,STR004,PRD003,6,1470.00
2026-07-20,STR004,PRD004,2,120.00
2026-07-20,STR004,PRD005,4,1520.00
2026-07-20,STR004,PRD006,7,1225.00
2026-07-20,STR004,PRD007,6,168.00
2026-07-20,STR004,PRD008,7,364.00
2026-07-20,STR004,PRD009,5,225.00
2026-07-20,STR004,PRD010,6,228.00
2026-07-20,STR004,PRD011,5,550.00
2026-07-20,STR004,PRD012,3,660.00
2026-07-20,STR004,PRD013,4,260.00
2026-07-20,STR004,PRD014,3,120.00
2026-07-20,STR004,PRD015,5,100.00
2026-07-20,STR004,PRD016,7,2030.00
2026-07-20,STR004,PRD017,17,850.00
2026-07-20,STR004,PRD018,5,625.00
2026-07-20,STR004,PRD020,4,140.00
2026-07-20,STR004,PRD021,2,90.00
2026-07-20,STR004,PRD022,8,2240.00
2026-07-20,STR004,PRD023,5,1600.00
2026-07-20,STR004,PRD024,5,750.00
2026-07-20,STR004,PRD025,7,420.00
2026-07-20,STR004,PRD026,3,225.00
2026-07-20,STR004,PRD027,4,160.00
2026-07-20,STR004,PRD028,3,90.00
2026-07-20,STR004,PRD029,6,1440.00
2026-07-20,STR004,PRD030,5,925.00
2026-07-20,STR004,PRD031,4,380.00
2026-07-20,STR004,PRD032,3,360.00
2026-07-20,STR004,PRD033,2,170.00
2026-07-20,STR004,PRD034,6,1560.00
2026-07-20,STR004,PRD035,5,2100.00
2026-07-20,STR004,PRD036,6,1260.00
2026-07-20,STR004,PRD037,9,1791.00
2026-07-20,STR004,PRD038,8,920.00
2026-07-20,STR004,PRD039,6,1080.00
2026-07-20,STR004,PRD040,3,435.00
2026-07-20,STR004,PRD041,4,392.00
2026-07-20,STR004,PRD042,6,780.00
2026-07-20,STR004,PRD043,2,420.00
2026-07-20,STR004,PRD044,5,550.00
2026-07-20,STR004,PRD045,7,1225.00
2026-07-20,STR004,PRD046,4,640.00
2026-07-20,STR004,PRD047,8,448.00
2026-07-20,STR004,PRD048,6,420.00
2026-07-20,STR004,PRD049,3,174.00
2026-07-20,STR004,PRD050,8,760.00
2026-07-20,STR004,PRD051,6,540.00
2026-07-20,STR004,PRD052,4,560.00
2026-07-20,STR004,PRD053,8,3600.00
2026-07-20,STR004,PRD054,6,3900.00
2026-07-20,STR004,PRD055,2,780.00
2026-07-21,STR001,PRD001,8,4400.00
2026-07-21,STR001,PRD002,12,1980.00
2026-07-21,STR001,PRD003,5,1225.00
2026-07-21,STR001,PRD004,10,600.00
2026-07-21,STR001,PRD005,4,1520.00
2026-07-21,STR001,PRD006,5,875.00
2026-07-21,STR001,PRD007,7,196.00
2026-07-21,STR001,PRD008,5,260.00
2026-07-21,STR001,PRD009,3,135.00
2026-07-21,STR001,PRD010,4,152.00
2026-07-21,STR001,PRD011,3,330.00
2026-07-21,STR001,PRD012,6,1320.00
2026-07-21,STR001,PRD013,3,195.00
2026-07-21,STR001,PRD014,3,120.00
2026-07-21,STR001,PRD015,6,120.00
2026-07-21,STR001,PRD016,4,1160.00
2026-07-21,STR001,PRD017,2,100.00
2026-07-21,STR001,PRD018,5,625.00
2026-07-21,STR001,PRD019,8,1560.00
2026-07-21,STR001,PRD020,3,105.00
2026-07-21,STR001,PRD021,6,270.00
2026-07-21,STR001,PRD022,4,1120.00
2026-07-21,STR001,PRD023,2,640.00
2026-07-21,STR001,PRD024,3,450.00
2026-07-21,STR001,PRD025,8,480.00
2026-07-21,STR001,PRD026,4,300.00
2026-07-21,STR001,PRD027,4,160.00
2026-07-21,STR001,PRD028,3,90.00
2026-07-21,STR001,PRD029,7,1680.00
2026-07-21,STR001,PRD030,4,740.00
2026-07-21,STR001,PRD031,4,380.00
2026-07-21,STR001,PRD032,8,960.00
2026-07-21,STR001,PRD033,6,510.00
2026-07-21,STR001,PRD034,5,1300.00
2026-07-21,STR001,PRD035,5,2100.00
2026-07-21,STR001,PRD036,5,1050.00
2026-07-21,STR001,PRD037,7,1393.00
2026-07-21,STR001,PRD038,2,230.00
2026-07-21,STR001,PRD039,8,1440.00
2026-07-21,STR001,PRD040,4,580.00
2026-07-21,STR001,PRD041,7,686.00
2026-07-21,STR001,PRD042,3,390.00
2026-07-21,STR001,PRD043,6,1260.00
2026-07-21,STR001,PRD044,6,660.00
2026-07-21,STR001,PRD045,3,525.00
2026-07-21,STR001,PRD046,4,640.00
2026-07-21,STR001,PRD047,1,56.00
2026-07-21,STR001,PRD048,5,350.00
2026-07-21,STR001,PRD049,8,464.00
2026-07-21,STR001,PRD050,5,475.00
2026-07-21,STR001,PRD052,4,560.00
2026-07-21,STR001,PRD054,5,3250.00
2026-07-21,STR001,PRD055,8,3120.00
2026-07-21,STR002,PRD001,3,1650.00
2026-07-21,STR002,PRD002,3,495.00
2026-07-21,STR002,PRD003,8,1960.00
2026-07-21,STR002,PRD004,2,120.00
2026-07-21,STR002,PRD005,4,1520.00
2026-07-21,STR002,PRD006,5,875.00
2026-07-21,STR002,PRD007,6,168.00
2026-07-21,STR002,PRD008,6,312.00
2026-07-21,STR002,PRD009,5,225.00
2026-07-21,STR002,PRD010,8,304.00
2026-07-21,STR002,PRD011,7,770.00
2026-07-21,STR002,PRD012,2,440.00
2026-07-21,STR002,PRD013,2,130.00
2026-07-21,STR002,PRD014,5,200.00
2026-07-21,STR002,PRD015,5,100.00
2026-07-21,STR002,PRD016,2,580.00
2026-07-21,STR002,PRD017,7,350.00
2026-07-21,STR002,PRD018,8,1000.00
2026-07-21,STR002,PRD019,5,975.00
2026-07-21,STR002,PRD020,10,350.00
2026-07-21,STR002,PRD021,11,495.00
2026-07-21,STR002,PRD022,10,2800.00
2026-07-21,STR002,PRD023,3,960.00
2026-07-21,STR002,PRD024,3,450.00
2026-07-21,STR002,PRD025,2,120.00
2026-07-21,STR002,PRD026,6,450.00
2026-07-21,STR002,PRD027,5,200.00
2026-07-21,STR002,PRD028,4,120.00
2026-07-21,STR002,PRD029,8,1920.00
2026-07-21,STR002,PRD030,5,925.00
2026-07-21,STR002,PRD031,2,190.00
2026-07-21,STR002,PRD032,7,840.00
2026-07-21,STR002,PRD033,2,170.00
2026-07-21,STR002,PRD034,5,1300.00
2026-07-21,STR002,PRD035,4,1680.00
2026-07-21,STR002,PRD036,2,420.00
2026-07-21,STR002,PRD037,7,1393.00
2026-07-21,STR002,PRD038,4,460.00
2026-07-21,STR002,PRD039,5,900.00
2026-07-21,STR002,PRD040,4,580.00
2026-07-21,STR002,PRD041,3,294.00
2026-07-21,STR002,PRD042,9,1170.00
2026-07-21,STR002,PRD044,8,880.00
2026-07-21,STR002,PRD045,5,875.00
2026-07-21,STR002,PRD046,2,320.00
2026-07-21,STR002,PRD047,6,336.00
2026-07-21,STR002,PRD048,14,980.00
2026-07-21,STR002,PRD049,3,174.00
2026-07-21,STR002,PRD050,6,570.00
2026-07-21,STR002,PRD051,7,630.00
2026-07-21,STR002,PRD053,3,1350.00
2026-07-21,STR002,PRD054,5,3250.00
2026-07-21,STR002,PRD055,8,3120.00
2026-07-21,STR003,PRD001,8,4400.00
2026-07-21,STR003,PRD002,3,495.00
2026-07-21,STR003,PRD003,3,735.00
2026-07-21,STR003,PRD004,3,180.00
2026-07-21,STR003,PRD005,5,1900.00
2026-07-21,STR003,PRD006,7,1225.00
2026-07-21,STR003,PRD007,4,112.00
2026-07-21,STR003,PRD008,6,312.00
2026-07-21,STR003,PRD009,4,180.00
2026-07-21,STR003,PRD010,2,76.00
2026-07-21,STR003,PRD011,5,550.00
2026-07-21,STR003,PRD012,4,880.00
2026-07-21,STR003,PRD013,6,390.00
2026-07-21,STR003,PRD014,6,240.00
2026-07-21,STR003,PRD015,1,20.00
2026-07-21,STR003,PRD016,4,1160.00
2026-07-21,STR003,PRD017,4,200.00
2026-07-21,STR003,PRD018,5,625.00
2026-07-21,STR003,PRD019,9,1755.00
2026-07-21,STR003,PRD020,5,175.00
2026-07-21,STR003,PRD021,4,180.00
2026-07-21,STR003,PRD022,1,280.00
2026-07-21,STR003,PRD024,5,750.00
2026-07-21,STR003,PRD025,4,240.00
2026-07-21,STR003,PRD026,5,375.00
2026-07-21,STR003,PRD027,3,120.00
2026-07-21,STR003,PRD028,5,150.00
2026-07-21,STR003,PRD029,5,1200.00
2026-07-21,STR003,PRD030,4,740.00
2026-07-21,STR003,PRD031,8,760.00
2026-07-21,STR003,PRD032,6,720.00
2026-07-21,STR003,PRD033,5,425.00
2026-07-21,STR003,PRD034,8,2080.00
2026-07-21,STR003,PRD036,3,630.00
2026-07-21,STR003,PRD037,6,1194.00
2026-07-21,STR003,PRD038,6,690.00
2026-07-21,STR003,PRD039,6,1080.00
2026-07-21,STR003,PRD040,5,725.00
2026-07-21,STR003,PRD041,5,490.00
2026-07-21,STR003,PRD042,8,1040.00
2026-07-21,STR003,PRD043,7,1470.00
2026-07-21,STR003,PRD044,4,440.00
2026-07-21,STR003,PRD045,1,175.00
2026-07-21,STR003,PRD046,6,960.00
2026-07-21,STR003,PRD047,6,336.00
2026-07-21,STR003,PRD048,4,280.00
2026-07-21,STR003,PRD049,4,232.00
2026-07-21,STR003,PRD050,4,380.00
2026-07-21,STR003,PRD051,1,90.00
2026-07-21,STR003,PRD052,5,700.00
2026-07-21,STR003,PRD053,5,2250.00
2026-07-21,STR003,PRD054,6,3900.00
2026-07-21,STR003,PRD055,7,2730.00
2026-07-21,STR004,PRD001,2,1100.00
2026-07-21,STR004,PRD002,2,330.00
2026-07-21,STR004,PRD003,7,1715.00
2026-07-21,STR004,PRD004,4,240.00
2026-07-21,STR004,PRD005,6,2280.00
2026-07-21,STR004,PRD006,5,875.00
2026-07-21,STR004,PRD007,6,168.00
2026-07-21,STR004,PRD008,4,208.00
2026-07-21,STR004,PRD009,7,315.00
2026-07-21,STR004,PRD010,8,304.00
2026-07-21,STR004,PRD011,2,220.00
2026-07-21,STR004,PRD012,1,220.00
2026-07-21,STR004,PRD013,4,260.00
2026-07-21,STR004,PRD014,4,160.00
2026-07-21,STR004,PRD015,6,120.00
2026-07-21,STR004,PRD016,8,2320.00
2026-07-21,STR004,PRD017,14,700.00
2026-07-21,STR004,PRD018,9,1125.00
2026-07-21,STR004,PRD020,5,175.00
2026-07-21,STR004,PRD021,3,135.00
2026-07-21,STR004,PRD022,5,1400.00
2026-07-21,STR004,PRD023,6,1920.00
2026-07-21,STR004,PRD024,2,300.00
2026-07-21,STR004,PRD025,5,300.00
2026-07-21,STR004,PRD026,5,375.00
2026-07-21,STR004,PRD027,2,80.00
2026-07-21,STR004,PRD028,4,120.00
2026-07-21,STR004,PRD029,7,1680.00
2026-07-21,STR004,PRD030,6,1110.00
2026-07-21,STR004,PRD031,4,380.00
2026-07-21,STR004,PRD032,6,720.00
2026-07-21,STR004,PRD033,4,340.00
2026-07-21,STR004,PRD034,8,2080.00
2026-07-21,STR004,PRD035,7,2940.00
2026-07-21,STR004,PRD036,7,1470.00
2026-07-21,STR004,PRD037,7,1393.00
2026-07-21,STR004,PRD038,8,920.00
2026-07-21,STR004,PRD039,5,900.00
2026-07-21,STR004,PRD040,3,435.00
2026-07-21,STR004,PRD041,4,392.00
2026-07-21,STR004,PRD042,3,390.00
2026-07-21,STR004,PRD043,2,420.00
2026-07-21,STR004,PRD044,6,660.00
2026-07-21,STR004,PRD045,8,1400.00
2026-07-21,STR004,PRD046,4,640.00
2026-07-21,STR004,PRD047,5,280.00
2026-07-21,STR004,PRD048,7,490.00
2026-07-21,STR004,PRD049,7,406.00
2026-07-21,STR004,PRD050,6,570.00
2026-07-21,STR004,PRD051,9,810.00
2026-07-21,STR004,PRD052,6,840.00
2026-07-21,STR004,PRD053,7,3150.00
2026-07-21,STR004,PRD054,4,2600.00
2026-07-21,STR004,PRD055,5,1950.00
2026-07-22,STR001,PRD001,8,4400.00
2026-07-22,STR001,PRD002,12,1980.00
2026-07-22,STR001,PRD003,2,490.00
2026-07-22,STR001,PRD004,10,600.00
2026-07-22,STR001,PRD005,4,1520.00
2026-07-22,STR001,PRD006,4,700.00
2026-07-22,STR001,PRD007,5,140.00
2026-07-22,STR001,PRD008,5,260.00
2026-07-22,STR001,PRD009,6,270.00
2026-07-22,STR001,PRD010,1,38.00
2026-07-22,STR001,PRD011,6,660.00
2026-07-22,STR001,PRD012,7,1540.00
2026-07-22,STR001,PRD013,5,325.00
2026-07-22,STR001,PRD014,2,80.00
2026-07-22,STR001,PRD015,7,140.00
2026-07-22,STR001,PRD016,7,2030.00
2026-07-22,STR001,PRD017,6,300.00
2026-07-22,STR001,PRD018,3,375.00
2026-07-22,STR001,PRD019,6,1170.00
2026-07-22,STR001,PRD020,4,140.00
2026-07-22,STR001,PRD021,5,225.00
2026-07-22,STR001,PRD022,5,1400.00
2026-07-22,STR001,PRD023,5,1600.00
2026-07-22,STR001,PRD024,6,900.00
2026-07-22,STR001,PRD025,8,480.00
2026-07-22,STR001,PRD026,2,150.00
2026-07-22,STR001,PRD027,2,80.00
2026-07-22,STR001,PRD028,4,120.00
2026-07-22,STR001,PRD029,4,960.00
2026-07-22,STR001,PRD030,5,925.00
2026-07-22,STR001,PRD031,7,665.00
2026-07-22,STR001,PRD032,7,840.00
2026-07-22,STR001,PRD033,6,510.00
2026-07-22,STR001,PRD034,5,1300.00
2026-07-22,STR001,PRD035,5,2100.00
2026-07-22,STR001,PRD036,4,840.00
2026-07-22,STR001,PRD037,8,1592.00
2026-07-22,STR001,PRD038,1,115.00
2026-07-22,STR001,PRD039,6,1080.00
2026-07-22,STR001,PRD040,5,725.00
2026-07-22,STR001,PRD041,6,588.00
2026-07-22,STR001,PRD042,4,520.00
2026-07-22,STR001,PRD043,3,630.00
2026-07-22,STR001,PRD044,2,220.00
2026-07-22,STR001,PRD045,4,700.00
2026-07-22,STR001,PRD046,2,320.00
2026-07-22,STR001,PRD047,1,56.00
2026-07-22,STR001,PRD048,2,140.00
2026-07-22,STR001,PRD049,5,290.00
2026-07-22,STR001,PRD050,4,380.00
2026-07-22,STR001,PRD052,6,840.00
2026-07-22,STR001,PRD054,9,5850.00
2026-07-22,STR001,PRD055,6,2340.00
2026-07-22,STR002,PRD001,5,2750.00
2026-07-22,STR002,PRD002,3,495.00
2026-07-22,STR002,PRD003,8,1960.00
2026-07-22,STR002,PRD004,5,300.00
2026-07-22,STR002,PRD005,4,1520.00
2026-07-22,STR002,PRD006,9,1575.00
2026-07-22,STR002,PRD007,7,196.00
2026-07-22,STR002,PRD008,4,208.00
2026-07-22,STR002,PRD009,8,360.00
2026-07-22,STR002,PRD010,7,266.00
2026-07-22,STR002,PRD011,4,440.00
2026-07-22,STR002,PRD012,6,1320.00
2026-07-22,STR002,PRD013,4,260.00
2026-07-22,STR002,PRD014,3,120.00
2026-07-22,STR002,PRD015,5,100.00
2026-07-22,STR002,PRD016,3,870.00
2026-07-22,STR002,PRD017,8,400.00
2026-07-22,STR002,PRD018,7,875.00
2026-07-22,STR002,PRD019,6,1170.00
2026-07-22,STR002,PRD020,7,245.00
2026-07-22,STR002,PRD021,11,495.00
2026-07-22,STR002,PRD022,11,3080.00
2026-07-22,STR002,PRD023,3,960.00
2026-07-22,STR002,PRD024,3,450.00
2026-07-22,STR002,PRD025,6,360.00
2026-07-22,STR002,PRD026,3,225.00
2026-07-22,STR002,PRD027,6,240.00
2026-07-22,STR002,PRD028,6,180.00
2026-07-22,STR002,PRD029,7,1680.00
2026-07-22,STR002,PRD030,7,1295.00
2026-07-22,STR002,PRD031,3,285.00
2026-07-22,STR002,PRD032,7,840.00
2026-07-22,STR002,PRD034,1,260.00
2026-07-22,STR002,PRD035,1,420.00
2026-07-22,STR002,PRD036,1,210.00
2026-07-22,STR002,PRD037,7,1393.00
2026-07-22,STR002,PRD038,4,460.00
2026-07-22,STR002,PRD039,7,1260.00
2026-07-22,STR002,PRD040,2,290.00
2026-07-22,STR002,PRD041,3,294.00
2026-07-22,STR002,PRD042,9,1170.00
2026-07-22,STR002,PRD044,5,550.00
2026-07-22,STR002,PRD045,8,1400.00
2026-07-22,STR002,PRD046,4,640.00
2026-07-22,STR002,PRD047,4,224.00
2026-07-22,STR002,PRD048,11,770.00
2026-07-22,STR002,PRD049,6,348.00
2026-07-22,STR002,PRD050,4,380.00
2026-07-22,STR002,PRD051,5,450.00
2026-07-22,STR002,PRD053,4,1800.00
2026-07-22,STR002,PRD054,4,2600.00
2026-07-22,STR002,PRD055,7,2730.00
2026-07-22,STR003,PRD001,6,3300.00
2026-07-22,STR003,PRD002,6,990.00
2026-07-22,STR003,PRD003,4,980.00
2026-07-22,STR003,PRD004,5,300.00
2026-07-22,STR003,PRD005,7,2660.00
2026-07-22,STR003,PRD006,4,700.00
2026-07-22,STR003,PRD007,4,112.00
2026-07-22,STR003,PRD008,4,208.00
2026-07-22,STR003,PRD009,4,180.00
2026-07-22,STR003,PRD010,2,76.00
2026-07-22,STR003,PRD011,8,880.00
2026-07-22,STR003,PRD012,4,880.00
2026-07-22,STR003,PRD013,4,260.00
2026-07-22,STR003,PRD014,6,240.00
2026-07-22,STR003,PRD015,5,100.00
2026-07-22,STR003,PRD016,2,580.00
2026-07-22,STR003,PRD017,1,50.00
2026-07-22,STR003,PRD018,3,375.00
2026-07-22,STR003,PRD019,7,1365.00
2026-07-22,STR003,PRD020,6,210.00
2026-07-22,STR003,PRD021,3,135.00
2026-07-22,STR003,PRD024,8,1200.00
2026-07-22,STR003,PRD025,3,180.00
2026-07-22,STR003,PRD026,4,300.00
2026-07-22,STR003,PRD027,4,160.00
2026-07-22,STR003,PRD028,4,120.00
2026-07-22,STR003,PRD029,7,1680.00
2026-07-22,STR003,PRD030,2,370.00
2026-07-22,STR003,PRD031,8,760.00
2026-07-22,STR003,PRD032,3,360.00
2026-07-22,STR003,PRD033,5,425.00
2026-07-22,STR003,PRD034,4,1040.00
2026-07-22,STR003,PRD036,5,1050.00
2026-07-22,STR003,PRD037,6,1194.00
2026-07-22,STR003,PRD038,6,690.00
2026-07-22,STR003,PRD039,5,900.00
2026-07-22,STR003,PRD040,3,435.00
2026-07-22,STR003,PRD041,6,588.00
2026-07-22,STR003,PRD042,6,780.00
2026-07-22,STR003,PRD043,3,630.00
2026-07-22,STR003,PRD044,4,440.00
2026-07-22,STR003,PRD045,5,875.00
2026-07-22,STR003,PRD046,6,960.00
2026-07-22,STR003,PRD047,2,112.00
2026-07-22,STR003,PRD048,3,210.00
2026-07-22,STR003,PRD049,4,232.00
2026-07-22,STR003,PRD050,4,380.00
2026-07-22,STR003,PRD051,4,360.00
2026-07-22,STR003,PRD052,8,1120.00
2026-07-22,STR003,PRD053,6,2700.00
2026-07-22,STR003,PRD054,9,5850.00
2026-07-22,STR003,PRD055,4,1560.00
2026-07-22,STR004,PRD002,6,990.00
2026-07-22,STR004,PRD003,6,1470.00
2026-07-22,STR004,PRD004,2,120.00
2026-07-22,STR004,PRD005,3,1140.00
2026-07-22,STR004,PRD006,9,1575.00
2026-07-22,STR004,PRD007,3,84.00
2026-07-22,STR004,PRD008,7,364.00
2026-07-22,STR004,PRD009,4,180.00
2026-07-22,STR004,PRD010,8,304.00
2026-07-22,STR004,PRD011,6,660.00
2026-07-22,STR004,PRD012,2,440.00
2026-07-22,STR004,PRD013,4,260.00
2026-07-22,STR004,PRD014,5,200.00
2026-07-22,STR004,PRD015,3,60.00
2026-07-22,STR004,PRD016,5,1450.00
2026-07-22,STR004,PRD017,13,650.00
2026-07-22,STR004,PRD018,7,875.00
2026-07-22,STR004,PRD020,3,105.00
2026-07-22,STR004,PRD021,3,135.00
2026-07-22,STR004,PRD022,6,1680.00
2026-07-22,STR004,PRD023,4,1280.00
2026-07-22,STR004,PRD024,5,750.00
2026-07-22,STR004,PRD025,4,240.00
2026-07-22,STR004,PRD026,3,225.00
2026-07-22,STR004,PRD027,4,160.00
2026-07-22,STR004,PRD028,6,180.00
2026-07-22,STR004,PRD029,7,1680.00
2026-07-22,STR004,PRD030,5,925.00
2026-07-22,STR004,PRD031,7,665.00
2026-07-22,STR004,PRD032,6,720.00
2026-07-22,STR004,PRD033,5,425.00
2026-07-22,STR004,PRD034,8,2080.00
2026-07-22,STR004,PRD035,5,2100.00
2026-07-22,STR004,PRD036,7,1470.00
2026-07-22,STR004,PRD037,6,1194.00
2026-07-22,STR004,PRD038,5,575.00
2026-07-22,STR004,PRD039,4,720.00
2026-07-22,STR004,PRD040,2,290.00
2026-07-22,STR004,PRD041,2,196.00
2026-07-22,STR004,PRD042,7,910.00
2026-07-22,STR004,PRD043,5,1050.00
2026-07-22,STR004,PRD044,5,550.00
2026-07-22,STR004,PRD045,6,1050.00
2026-07-22,STR004,PRD046,3,480.00
2026-07-22,STR004,PRD047,7,392.00
2026-07-22,STR004,PRD048,6,420.00
2026-07-22,STR004,PRD049,6,348.00
2026-07-22,STR004,PRD050,8,760.00
2026-07-22,STR004,PRD051,9,810.00
2026-07-22,STR004,PRD052,5,700.00
2026-07-22,STR004,PRD053,6,2700.00
2026-07-22,STR004,PRD054,6,3900.00
2026-07-22,STR004,PRD055,2,780.00
2026-07-23,STR001,PRD001,10,5500.00
2026-07-23,STR001,PRD002,11,1815.00
2026-07-23,STR001,PRD003,5,1225.00
2026-07-23,STR001,PRD004,11,660.00
2026-07-23,STR001,PRD005,8,3040.00
2026-07-23,STR001,PRD006,6,1050.00
2026-07-23,STR001,PRD007,7,196.00
2026-07-23,STR001,PRD008,1,52.00
2026-07-23,STR001,PRD009,6,270.00
2026-07-23,STR001,PRD010,2,76.00
2026-07-23,STR001,PRD011,3,330.00
2026-07-23,STR001,PRD012,7,1540.00
2026-07-23,STR001,PRD013,3,195.00
2026-07-23,STR001,PRD014,6,240.00
2026-07-23,STR001,PRD015,7,140.00
2026-07-23,STR001,PRD016,5,1450.00
2026-07-23,STR001,PRD017,6,300.00
2026-07-23,STR001,PRD018,7,875.00
2026-07-23,STR001,PRD019,6,1170.00
2026-07-23,STR001,PRD020,4,140.00
2026-07-23,STR001,PRD021,4,180.00
2026-07-23,STR001,PRD022,4,1120.00
2026-07-23,STR001,PRD023,3,960.00
2026-07-23,STR001,PRD024,4,600.00
2026-07-23,STR001,PRD025,8,480.00
2026-07-23,STR001,PRD026,3,225.00
2026-07-23,STR001,PRD027,3,120.00
2026-07-23,STR001,PRD028,2,60.00
2026-07-23,STR001,PRD029,4,960.00
2026-07-23,STR001,PRD030,4,740.00
2026-07-23,STR001,PRD031,6,570.00
2026-07-23,STR001,PRD032,6,720.00
2026-07-23,STR001,PRD033,4,340.00
2026-07-23,STR001,PRD034,7,1820.00
2026-07-23,STR001,PRD035,3,1260.00
2026-07-23,STR001,PRD036,3,630.00
2026-07-23,STR001,PRD037,6,1194.00
2026-07-23,STR001,PRD039,6,1080.00
2026-07-23,STR001,PRD040,4,580.00
2026-07-23,STR001,PRD041,7,686.00
2026-07-23,STR001,PRD042,5,650.00
2026-07-23,STR001,PRD043,4,840.00
2026-07-23,STR001,PRD044,3,330.00
2026-07-23,STR001,PRD045,5,875.00
2026-07-23,STR001,PRD046,2,320.00
2026-07-23,STR001,PRD047,4,224.00
2026-07-23,STR001,PRD048,4,280.00
2026-07-23,STR001,PRD049,8,464.00
2026-07-23,STR001,PRD050,3,285.00
2026-07-23,STR001,PRD052,6,840.00
2026-07-23,STR001,PRD054,9,5850.00
2026-07-23,STR001,PRD055,6,2340.00
2026-07-23,STR002,PRD001,7,3850.00
2026-07-23,STR002,PRD002,2,330.00
2026-07-23,STR002,PRD003,8,1960.00
2026-07-23,STR002,PRD004,5,300.00
2026-07-23,STR002,PRD005,6,2280.00
2026-07-23,STR002,PRD006,7,1225.00
2026-07-23,STR002,PRD007,6,168.00
2026-07-23,STR002,PRD008,4,208.00
2026-07-23,STR002,PRD009,5,225.00
2026-07-23,STR002,PRD010,4,152.00
2026-07-23,STR002,PRD011,7,770.00
2026-07-23,STR002,PRD012,5,1100.00
2026-07-23,STR002,PRD013,1,65.00
2026-07-23,STR002,PRD014,4,160.00
2026-07-23,STR002,PRD015,5,100.00
2026-07-23,STR002,PRD016,2,580.00
2026-07-23,STR002,PRD017,5,250.00
2026-07-23,STR002,PRD018,8,1000.00
2026-07-23,STR002,PRD019,3,585.00
2026-07-23,STR002,PRD020,10,350.00
2026-07-23,STR002,PRD021,10,450.00
2026-07-23,STR002,PRD022,14,3920.00
2026-07-23,STR002,PRD023,6,1920.00
2026-07-23,STR002,PRD024,3,450.00
2026-07-23,STR002,PRD025,6,360.00
2026-07-23,STR002,PRD026,3,225.00
2026-07-23,STR002,PRD027,4,160.00
2026-07-23,STR002,PRD028,3,90.00
2026-07-23,STR002,PRD029,9,2160.00
2026-07-23,STR002,PRD030,3,555.00
2026-07-23,STR002,PRD031,5,475.00
2026-07-23,STR002,PRD032,7,840.00
2026-07-23,STR002,PRD034,4,1040.00
2026-07-23,STR002,PRD035,1,420.00
2026-07-23,STR002,PRD036,5,1050.00
2026-07-23,STR002,PRD037,8,1592.00
2026-07-23,STR002,PRD038,4,460.00
2026-07-23,STR002,PRD039,5,900.00
2026-07-23,STR002,PRD040,1,145.00
2026-07-23,STR002,PRD041,3,294.00
2026-07-23,STR002,PRD042,8,1040.00
2026-07-23,STR002,PRD043,1,210.00
2026-07-23,STR002,PRD044,8,880.00
2026-07-23,STR002,PRD045,6,1050.00
2026-07-23,STR002,PRD046,3,480.00
2026-07-23,STR002,PRD047,6,336.00
2026-07-23,STR002,PRD048,12,840.00
2026-07-23,STR002,PRD049,6,348.00
2026-07-23,STR002,PRD050,2,190.00
2026-07-23,STR002,PRD051,8,720.00
2026-07-23,STR002,PRD053,5,2250.00
2026-07-23,STR002,PRD054,6,3900.00
2026-07-23,STR002,PRD055,9,3510.00
2026-07-23,STR003,PRD001,4,2200.00
2026-07-23,STR003,PRD002,5,825.00
2026-07-23,STR003,PRD003,5,1225.00
2026-07-23,STR003,PRD004,5,300.00
2026-07-23,STR003,PRD005,8,3040.00
2026-07-23,STR003,PRD006,4,700.00
2026-07-23,STR003,PRD007,4,112.00
2026-07-23,STR003,PRD008,8,416.00
2026-07-23,STR003,PRD009,3,135.00
2026-07-23,STR003,PRD010,2,76.00
2026-07-23,STR003,PRD011,5,550.00
2026-07-23,STR003,PRD012,4,880.00
2026-07-23,STR003,PRD013,4,260.00
2026-07-23,STR003,PRD014,4,160.00
2026-07-23,STR003,PRD015,1,20.00
2026-07-23,STR003,PRD016,4,1160.00
2026-07-23,STR003,PRD017,4,200.00
2026-07-23,STR003,PRD018,3,375.00
2026-07-23,STR003,PRD019,6,1170.00
2026-07-23,STR003,PRD020,4,140.00
2026-07-23,STR003,PRD021,3,135.00
2026-07-23,STR003,PRD022,2,560.00
2026-07-23,STR003,PRD023,3,960.00
2026-07-23,STR003,PRD024,5,750.00
2026-07-23,STR003,PRD025,1,60.00
2026-07-23,STR003,PRD026,5,375.00
2026-07-23,STR003,PRD027,1,40.00
2026-07-23,STR003,PRD028,4,120.00
2026-07-23,STR003,PRD029,4,960.00
2026-07-23,STR003,PRD030,4,740.00
2026-07-23,STR003,PRD031,6,570.00
2026-07-23,STR003,PRD032,5,600.00
2026-07-23,STR003,PRD033,4,340.00
2026-07-23,STR003,PRD034,8,2080.00
2026-07-23,STR003,PRD036,5,1050.00
2026-07-23,STR003,PRD037,5,995.00
2026-07-23,STR003,PRD038,5,575.00
2026-07-23,STR003,PRD039,3,540.00
2026-07-23,STR003,PRD040,6,870.00
2026-07-23,STR003,PRD041,8,784.00
2026-07-23,STR003,PRD042,4,520.00
2026-07-23,STR003,PRD043,4,840.00
2026-07-23,STR003,PRD044,5,550.00
2026-07-23,STR003,PRD045,2,350.00
2026-07-23,STR003,PRD046,6,960.00
2026-07-23,STR003,PRD047,5,280.00
2026-07-23,STR003,PRD048,6,420.00
2026-07-23,STR003,PRD049,2,116.00
2026-07-23,STR003,PRD050,6,570.00
2026-07-23,STR003,PRD051,5,450.00
2026-07-23,STR003,PRD052,5,700.00
2026-07-23,STR003,PRD053,6,2700.00
2026-07-23,STR003,PRD054,8,5200.00
2026-07-23,STR003,PRD055,7,2730.00
2026-07-23,STR004,PRD001,2,1100.00
2026-07-23,STR004,PRD002,4,660.00
2026-07-23,STR004,PRD003,7,1715.00
2026-07-23,STR004,PRD004,3,180.00
2026-07-23,STR004,PRD005,2,760.00
2026-07-23,STR004,PRD006,7,1225.00
2026-07-23,STR004,PRD007,5,140.00
2026-07-23,STR004,PRD008,3,156.00
2026-07-23,STR004,PRD009,6,270.00
2026-07-23,STR004,PRD010,8,304.00
2026-07-23,STR004,PRD011,3,330.00
2026-07-23,STR004,PRD012,2,440.00
2026-07-23,STR004,PRD013,3,195.00
2026-07-23,STR004,PRD014,3,120.00
2026-07-23,STR004,PRD015,6,120.00
2026-07-23,STR004,PRD016,4,1160.00
2026-07-23,STR004,PRD017,14,700.00
2026-07-23,STR004,PRD018,5,625.00
2026-07-23,STR004,PRD020,6,210.00
2026-07-23,STR004,PRD021,5,225.00
2026-07-23,STR004,PRD022,5,1400.00
2026-07-23,STR004,PRD023,5,1600.00
2026-07-23,STR004,PRD024,2,300.00
2026-07-23,STR004,PRD025,5,300.00
2026-07-23,STR004,PRD026,4,300.00
2026-07-23,STR004,PRD027,6,240.00
2026-07-23,STR004,PRD028,6,180.00
2026-07-23,STR004,PRD029,9,2160.00
2026-07-23,STR004,PRD030,4,740.00
2026-07-23,STR004,PRD031,6,570.00
2026-07-23,STR004,PRD032,6,720.00
2026-07-23,STR004,PRD033,2,170.00
2026-07-23,STR004,PRD034,9,2340.00
2026-07-23,STR004,PRD035,4,1680.00
2026-07-23,STR004,PRD036,6,1260.00
2026-07-23,STR004,PRD037,6,1194.00
2026-07-23,STR004,PRD038,6,690.00
2026-07-23,STR004,PRD039,5,900.00
2026-07-23,STR004,PRD040,2,290.00
2026-07-23,STR004,PRD041,6,588.00
2026-07-23,STR004,PRD042,7,910.00
2026-07-23,STR004,PRD043,2,420.00
2026-07-23,STR004,PRD044,6,660.00
2026-07-23,STR004,PRD045,6,1050.00
2026-07-23,STR004,PRD046,2,320.00
2026-07-23,STR004,PRD047,6,336.00
2026-07-23,STR004,PRD048,6,420.00
2026-07-23,STR004,PRD049,4,232.00
2026-07-23,STR004,PRD050,7,665.00
2026-07-23,STR004,PRD051,9,810.00
2026-07-23,STR004,PRD052,3,420.00
2026-07-23,STR004,PRD053,5,2250.00
2026-07-23,STR004,PRD054,5,3250.00
2026-07-23,STR004,PRD055,2,780.00
2026-07-24,STR001,PRD001,6,3300.00
2026-07-24,STR001,PRD002,9,1485.00
2026-07-24,STR001,PRD003,2,490.00
2026-07-24,STR001,PRD004,13,780.00
2026-07-24,STR001,PRD005,5,1900.00
2026-07-24,STR001,PRD006,6,1050.00
2026-07-24,STR001,PRD007,5,140.00
2026-07-24,STR001,PRD008,4,208.00
2026-07-24,STR001,PRD009,7,315.00
2026-07-24,STR001,PRD010,4,152.00
2026-07-24,STR001,PRD011,5,550.00
2026-07-24,STR001,PRD012,5,1100.00
2026-07-24,STR001,PRD013,1,65.00
2026-07-24,STR001,PRD014,6,240.00
2026-07-24,STR001,PRD015,4,80.00
2026-07-24,STR001,PRD016,5,1450.00
2026-07-24,STR001,PRD017,5,250.00
2026-07-24,STR001,PRD018,4,500.00
2026-07-24,STR001,PRD019,5,975.00
2026-07-24,STR001,PRD020,4,140.00
2026-07-24,STR001,PRD021,8,360.00
2026-07-24,STR001,PRD022,7,1960.00
2026-07-24,STR001,PRD023,6,1920.00
2026-07-24,STR001,PRD024,4,600.00
2026-07-24,STR001,PRD025,5,300.00
2026-07-24,STR001,PRD026,5,375.00
2026-07-24,STR001,PRD027,3,120.00
2026-07-24,STR001,PRD028,3,90.00
2026-07-24,STR001,PRD029,4,960.00
2026-07-24,STR001,PRD030,3,555.00
2026-07-24,STR001,PRD031,7,665.00
2026-07-24,STR001,PRD032,7,840.00
2026-07-24,STR001,PRD033,4,340.00
2026-07-24,STR001,PRD034,7,1820.00
2026-07-24,STR001,PRD035,4,1680.00
2026-07-24,STR001,PRD036,6,1260.00
2026-07-24,STR001,PRD037,5,995.00
2026-07-24,STR001,PRD038,3,345.00
2026-07-24,STR001,PRD039,6,1080.00
2026-07-24,STR001,PRD040,7,1015.00
2026-07-24,STR001,PRD041,8,784.00
2026-07-24,STR001,PRD042,4,520.00
2026-07-24,STR001,PRD043,6,1260.00
2026-07-24,STR001,PRD044,5,550.00
2026-07-24,STR001,PRD045,1,175.00
2026-07-24,STR001,PRD046,2,320.00
2026-07-24,STR001,PRD047,2,112.00
2026-07-24,STR001,PRD048,2,140.00
2026-07-24,STR001,PRD049,5,290.00
2026-07-24,STR001,PRD050,2,190.00
2026-07-24,STR001,PRD052,2,280.00
2026-07-24,STR001,PRD054,9,5850.00
2026-07-24,STR001,PRD055,6,2340.00
2026-07-24,STR002,PRD001,4,2200.00
2026-07-24,STR002,PRD002,2,330.00
2026-07-24,STR002,PRD003,8,1960.00
2026-07-24,STR002,PRD004,2,120.00
2026-07-24,STR002,PRD005,5,1900.00
2026-07-24,STR002,PRD006,6,1050.00
2026-07-24,STR002,PRD007,8,224.00
2026-07-24,STR002,PRD008,6,312.00
2026-07-24,STR002,PRD009,7,315.00
2026-07-24,STR002,PRD010,7,266.00
2026-07-24,STR002,PRD011,4,440.00
2026-07-24,STR002,PRD012,3,660.00
2026-07-24,STR002,PRD013,3,195.00
2026-07-24,STR002,PRD014,5,200.00
2026-07-24,STR002,PRD015,3,60.00
2026-07-24,STR002,PRD016,3,870.00
2026-07-24,STR002,PRD017,6,300.00
2026-07-24,STR002,PRD018,7,875.00
2026-07-24,STR002,PRD019,4,780.00
2026-07-24,STR002,PRD020,10,350.00
2026-07-24,STR002,PRD021,10,450.00
2026-07-24,STR002,PRD022,10,2800.00
2026-07-24,STR002,PRD023,3,960.00
2026-07-24,STR002,PRD024,3,450.00
2026-07-24,STR002,PRD025,6,360.00
2026-07-24,STR002,PRD026,7,525.00
2026-07-24,STR002,PRD027,5,200.00
2026-07-24,STR002,PRD028,5,150.00
2026-07-24,STR002,PRD029,6,1440.00
2026-07-24,STR002,PRD030,4,740.00
2026-07-24,STR002,PRD031,4,380.00
2026-07-24,STR002,PRD032,5,600.00
2026-07-24,STR002,PRD034,2,520.00
2026-07-24,STR002,PRD035,3,1260.00
2026-07-24,STR002,PRD036,4,840.00
2026-07-24,STR002,PRD037,5,995.00
2026-07-24,STR002,PRD038,4,460.00
2026-07-24,STR002,PRD039,6,1080.00
2026-07-24,STR002,PRD040,4,580.00
2026-07-24,STR002,PRD041,5,490.00
2026-07-24,STR002,PRD042,5,650.00
2026-07-24,STR002,PRD044,7,770.00
2026-07-24,STR002,PRD045,4,700.00
2026-07-24,STR002,PRD046,2,320.00
2026-07-24,STR002,PRD047,4,224.00
2026-07-24,STR002,PRD048,14,980.00
2026-07-24,STR002,PRD049,5,290.00
2026-07-24,STR002,PRD050,5,475.00
2026-07-24,STR002,PRD051,8,720.00
2026-07-24,STR002,PRD053,3,1350.00
2026-07-24,STR002,PRD054,6,3900.00
2026-07-24,STR002,PRD055,6,2340.00
2026-07-24,STR003,PRD001,8,4400.00
2026-07-24,STR003,PRD002,2,330.00
2026-07-24,STR003,PRD003,3,735.00
2026-07-24,STR003,PRD004,2,120.00
2026-07-24,STR003,PRD005,9,3420.00
2026-07-24,STR003,PRD006,6,1050.00
2026-07-24,STR003,PRD007,3,84.00
2026-07-24,STR003,PRD008,8,416.00
2026-07-24,STR003,PRD009,7,315.00
2026-07-24,STR003,PRD010,3,114.00
2026-07-24,STR003,PRD011,5,550.00
2026-07-24,STR003,PRD012,4,880.00
2026-07-24,STR003,PRD013,4,260.00
2026-07-24,STR003,PRD014,5,200.00
2026-07-24,STR003,PRD015,3,60.00
2026-07-24,STR003,PRD016,5,1450.00
2026-07-24,STR003,PRD017,4,200.00
2026-07-24,STR003,PRD018,4,500.00
2026-07-24,STR003,PRD019,9,1755.00
2026-07-24,STR003,PRD020,6,210.00
2026-07-24,STR003,PRD021,5,225.00
2026-07-24,STR003,PRD022,2,560.00
2026-07-24,STR003,PRD023,1,320.00
2026-07-24,STR003,PRD024,8,1200.00
2026-07-24,STR003,PRD025,1,60.00
2026-07-24,STR003,PRD026,5,375.00
2026-07-24,STR003,PRD027,3,120.00
2026-07-24,STR003,PRD028,6,180.00
2026-07-24,STR003,PRD029,8,1920.00
2026-07-24,STR003,PRD030,6,1110.00
2026-07-24,STR003,PRD031,8,760.00
2026-07-24,STR003,PRD032,3,360.00
2026-07-24,STR003,PRD033,4,340.00
2026-07-24,STR003,PRD034,8,2080.00
2026-07-24,STR003,PRD036,2,420.00
2026-07-24,STR003,PRD037,4,796.00
2026-07-24,STR003,PRD038,7,805.00
2026-07-24,STR003,PRD039,3,540.00
2026-07-24,STR003,PRD040,3,435.00
2026-07-24,STR003,PRD041,7,686.00
2026-07-24,STR003,PRD042,7,910.00
2026-07-24,STR003,PRD043,3,630.00
2026-07-24,STR003,PRD044,4,440.00
2026-07-24,STR003,PRD045,5,875.00
2026-07-24,STR003,PRD046,5,800.00
2026-07-24,STR003,PRD047,4,224.00
2026-07-24,STR003,PRD048,4,280.00
2026-07-24,STR003,PRD049,2,116.00
2026-07-24,STR003,PRD050,3,285.00
2026-07-24,STR003,PRD051,4,360.00
2026-07-24,STR003,PRD052,4,560.00
2026-07-24,STR003,PRD053,4,1800.00
2026-07-24,STR003,PRD054,9,5850.00
2026-07-24,STR003,PRD055,7,2730.00
2026-07-24,STR004,PRD001,4,2200.00
2026-07-24,STR004,PRD002,3,495.00
2026-07-24,STR004,PRD003,6,1470.00
2026-07-24,STR004,PRD004,4,240.00
2026-07-24,STR004,PRD005,4,1520.00
2026-07-24,STR004,PRD006,8,1400.00
2026-07-24,STR004,PRD007,7,196.00
2026-07-24,STR004,PRD008,6,312.00
2026-07-24,STR004,PRD009,6,270.00
2026-07-24,STR004,PRD010,6,228.00
2026-07-24,STR004,PRD011,3,330.00
2026-07-24,STR004,PRD012,1,220.00
2026-07-24,STR004,PRD013,7,455.00
2026-07-24,STR004,PRD014,7,280.00
2026-07-24,STR004,PRD015,5,100.00
2026-07-24,STR004,PRD016,8,2320.00
2026-07-24,STR004,PRD017,13,650.00
2026-07-24,STR004,PRD018,8,1000.00
2026-07-24,STR004,PRD020,7,245.00
2026-07-24,STR004,PRD021,4,180.00
2026-07-24,STR004,PRD022,6,1680.00
2026-07-24,STR004,PRD023,2,640.00
2026-07-24,STR004,PRD024,2,300.00
2026-07-24,STR004,PRD025,6,360.00
2026-07-24,STR004,PRD026,4,300.00
2026-07-24,STR004,PRD027,5,200.00
2026-07-24,STR004,PRD028,3,90.00
2026-07-24,STR004,PRD029,9,2160.00
2026-07-24,STR004,PRD030,4,740.00
2026-07-24,STR004,PRD031,8,760.00
2026-07-24,STR004,PRD032,7,840.00
2026-07-24,STR004,PRD033,2,170.00
2026-07-24,STR004,PRD034,7,1820.00
2026-07-24,STR004,PRD035,7,2940.00
2026-07-24,STR004,PRD036,7,1470.00
2026-07-24,STR004,PRD037,5,995.00
2026-07-24,STR004,PRD038,6,690.00
2026-07-24,STR004,PRD039,2,360.00
2026-07-24,STR004,PRD040,2,290.00
2026-07-24,STR004,PRD041,2,196.00
2026-07-24,STR004,PRD042,4,520.00
2026-07-24,STR004,PRD043,3,630.00
2026-07-24,STR004,PRD044,7,770.00
2026-07-24,STR004,PRD045,5,875.00
2026-07-24,STR004,PRD046,2,320.00
2026-07-24,STR004,PRD047,7,392.00
2026-07-24,STR004,PRD048,5,350.00
2026-07-24,STR004,PRD049,3,174.00
2026-07-24,STR004,PRD050,8,760.00
2026-07-24,STR004,PRD051,7,630.00
2026-07-24,STR004,PRD052,3,420.00
2026-07-24,STR004,PRD053,4,1800.00
2026-07-24,STR004,PRD054,4,2600.00
2026-07-24,STR004,PRD055,3,1170.00
2026-07-25,STR001,PRD001,8,4400.00
2026-07-25,STR001,PRD002,10,1650.00
2026-07-25,STR001,PRD003,6,1470.00
2026-07-25,STR001,PRD004,14,840.00
2026-07-25,STR001,PRD005,5,1900.00
2026-07-25,STR001,PRD006,4,700.00
2026-07-25,STR001,PRD007,7,196.00
2026-07-25,STR001,PRD008,2,104.00
2026-07-25,STR001,PRD009,4,180.00
2026-07-25,STR001,PRD010,4,152.00
2026-07-25,STR001,PRD011,7,770.00
2026-07-25,STR001,PRD012,3,660.00
2026-07-25,STR001,PRD013,3,195.00
2026-07-25,STR001,PRD014,3,120.00
2026-07-25,STR001,PRD015,4,80.00
2026-07-25,STR001,PRD016,6,1740.00
2026-07-25,STR001,PRD017,4,200.00
2026-07-25,STR001,PRD018,4,500.00
2026-07-25,STR001,PRD019,7,1365.00
2026-07-25,STR001,PRD020,4,140.00
2026-07-25,STR001,PRD021,7,315.00
2026-07-25,STR001,PRD022,4,1120.00
2026-07-25,STR001,PRD023,4,1280.00
2026-07-25,STR001,PRD024,4,600.00
2026-07-25,STR001,PRD025,9,540.00
2026-07-25,STR001,PRD026,4,300.00
2026-07-25,STR001,PRD027,2,80.00
2026-07-25,STR001,PRD028,5,150.00
2026-07-25,STR001,PRD029,7,1680.00
2026-07-25,STR001,PRD030,5,925.00
2026-07-25,STR001,PRD031,8,760.00
2026-07-25,STR001,PRD032,5,600.00
2026-07-25,STR001,PRD033,4,340.00
2026-07-25,STR001,PRD034,7,1820.00
2026-07-25,STR001,PRD035,4,1680.00
2026-07-25,STR001,PRD036,6,1260.00
2026-07-25,STR001,PRD037,8,1592.00
2026-07-25,STR001,PRD039,6,1080.00
2026-07-25,STR001,PRD040,5,725.00
2026-07-25,STR001,PRD041,4,392.00
2026-07-25,STR001,PRD042,3,390.00
2026-07-25,STR001,PRD043,6,1260.00
2026-07-25,STR001,PRD044,5,550.00
2026-07-25,STR001,PRD045,5,875.00
2026-07-25,STR001,PRD046,3,480.00
2026-07-25,STR001,PRD047,4,224.00
2026-07-25,STR001,PRD048,5,350.00
2026-07-25,STR001,PRD049,4,232.00
2026-07-25,STR001,PRD050,3,285.00
2026-07-25,STR001,PRD052,6,840.00
2026-07-25,STR001,PRD054,7,4550.00
2026-07-25,STR001,PRD055,8,3120.00
2026-07-25,STR002,PRD001,5,2750.00
2026-07-25,STR002,PRD002,5,825.00
2026-07-25,STR002,PRD003,6,1470.00
2026-07-25,STR002,PRD004,5,300.00
2026-07-25,STR002,PRD005,6,2280.00
2026-07-25,STR002,PRD006,8,1400.00
2026-07-25,STR002,PRD007,7,196.00
2026-07-25,STR002,PRD008,6,312.00
2026-07-25,STR002,PRD009,4,180.00
2026-07-25,STR002,PRD010,8,304.00
2026-07-25,STR002,PRD011,4,440.00
2026-07-25,STR002,PRD012,5,1100.00
2026-07-25,STR002,PRD013,1,65.00
2026-07-25,STR002,PRD014,3,120.00
2026-07-25,STR002,PRD015,6,120.00
2026-07-25,STR002,PRD016,4,1160.00
2026-07-25,STR002,PRD017,6,300.00
2026-07-25,STR002,PRD018,9,1125.00
2026-07-25,STR002,PRD019,6,1170.00
2026-07-25,STR002,PRD020,8,280.00
2026-07-25,STR002,PRD021,9,405.00
2026-07-25,STR002,PRD022,14,3920.00
2026-07-25,STR002,PRD023,7,2240.00
2026-07-25,STR002,PRD024,6,900.00
2026-07-25,STR002,PRD025,4,240.00
2026-07-25,STR002,PRD026,3,225.00
2026-07-25,STR002,PRD027,5,200.00
2026-07-25,STR002,PRD028,4,120.00
2026-07-25,STR002,PRD029,8,1920.00
2026-07-25,STR002,PRD030,3,555.00
2026-07-25,STR002,PRD031,5,475.00
2026-07-25,STR002,PRD032,9,1080.00
2026-07-25,STR002,PRD033,2,170.00
2026-07-25,STR002,PRD034,1,260.00
2026-07-25,STR002,PRD035,1,420.00
2026-07-25,STR002,PRD036,1,210.00
2026-07-25,STR002,PRD037,6,1194.00
2026-07-25,STR002,PRD038,4,460.00
2026-07-25,STR002,PRD039,5,900.00
2026-07-25,STR002,PRD040,5,725.00
2026-07-25,STR002,PRD041,3,294.00
2026-07-25,STR002,PRD042,7,910.00
2026-07-25,STR002,PRD044,7,770.00
2026-07-25,STR002,PRD045,4,700.00
2026-07-25,STR002,PRD046,1,160.00
2026-07-25,STR002,PRD047,8,448.00
2026-07-25,STR002,PRD048,14,980.00
2026-07-25,STR002,PRD049,3,174.00
2026-07-25,STR002,PRD050,3,285.00
2026-07-25,STR002,PRD051,8,720.00
2026-07-25,STR002,PRD053,4,1800.00
2026-07-25,STR002,PRD054,7,4550.00
2026-07-25,STR002,PRD055,8,3120.00
2026-07-25,STR003,PRD001,6,3300.00
2026-07-25,STR003,PRD002,3,495.00
2026-07-25,STR003,PRD003,4,980.00
2026-07-25,STR003,PRD004,4,240.00
2026-07-25,STR003,PRD005,7,2660.00
2026-07-25,STR003,PRD006,4,700.00
2026-07-25,STR003,PRD007,5,140.00
2026-07-25,STR003,PRD008,8,416.00
2026-07-25,STR003,PRD009,4,180.00
2026-07-25,STR003,PRD010,2,76.00
2026-07-25,STR003,PRD011,4,440.00
2026-07-25,STR003,PRD012,4,880.00
2026-07-25,STR003,PRD013,5,325.00
2026-07-25,STR003,PRD014,7,280.00
2026-07-25,STR003,PRD015,1,20.00
2026-07-25,STR003,PRD016,6,1740.00
2026-07-25,STR003,PRD017,1,50.00
2026-07-25,STR003,PRD018,3,375.00
2026-07-25,STR003,PRD019,6,1170.00
2026-07-25,STR003,PRD020,4,140.00
2026-07-25,STR003,PRD021,5,225.00
2026-07-25,STR003,PRD023,3,960.00
2026-07-25,STR003,PRD024,8,1200.00
2026-07-25,STR003,PRD025,4,240.00
2026-07-25,STR003,PRD026,3,225.00
2026-07-25,STR003,PRD027,1,40.00
2026-07-25,STR003,PRD028,6,180.00
2026-07-25,STR003,PRD029,7,1680.00
2026-07-25,STR003,PRD030,5,925.00
2026-07-25,STR003,PRD031,6,570.00
2026-07-25,STR003,PRD032,4,480.00
2026-07-25,STR003,PRD033,6,510.00
2026-07-25,STR003,PRD034,6,1560.00
2026-07-25,STR003,PRD036,5,1050.00
2026-07-25,STR003,PRD037,7,1393.00
2026-07-25,STR003,PRD038,4,460.00
2026-07-25,STR003,PRD039,5,900.00
2026-07-25,STR003,PRD040,3,435.00
2026-07-25,STR003,PRD041,5,490.00
2026-07-25,STR003,PRD042,5,650.00
2026-07-25,STR003,PRD043,4,840.00
2026-07-25,STR003,PRD044,4,440.00
2026-07-25,STR003,PRD045,2,350.00
2026-07-25,STR003,PRD046,6,960.00
2026-07-25,STR003,PRD047,6,336.00
2026-07-25,STR003,PRD048,4,280.00
2026-07-25,STR003,PRD049,5,290.00
2026-07-25,STR003,PRD050,5,475.00
2026-07-25,STR003,PRD051,3,270.00
2026-07-25,STR003,PRD052,6,840.00
2026-07-25,STR003,PRD053,2,900.00
2026-07-25,STR003,PRD054,9,5850.00
2026-07-25,STR003,PRD055,7,2730.00
2026-07-25,STR004,PRD001,2,1100.00
2026-07-25,STR004,PRD002,4,660.00
2026-07-25,STR004,PRD003,7,1715.00
2026-07-25,STR004,PRD004,5,300.00
2026-07-25,STR004,PRD005,2,760.00
2026-07-25,STR004,PRD006,8,1400.00
2026-07-25,STR004,PRD007,6,168.00
2026-07-25,STR004,PRD008,6,312.00
2026-07-25,STR004,PRD009,5,225.00
2026-07-25,STR004,PRD010,4,152.00
2026-07-25,STR004,PRD011,4,440.00
2026-07-25,STR004,PRD012,4,880.00
2026-07-25,STR004,PRD013,3,195.00
2026-07-25,STR004,PRD014,7,280.00
2026-07-25,STR004,PRD015,6,120.00
2026-07-25,STR004,PRD016,4,1160.00
2026-07-25,STR004,PRD017,17,850.00
2026-07-25,STR004,PRD018,7,875.00
2026-07-25,STR004,PRD019,1,195.00
2026-07-25,STR004,PRD020,7,245.00
2026-07-25,STR004,PRD021,5,225.00
2026-07-25,STR004,PRD022,4,1120.00
2026-07-25,STR004,PRD023,4,1280.00
2026-07-25,STR004,PRD024,3,450.00
2026-07-25,STR004,PRD025,6,360.00
2026-07-25,STR004,PRD026,6,450.00
2026-07-25,STR004,PRD027,4,160.00
2026-07-25,STR004,PRD028,2,60.00
2026-07-25,STR004,PRD029,6,1440.00
2026-07-25,STR004,PRD030,4,740.00
2026-07-25,STR004,PRD031,8,760.00
2026-07-25,STR004,PRD032,7,840.00
2026-07-25,STR004,PRD033,2,170.00
2026-07-25,STR004,PRD034,7,1820.00
2026-07-25,STR004,PRD035,8,3360.00
2026-07-25,STR004,PRD036,8,1680.00
2026-07-25,STR004,PRD037,9,1791.00
2026-07-25,STR004,PRD038,4,460.00
2026-07-25,STR004,PRD039,3,540.00
2026-07-25,STR004,PRD041,4,392.00
2026-07-25,STR004,PRD042,7,910.00
2026-07-25,STR004,PRD043,3,630.00
2026-07-25,STR004,PRD044,6,660.00
2026-07-25,STR004,PRD045,6,1050.00
2026-07-25,STR004,PRD046,4,640.00
2026-07-25,STR004,PRD047,6,336.00
2026-07-25,STR004,PRD048,6,420.00
2026-07-25,STR004,PRD049,3,174.00
2026-07-25,STR004,PRD050,8,760.00
2026-07-25,STR004,PRD051,8,720.00
2026-07-25,STR004,PRD052,6,840.00
2026-07-25,STR004,PRD053,8,3600.00
2026-07-25,STR004,PRD054,3,1950.00
2026-07-25,STR004,PRD055,6,2340.00
2026-07-26,STR001,PRD001,10,5500.00
2026-07-26,STR001,PRD002,12,1980.00
2026-07-26,STR001,PRD003,4,980.00
2026-07-26,STR001,PRD004,11,660.00
2026-07-26,STR001,PRD005,6,2280.00
2026-07-26,STR001,PRD006,8,1400.00
2026-07-26,STR001,PRD007,9,252.00
2026-07-26,STR001,PRD008,3,156.00
2026-07-26,STR001,PRD009,7,315.00
2026-07-26,STR001,PRD010,5,190.00
2026-07-26,STR001,PRD011,6,660.00
2026-07-26,STR001,PRD012,3,660.00
2026-07-26,STR001,PRD013,1,65.00
2026-07-26,STR001,PRD014,2,80.00
2026-07-26,STR001,PRD015,5,100.00
2026-07-26,STR001,PRD016,4,1160.00
2026-07-26,STR001,PRD017,2,100.00
2026-07-26,STR001,PRD018,3,375.00
2026-07-26,STR001,PRD019,7,1365.00
2026-07-26,STR001,PRD020,4,140.00
2026-07-26,STR001,PRD021,6,270.00
2026-07-26,STR001,PRD022,5,1400.00
2026-07-26,STR001,PRD023,3,960.00
2026-07-26,STR001,PRD024,2,300.00
2026-07-26,STR001,PRD025,6,360.00
2026-07-26,STR001,PRD026,5,375.00
2026-07-26,STR001,PRD027,4,160.00
2026-07-26,STR001,PRD028,1,30.00
2026-07-26,STR001,PRD029,4,960.00
2026-07-26,STR001,PRD030,7,1295.00
2026-07-26,STR001,PRD031,6,570.00
2026-07-26,STR001,PRD032,4,480.00
2026-07-26,STR001,PRD033,3,255.00
2026-07-26,STR001,PRD034,5,1300.00
2026-07-26,STR001,PRD035,6,2520.00
2026-07-26,STR001,PRD036,5,1050.00
2026-07-26,STR001,PRD037,8,1592.00
2026-07-26,STR001,PRD039,5,900.00
2026-07-26,STR001,PRD040,5,725.00
2026-07-26,STR001,PRD041,4,392.00
2026-07-26,STR001,PRD042,4,520.00
2026-07-26,STR001,PRD043,5,1050.00
2026-07-26,STR001,PRD044,3,330.00
2026-07-26,STR001,PRD045,5,875.00
2026-07-26,STR001,PRD046,6,960.00
2026-07-26,STR001,PRD047,2,112.00
2026-07-26,STR001,PRD048,3,210.00
2026-07-26,STR001,PRD049,6,348.00
2026-07-26,STR001,PRD050,5,475.00
2026-07-26,STR001,PRD052,5,700.00
2026-07-26,STR001,PRD054,6,3900.00
2026-07-26,STR001,PRD055,5,1950.00
2026-07-26,STR002,PRD001,4,2200.00
2026-07-26,STR002,PRD002,5,825.00
2026-07-26,STR002,PRD003,8,1960.00
2026-07-26,STR002,PRD004,3,180.00
2026-07-26,STR002,PRD005,3,1140.00
2026-07-26,STR002,PRD006,9,1575.00
2026-07-26,STR002,PRD007,4,112.00
2026-07-26,STR002,PRD008,3,156.00
2026-07-26,STR002,PRD009,5,225.00
2026-07-26,STR002,PRD010,4,152.00
2026-07-26,STR002,PRD011,5,550.00
2026-07-26,STR002,PRD012,2,440.00
2026-07-26,STR002,PRD013,3,195.00
2026-07-26,STR002,PRD014,5,200.00
2026-07-26,STR002,PRD015,6,120.00
2026-07-26,STR002,PRD016,6,1740.00
2026-07-26,STR002,PRD017,5,250.00
2026-07-26,STR002,PRD018,7,875.00
2026-07-26,STR002,PRD019,3,585.00
2026-07-26,STR002,PRD020,10,350.00
2026-07-26,STR002,PRD021,11,495.00
2026-07-26,STR002,PRD022,11,3080.00
2026-07-26,STR002,PRD023,4,1280.00
2026-07-26,STR002,PRD024,6,900.00
2026-07-26,STR002,PRD025,5,300.00
2026-07-26,STR002,PRD026,7,525.00
2026-07-26,STR002,PRD027,4,160.00
2026-07-26,STR002,PRD028,5,150.00
2026-07-26,STR002,PRD029,9,2160.00
2026-07-26,STR002,PRD030,7,1295.00
2026-07-26,STR002,PRD031,3,285.00
2026-07-26,STR002,PRD032,5,600.00
2026-07-26,STR002,PRD033,2,170.00
2026-07-26,STR002,PRD034,4,1040.00
2026-07-26,STR002,PRD035,4,1680.00
2026-07-26,STR002,PRD036,1,210.00
2026-07-26,STR002,PRD037,8,1592.00
2026-07-26,STR002,PRD038,4,460.00
2026-07-26,STR002,PRD039,4,720.00
2026-07-26,STR002,PRD040,5,725.00
2026-07-26,STR002,PRD041,5,490.00
2026-07-26,STR002,PRD042,5,650.00
2026-07-26,STR002,PRD043,1,210.00
2026-07-26,STR002,PRD044,6,660.00
2026-07-26,STR002,PRD045,4,700.00
2026-07-26,STR002,PRD046,5,800.00
2026-07-26,STR002,PRD047,8,448.00
2026-07-26,STR002,PRD048,12,840.00
2026-07-26,STR002,PRD049,3,174.00
2026-07-26,STR002,PRD050,3,285.00
2026-07-26,STR002,PRD051,6,540.00
2026-07-26,STR002,PRD053,5,2250.00
2026-07-26,STR002,PRD054,6,3900.00
2026-07-26,STR002,PRD055,7,2730.00
2026-07-26,STR003,PRD001,4,2200.00
2026-07-26,STR003,PRD002,3,495.00
2026-07-26,STR003,PRD003,5,1225.00
2026-07-26,STR003,PRD004,2,120.00
2026-07-26,STR003,PRD005,9,3420.00
2026-07-26,STR003,PRD006,8,1400.00
2026-07-26,STR003,PRD007,3,84.00
2026-07-26,STR003,PRD008,8,416.00
2026-07-26,STR003,PRD009,7,315.00
2026-07-26,STR003,PRD010,6,228.00
2026-07-26,STR003,PRD011,6,660.00
2026-07-26,STR003,PRD012,7,1540.00
2026-07-26,STR003,PRD013,8,520.00
2026-07-26,STR003,PRD014,3,120.00
2026-07-26,STR003,PRD015,5,100.00
2026-07-26,STR003,PRD016,2,580.00
2026-07-26,STR003,PRD017,5,250.00
2026-07-26,STR003,PRD018,5,625.00
2026-07-26,STR003,PRD019,7,1365.00
2026-07-26,STR003,PRD020,4,140.00
2026-07-26,STR003,PRD021,2,90.00
2026-07-26,STR003,PRD022,2,560.00
2026-07-26,STR003,PRD023,2,640.00
2026-07-26,STR003,PRD024,7,1050.00
2026-07-26,STR003,PRD025,2,120.00
2026-07-26,STR003,PRD026,5,375.00
2026-07-26,STR003,PRD027,1,40.00
2026-07-26,STR003,PRD028,5,150.00
2026-07-26,STR003,PRD029,5,1200.00
2026-07-26,STR003,PRD030,6,1110.00
2026-07-26,STR003,PRD031,8,760.00
2026-07-26,STR003,PRD032,3,360.00
2026-07-26,STR003,PRD033,3,255.00
2026-07-26,STR003,PRD034,7,1820.00
2026-07-26,STR003,PRD035,1,420.00
2026-07-26,STR003,PRD036,6,1260.00
2026-07-26,STR003,PRD037,7,1393.00
2026-07-26,STR003,PRD038,4,460.00
2026-07-26,STR003,PRD039,4,720.00
2026-07-26,STR003,PRD040,2,290.00
2026-07-26,STR003,PRD041,8,784.00
2026-07-26,STR003,PRD042,8,1040.00
2026-07-26,STR003,PRD043,7,1470.00
2026-07-26,STR003,PRD044,3,330.00
2026-07-26,STR003,PRD045,5,875.00
2026-07-26,STR003,PRD046,5,800.00
2026-07-26,STR003,PRD047,3,168.00
2026-07-26,STR003,PRD048,5,350.00
2026-07-26,STR003,PRD049,2,116.00
2026-07-26,STR003,PRD050,2,190.00
2026-07-26,STR003,PRD051,1,90.00
2026-07-26,STR003,PRD052,7,980.00
2026-07-26,STR003,PRD053,6,2700.00
2026-07-26,STR003,PRD054,6,3900.00
2026-07-26,STR003,PRD055,6,2340.00
2026-07-26,STR004,PRD001,2,1100.00
2026-07-26,STR004,PRD002,5,825.00
2026-07-26,STR004,PRD003,6,1470.00
2026-07-26,STR004,PRD004,3,180.00
2026-07-26,STR004,PRD005,2,760.00
2026-07-26,STR004,PRD006,5,875.00
2026-07-26,STR004,PRD007,3,84.00
2026-07-26,STR004,PRD008,4,208.00
2026-07-26,STR004,PRD009,8,360.00
2026-07-26,STR004,PRD010,8,304.00
2026-07-26,STR004,PRD011,5,550.00
2026-07-26,STR004,PRD012,1,220.00
2026-07-26,STR004,PRD013,7,455.00
2026-07-26,STR004,PRD014,6,240.00
2026-07-26,STR004,PRD015,3,60.00
2026-07-26,STR004,PRD016,7,2030.00
2026-07-26,STR004,PRD017,16,800.00
2026-07-26,STR004,PRD018,6,750.00
2026-07-26,STR004,PRD020,6,210.00
2026-07-26,STR004,PRD021,6,270.00
2026-07-26,STR004,PRD022,5,1400.00
2026-07-26,STR004,PRD023,2,640.00
2026-07-26,STR004,PRD024,5,750.00
2026-07-26,STR004,PRD025,3,180.00
2026-07-26,STR004,PRD026,7,525.00
2026-07-26,STR004,PRD027,4,160.00
2026-07-26,STR004,PRD028,4,120.00
2026-07-26,STR004,PRD029,6,1440.00
2026-07-26,STR004,PRD030,4,740.00
2026-07-26,STR004,PRD031,7,665.00
2026-07-26,STR004,PRD032,3,360.00
2026-07-26,STR004,PRD033,2,170.00
2026-07-26,STR004,PRD034,6,1560.00
2026-07-26,STR004,PRD035,4,1680.00
2026-07-26,STR004,PRD036,9,1890.00
2026-07-26,STR004,PRD037,5,995.00
2026-07-26,STR004,PRD038,5,575.00
2026-07-26,STR004,PRD039,5,900.00
2026-07-26,STR004,PRD040,3,435.00
2026-07-26,STR004,PRD041,6,588.00
2026-07-26,STR004,PRD042,3,390.00
2026-07-26,STR004,PRD043,1,210.00
2026-07-26,STR004,PRD044,4,440.00
2026-07-26,STR004,PRD045,5,875.00
2026-07-26,STR004,PRD046,2,320.00
2026-07-26,STR004,PRD047,4,224.00
2026-07-26,STR004,PRD048,4,280.00
2026-07-26,STR004,PRD049,6,348.00
2026-07-26,STR004,PRD050,6,570.00
2026-07-26,STR004,PRD051,7,630.00
2026-07-26,STR004,PRD052,3,420.00
2026-07-26,STR004,PRD053,6,2700.00
2026-07-26,STR004,PRD054,4,2600.00
2026-07-26,STR004,PRD055,6,2340.00
2026-07-27,STR001,PRD001,8,4400.00
2026-07-27,STR001,PRD002,10,1650.00
2026-07-27,STR001,PRD003,3,735.00
2026-07-27,STR001,PRD004,14,840.00
2026-07-27,STR001,PRD005,7,2660.00
2026-07-27,STR001,PRD006,7,1225.00
2026-07-27,STR001,PRD007,5,140.00
2026-07-27,STR001,PRD008,1,52.00
2026-07-27,STR001,PRD009,3,135.00
2026-07-27,STR001,PRD010,3,114.00
2026-07-27,STR001,PRD011,7,770.00
2026-07-27,STR001,PRD012,4,880.00
2026-07-27,STR001,PRD013,4,260.00
2026-07-27,STR001,PRD014,4,160.00
2026-07-27,STR001,PRD015,5,100.00
2026-07-27,STR001,PRD016,6,1740.00
2026-07-27,STR001,PRD017,4,200.00
2026-07-27,STR001,PRD018,5,625.00
2026-07-27,STR001,PRD019,8,1560.00
2026-07-27,STR001,PRD020,3,105.00
2026-07-27,STR001,PRD021,5,225.00
2026-07-27,STR001,PRD022,8,2240.00
2026-07-27,STR001,PRD023,4,1280.00
2026-07-27,STR001,PRD024,4,600.00
2026-07-27,STR001,PRD025,9,540.00
2026-07-27,STR001,PRD026,6,450.00
2026-07-27,STR001,PRD027,1,40.00
2026-07-27,STR001,PRD028,1,30.00
2026-07-27,STR001,PRD029,6,1440.00
2026-07-27,STR001,PRD030,6,1110.00
2026-07-27,STR001,PRD031,8,760.00
2026-07-27,STR001,PRD032,7,840.00
2026-07-27,STR001,PRD033,5,425.00
2026-07-27,STR001,PRD034,5,1300.00
2026-07-27,STR001,PRD035,4,1680.00
2026-07-27,STR001,PRD036,4,840.00
2026-07-27,STR001,PRD037,8,1592.00
2026-07-27,STR001,PRD039,6,1080.00
2026-07-27,STR001,PRD040,7,1015.00
2026-07-27,STR001,PRD041,5,490.00
2026-07-27,STR001,PRD042,1,130.00
2026-07-27,STR001,PRD043,4,840.00
2026-07-27,STR001,PRD044,3,330.00
2026-07-27,STR001,PRD045,1,175.00
2026-07-27,STR001,PRD046,3,480.00
2026-07-27,STR001,PRD047,4,224.00
2026-07-27,STR001,PRD048,5,350.00
2026-07-27,STR001,PRD049,4,232.00
2026-07-27,STR001,PRD050,2,190.00
2026-07-27,STR001,PRD052,5,700.00
2026-07-27,STR001,PRD054,7,4550.00
2026-07-27,STR001,PRD055,6,2340.00
2026-07-27,STR002,PRD001,7,3850.00
2026-07-27,STR002,PRD002,5,825.00
2026-07-27,STR002,PRD003,6,1470.00
2026-07-27,STR002,PRD004,2,120.00
2026-07-27,STR002,PRD005,3,1140.00
2026-07-27,STR002,PRD006,7,1225.00
2026-07-27,STR002,PRD007,8,224.00
2026-07-27,STR002,PRD008,6,312.00
2026-07-27,STR002,PRD009,7,315.00
2026-07-27,STR002,PRD010,4,152.00
2026-07-27,STR002,PRD011,7,770.00
2026-07-27,STR002,PRD012,5,1100.00
2026-07-27,STR002,PRD013,4,260.00
2026-07-27,STR002,PRD014,2,80.00
2026-07-27,STR002,PRD015,3,60.00
2026-07-27,STR002,PRD016,3,870.00
2026-07-27,STR002,PRD017,8,400.00
2026-07-27,STR002,PRD018,6,750.00
2026-07-27,STR002,PRD019,5,975.00
2026-07-27,STR002,PRD020,10,350.00
2026-07-27,STR002,PRD021,8,360.00
2026-07-27,STR002,PRD022,12,3360.00
2026-07-27,STR002,PRD023,3,960.00
2026-07-27,STR002,PRD024,6,900.00
2026-07-27,STR002,PRD025,4,240.00
2026-07-27,STR002,PRD026,3,225.00
2026-07-27,STR002,PRD027,6,240.00
2026-07-27,STR002,PRD028,5,150.00
2026-07-27,STR002,PRD029,7,1680.00
2026-07-27,STR002,PRD030,7,1295.00
2026-07-27,STR002,PRD031,3,285.00
2026-07-27,STR002,PRD032,5,600.00
2026-07-27,STR002,PRD033,2,170.00
2026-07-27,STR002,PRD034,5,1300.00
2026-07-27,STR002,PRD035,4,1680.00
2026-07-27,STR002,PRD036,4,840.00
2026-07-27,STR002,PRD037,4,796.00
2026-07-27,STR002,PRD038,4,460.00
2026-07-27,STR002,PRD039,7,1260.00
2026-07-27,STR002,PRD040,4,580.00
2026-07-27,STR002,PRD041,5,490.00
2026-07-27,STR002,PRD042,9,1170.00
2026-07-27,STR002,PRD044,9,990.00
2026-07-27,STR002,PRD045,8,1400.00
2026-07-27,STR002,PRD046,5,800.00
2026-07-27,STR002,PRD047,6,336.00
2026-07-27,STR002,PRD048,11,770.00
2026-07-27,STR002,PRD049,6,348.00
2026-07-27,STR002,PRD050,5,475.00
2026-07-27,STR002,PRD051,5,450.00
2026-07-27,STR002,PRD053,4,1800.00
2026-07-27,STR002,PRD054,3,1950.00
2026-07-27,STR002,PRD055,7,2730.00
2026-07-27,STR003,PRD001,6,3300.00
2026-07-27,STR003,PRD002,2,330.00
2026-07-27,STR003,PRD003,4,980.00
2026-07-27,STR003,PRD004,6,360.00
2026-07-27,STR003,PRD005,7,2660.00
2026-07-27,STR003,PRD006,6,1050.00
2026-07-27,STR003,PRD007,6,168.00
2026-07-27,STR003,PRD008,7,364.00
2026-07-27,STR003,PRD009,3,135.00
2026-07-27,STR003,PRD010,6,228.00
2026-07-27,STR003,PRD011,6,660.00
2026-07-27,STR003,PRD012,6,1320.00
2026-07-27,STR003,PRD013,6,390.00
2026-07-27,STR003,PRD014,5,200.00
2026-07-27,STR003,PRD015,5,100.00
2026-07-27,STR003,PRD016,2,580.00
2026-07-27,STR003,PRD017,1,50.00
2026-07-27,STR003,PRD018,4,500.00
2026-07-27,STR003,PRD019,9,1755.00
2026-07-27,STR003,PRD020,6,210.00
2026-07-27,STR003,PRD021,4,180.00
2026-07-27,STR003,PRD022,1,280.00
2026-07-27,STR003,PRD023,2,640.00
2026-07-27,STR003,PRD024,8,1200.00
2026-07-27,STR003,PRD025,1,60.00
2026-07-27,STR003,PRD026,6,450.00
2026-07-27,STR003,PRD027,1,40.00
2026-07-27,STR003,PRD028,7,210.00
2026-07-27,STR003,PRD029,4,960.00
2026-07-27,STR003,PRD030,4,740.00
2026-07-27,STR003,PRD031,8,760.00
2026-07-27,STR003,PRD032,7,840.00
2026-07-27,STR003,PRD033,3,255.00
2026-07-27,STR003,PRD034,7,1820.00
2026-07-27,STR003,PRD035,1,420.00
2026-07-27,STR003,PRD036,2,420.00
2026-07-27,STR003,PRD037,5,995.00
2026-07-27,STR003,PRD038,8,920.00
2026-07-27,STR003,PRD039,6,1080.00
2026-07-27,STR003,PRD040,4,580.00
2026-07-27,STR003,PRD041,5,490.00
2026-07-27,STR003,PRD042,7,910.00
2026-07-27,STR003,PRD043,4,840.00
2026-07-27,STR003,PRD044,5,550.00
2026-07-27,STR003,PRD045,3,525.00
2026-07-27,STR003,PRD046,4,640.00
2026-07-27,STR003,PRD047,5,280.00
2026-07-27,STR003,PRD048,4,280.00
2026-07-27,STR003,PRD049,3,174.00
2026-07-27,STR003,PRD050,3,285.00
2026-07-27,STR003,PRD051,2,180.00
2026-07-27,STR003,PRD052,8,1120.00
2026-07-27,STR003,PRD053,2,900.00
2026-07-27,STR003,PRD054,6,3900.00
2026-07-27,STR003,PRD055,4,1560.00
2026-07-27,STR004,PRD002,3,495.00
2026-07-27,STR004,PRD003,8,1960.00
2026-07-27,STR004,PRD004,5,300.00
2026-07-27,STR004,PRD005,6,2280.00
2026-07-27,STR004,PRD006,7,1225.00
2026-07-27,STR004,PRD007,3,84.00
2026-07-27,STR004,PRD008,7,364.00
2026-07-27,STR004,PRD009,5,225.00
2026-07-27,STR004,PRD010,4,152.00
2026-07-27,STR004,PRD011,4,440.00
2026-07-27,STR004,PRD012,3,660.00
2026-07-27,STR004,PRD013,3,195.00
2026-07-27,STR004,PRD014,5,200.00
2026-07-27,STR004,PRD015,7,140.00
2026-07-27,STR004,PRD016,4,1160.00
2026-07-27,STR004,PRD017,17,850.00
2026-07-27,STR004,PRD018,6,750.00
2026-07-27,STR004,PRD020,3,105.00
2026-07-27,STR004,PRD021,6,270.00
2026-07-27,STR004,PRD022,7,1960.00
2026-07-27,STR004,PRD023,2,640.00
2026-07-27,STR004,PRD024,6,900.00
2026-07-27,STR004,PRD025,3,180.00
2026-07-27,STR004,PRD026,4,300.00
2026-07-27,STR004,PRD027,3,120.00
2026-07-27,STR004,PRD028,4,120.00
2026-07-27,STR004,PRD029,9,2160.00
2026-07-27,STR004,PRD030,4,740.00
2026-07-27,STR004,PRD031,7,665.00
2026-07-27,STR004,PRD032,3,360.00
2026-07-27,STR004,PRD033,4,340.00
2026-07-27,STR004,PRD034,7,1820.00
2026-07-27,STR004,PRD035,5,2100.00
2026-07-27,STR004,PRD036,5,1050.00
2026-07-27,STR004,PRD037,7,1393.00
2026-07-27,STR004,PRD038,8,920.00
2026-07-27,STR004,PRD039,4,720.00
2026-07-27,STR004,PRD040,1,145.00
2026-07-27,STR004,PRD041,5,490.00
2026-07-27,STR004,PRD042,5,650.00
2026-07-27,STR004,PRD043,4,840.00
2026-07-27,STR004,PRD044,5,550.00
2026-07-27,STR004,PRD045,9,1575.00
2026-07-27,STR004,PRD046,2,320.00
2026-07-27,STR004,PRD047,5,280.00
2026-07-27,STR004,PRD048,5,350.00
2026-07-27,STR004,PRD049,3,174.00
2026-07-27,STR004,PRD050,7,665.00
2026-07-27,STR004,PRD051,6,540.00
2026-07-27,STR004,PRD052,7,980.00
2026-07-27,STR004,PRD053,4,1800.00
2026-07-27,STR004,PRD054,2,1300.00
2026-07-27,STR004,PRD055,6,2340.00
2026-07-28,STR001,PRD001,8,4400.00
2026-07-28,STR001,PRD002,10,1650.00
2026-07-28,STR001,PRD003,6,1470.00
2026-07-28,STR001,PRD004,14,840.00
2026-07-28,STR001,PRD005,8,3040.00
2026-07-28,STR001,PRD006,6,1050.00
2026-07-28,STR001,PRD007,6,168.00
2026-07-28,STR001,PRD008,4,208.00
2026-07-28,STR001,PRD009,7,315.00
2026-07-28,STR001,PRD010,1,38.00
2026-07-28,STR001,PRD011,4,440.00
2026-07-28,STR001,PRD012,6,1320.00
2026-07-28,STR001,PRD013,1,65.00
2026-07-28,STR001,PRD014,2,80.00
2026-07-28,STR001,PRD015,5,100.00
2026-07-28,STR001,PRD016,7,2030.00
2026-07-28,STR001,PRD017,6,300.00
2026-07-28,STR001,PRD018,7,875.00
2026-07-28,STR001,PRD019,8,1560.00
2026-07-28,STR001,PRD020,4,140.00
2026-07-28,STR001,PRD021,8,360.00
2026-07-28,STR001,PRD022,4,1120.00
2026-07-28,STR001,PRD023,6,1920.00
2026-07-28,STR001,PRD024,2,300.00
2026-07-28,STR001,PRD025,9,540.00
2026-07-28,STR001,PRD026,5,375.00
2026-07-28,STR001,PRD027,5,200.00
2026-07-28,STR001,PRD028,5,150.00
2026-07-28,STR001,PRD029,7,1680.00
2026-07-28,STR001,PRD030,5,925.00
2026-07-28,STR001,PRD031,6,570.00
2026-07-28,STR001,PRD032,5,600.00
2026-07-28,STR001,PRD033,7,595.00
2026-07-28,STR001,PRD034,7,1820.00
2026-07-28,STR001,PRD035,4,1680.00
2026-07-28,STR001,PRD036,5,1050.00
2026-07-28,STR001,PRD037,5,995.00
2026-07-28,STR001,PRD038,1,115.00
2026-07-28,STR001,PRD039,5,900.00
2026-07-28,STR001,PRD040,6,870.00
2026-07-28,STR001,PRD041,6,588.00
2026-07-28,STR001,PRD042,1,130.00
2026-07-28,STR001,PRD043,3,630.00
2026-07-28,STR001,PRD044,5,550.00
2026-07-28,STR001,PRD045,4,700.00
2026-07-28,STR001,PRD046,4,640.00
2026-07-28,STR001,PRD047,1,56.00
2026-07-28,STR001,PRD048,4,280.00
2026-07-28,STR001,PRD049,8,464.00
2026-07-28,STR001,PRD050,6,570.00
2026-07-28,STR001,PRD052,2,280.00
2026-07-28,STR001,PRD054,8,5200.00
2026-07-28,STR001,PRD055,8,3120.00
2026-07-28,STR002,PRD001,4,2200.00
2026-07-28,STR002,PRD002,5,825.00
2026-07-28,STR002,PRD003,7,1715.00
2026-07-28,STR002,PRD004,3,180.00
2026-07-28,STR002,PRD005,7,2660.00
2026-07-28,STR002,PRD006,6,1050.00
2026-07-28,STR002,PRD007,8,224.00
2026-07-28,STR002,PRD008,4,208.00
2026-07-28,STR002,PRD009,7,315.00
2026-07-28,STR002,PRD010,8,304.00
2026-07-28,STR002,PRD011,5,550.00
2026-07-28,STR002,PRD012,6,1320.00
2026-07-28,STR002,PRD013,3,195.00
2026-07-28,STR002,PRD014,4,160.00
2026-07-28,STR002,PRD015,4,80.00
2026-07-28,STR002,PRD016,4,1160.00
2026-07-28,STR002,PRD017,5,250.00
2026-07-28,STR002,PRD018,5,625.00
2026-07-28,STR002,PRD019,5,975.00
2026-07-28,STR002,PRD020,9,315.00
2026-07-28,STR002,PRD021,12,540.00
2026-07-28,STR002,PRD022,11,3080.00
2026-07-28,STR002,PRD023,7,2240.00
2026-07-28,STR002,PRD024,5,750.00
2026-07-28,STR002,PRD025,3,180.00
2026-07-28,STR002,PRD026,4,300.00
2026-07-28,STR002,PRD027,5,200.00
2026-07-28,STR002,PRD028,3,90.00
2026-07-28,STR002,PRD029,6,1440.00
2026-07-28,STR002,PRD030,3,555.00
2026-07-28,STR002,PRD031,5,475.00
2026-07-28,STR002,PRD032,7,840.00
2026-07-28,STR002,PRD033,4,340.00
2026-07-28,STR002,PRD034,4,1040.00
2026-07-28,STR002,PRD035,1,420.00
2026-07-28,STR002,PRD036,2,420.00
2026-07-28,STR002,PRD037,4,796.00
2026-07-28,STR002,PRD038,7,805.00
2026-07-28,STR002,PRD039,3,540.00
2026-07-28,STR002,PRD040,2,290.00
2026-07-28,STR002,PRD041,3,294.00
2026-07-28,STR002,PRD042,6,780.00
2026-07-28,STR002,PRD044,9,990.00
2026-07-28,STR002,PRD045,7,1225.00
2026-07-28,STR002,PRD046,4,640.00
2026-07-28,STR002,PRD047,6,336.00
2026-07-28,STR002,PRD048,11,770.00
2026-07-28,STR002,PRD049,6,348.00
2026-07-28,STR002,PRD050,6,570.00
2026-07-28,STR002,PRD051,5,450.00
2026-07-28,STR002,PRD053,5,2250.00
2026-07-28,STR002,PRD054,3,1950.00
2026-07-28,STR002,PRD055,7,2730.00
2026-07-28,STR003,PRD001,6,3300.00
2026-07-28,STR003,PRD002,6,990.00
2026-07-28,STR003,PRD003,7,1715.00
2026-07-28,STR003,PRD004,6,360.00
2026-07-28,STR003,PRD005,5,1900.00
2026-07-28,STR003,PRD006,4,700.00
2026-07-28,STR003,PRD007,2,56.00
2026-07-28,STR003,PRD008,6,312.00
2026-07-28,STR003,PRD009,6,270.00
2026-07-28,STR003,PRD010,5,190.00
2026-07-28,STR003,PRD011,7,770.00
2026-07-28,STR003,PRD012,7,1540.00
2026-07-28,STR003,PRD013,6,390.00
2026-07-28,STR003,PRD014,6,240.00
2026-07-28,STR003,PRD015,2,40.00
2026-07-28,STR003,PRD016,3,870.00
2026-07-28,STR003,PRD017,5,250.00
2026-07-28,STR003,PRD018,6,750.00
2026-07-28,STR003,PRD019,5,975.00
2026-07-28,STR003,PRD020,5,175.00
2026-07-28,STR003,PRD021,2,90.00
2026-07-28,STR003,PRD022,4,1120.00
2026-07-28,STR003,PRD023,3,960.00
2026-07-28,STR003,PRD024,7,1050.00
2026-07-28,STR003,PRD025,4,240.00
2026-07-28,STR003,PRD026,6,450.00
2026-07-28,STR003,PRD027,3,120.00
2026-07-28,STR003,PRD028,7,210.00
2026-07-28,STR003,PRD029,5,1200.00
2026-07-28,STR003,PRD030,6,1110.00
2026-07-28,STR003,PRD031,10,950.00
2026-07-28,STR003,PRD032,5,600.00
2026-07-28,STR003,PRD033,2,170.00
2026-07-28,STR003,PRD034,5,1300.00
2026-07-28,STR003,PRD036,4,840.00
2026-07-28,STR003,PRD037,3,597.00
2026-07-28,STR003,PRD038,8,920.00
2026-07-28,STR003,PRD039,6,1080.00
2026-07-28,STR003,PRD040,6,870.00
2026-07-28,STR003,PRD041,9,882.00
2026-07-28,STR003,PRD042,8,1040.00
2026-07-28,STR003,PRD043,6,1260.00
2026-07-28,STR003,PRD044,5,550.00
2026-07-28,STR003,PRD045,3,525.00
2026-07-28,STR003,PRD046,5,800.00
2026-07-28,STR003,PRD047,4,224.00
2026-07-28,STR003,PRD048,4,280.00
2026-07-28,STR003,PRD049,3,174.00
2026-07-28,STR003,PRD050,2,190.00
2026-07-28,STR003,PRD051,2,180.00
2026-07-28,STR003,PRD052,7,980.00
2026-07-28,STR003,PRD053,6,2700.00
2026-07-28,STR003,PRD054,7,4550.00
2026-07-28,STR003,PRD055,8,3120.00
2026-07-28,STR004,PRD001,4,2200.00
2026-07-28,STR004,PRD002,4,660.00
2026-07-28,STR004,PRD003,4,980.00
2026-07-28,STR004,PRD004,4,240.00
2026-07-28,STR004,PRD005,4,1520.00
2026-07-28,STR004,PRD006,6,1050.00
2026-07-28,STR004,PRD007,3,84.00
2026-07-28,STR004,PRD008,5,260.00
2026-07-28,STR004,PRD009,6,270.00
2026-07-28,STR004,PRD010,7,266.00
2026-07-28,STR004,PRD011,5,550.00
2026-07-28,STR004,PRD012,2,440.00
2026-07-28,STR004,PRD013,4,260.00
2026-07-28,STR004,PRD014,5,200.00
2026-07-28,STR004,PRD015,5,100.00
2026-07-28,STR004,PRD016,8,2320.00
2026-07-28,STR004,PRD017,13,650.00
2026-07-28,STR004,PRD018,6,750.00
2026-07-28,STR004,PRD020,4,140.00
2026-07-28,STR004,PRD021,2,90.00
2026-07-28,STR004,PRD022,5,1400.00
2026-07-28,STR004,PRD023,6,1920.00
2026-07-28,STR004,PRD024,6,900.00
2026-07-28,STR004,PRD025,4,240.00
2026-07-28,STR004,PRD026,3,225.00
2026-07-28,STR004,PRD027,6,240.00
2026-07-28,STR004,PRD028,2,60.00
2026-07-28,STR004,PRD029,9,2160.00
2026-07-28,STR004,PRD030,6,1110.00
2026-07-28,STR004,PRD031,5,475.00
2026-07-28,STR004,PRD032,3,360.00
2026-07-28,STR004,PRD033,4,340.00
2026-07-28,STR004,PRD034,5,1300.00
2026-07-28,STR004,PRD035,6,2520.00
2026-07-28,STR004,PRD036,6,1260.00
2026-07-28,STR004,PRD037,7,1393.00
2026-07-28,STR004,PRD038,8,920.00
2026-07-28,STR004,PRD039,5,900.00
2026-07-28,STR004,PRD040,2,290.00
2026-07-28,STR004,PRD041,6,588.00
2026-07-28,STR004,PRD042,4,520.00
2026-07-28,STR004,PRD043,4,840.00
2026-07-28,STR004,PRD044,5,550.00
2026-07-28,STR004,PRD045,5,875.00
2026-07-28,STR004,PRD046,2,320.00
2026-07-28,STR004,PRD047,7,392.00
2026-07-28,STR004,PRD048,6,420.00
2026-07-28,STR004,PRD049,6,348.00
2026-07-28,STR004,PRD050,7,665.00
2026-07-28,STR004,PRD051,5,450.00
2026-07-28,STR004,PRD052,4,560.00
2026-07-28,STR004,PRD053,6,2700.00
2026-07-28,STR004,PRD054,2,1300.00
2026-07-28,STR004,PRD055,4,1560.00
2026-07-29,STR001,PRD001,6,3300.00
2026-07-29,STR001,PRD002,9,1485.00
2026-07-29,STR001,PRD003,2,490.00
2026-07-29,STR001,PRD004,12,720.00
2026-07-29,STR001,PRD005,5,1900.00
2026-07-29,STR001,PRD006,8,1400.00
2026-07-29,STR001,PRD007,7,196.00
2026-07-29,STR001,PRD008,3,156.00
2026-07-29,STR001,PRD009,6,270.00
2026-07-29,STR001,PRD010,5,190.00
2026-07-29,STR001,PRD011,3,330.00
2026-07-29,STR001,PRD012,5,1100.00
2026-07-29,STR001,PRD013,1,65.00
2026-07-29,STR001,PRD014,5,200.00
2026-07-29,STR001,PRD015,4,80.00
2026-07-29,STR001,PRD016,7,2030.00
2026-07-29,STR001,PRD017,4,200.00
2026-07-29,STR001,PRD018,4,500.00
2026-07-29,STR001,PRD019,8,1560.00
2026-07-29,STR001,PRD020,1,35.00
2026-07-29,STR001,PRD021,4,180.00
2026-07-29,STR001,PRD022,5,1400.00
2026-07-29,STR001,PRD023,3,960.00
2026-07-29,STR001,PRD024,6,900.00
2026-07-29,STR001,PRD025,8,480.00
2026-07-29,STR001,PRD026,3,225.00
2026-07-29,STR001,PRD027,2,80.00
2026-07-29,STR001,PRD028,3,90.00
2026-07-29,STR001,PRD029,7,1680.00
2026-07-29,STR001,PRD030,4,740.00
2026-07-29,STR001,PRD031,7,665.00
2026-07-29,STR001,PRD032,5,600.00
2026-07-29,STR001,PRD033,6,510.00
2026-07-29,STR001,PRD034,7,1820.00
2026-07-29,STR001,PRD035,4,1680.00
2026-07-29,STR001,PRD036,4,840.00
2026-07-29,STR001,PRD037,4,796.00
2026-07-29,STR001,PRD038,3,345.00
2026-07-29,STR001,PRD039,5,900.00
2026-07-29,STR001,PRD040,3,435.00
2026-07-29,STR001,PRD041,7,686.00
2026-07-29,STR001,PRD042,1,130.00
2026-07-29,STR001,PRD043,5,1050.00
2026-07-29,STR001,PRD044,6,660.00
2026-07-29,STR001,PRD045,5,875.00
2026-07-29,STR001,PRD046,3,480.00
2026-07-29,STR001,PRD047,2,112.00
2026-07-29,STR001,PRD048,2,140.00
2026-07-29,STR001,PRD049,7,406.00
2026-07-29,STR001,PRD050,4,380.00
2026-07-29,STR001,PRD052,6,840.00
2026-07-29,STR001,PRD054,9,5850.00
2026-07-29,STR001,PRD055,5,1950.00
2026-07-29,STR002,PRD001,5,2750.00
2026-07-29,STR002,PRD002,5,825.00
2026-07-29,STR002,PRD003,8,1960.00
2026-07-29,STR002,PRD004,3,180.00
2026-07-29,STR002,PRD005,5,1900.00
2026-07-29,STR002,PRD006,6,1050.00
2026-07-29,STR002,PRD007,6,168.00
2026-07-29,STR002,PRD008,6,312.00
2026-07-29,STR002,PRD009,7,315.00
2026-07-29,STR002,PRD010,7,266.00
2026-07-29,STR002,PRD011,8,880.00
2026-07-29,STR002,PRD012,4,880.00
2026-07-29,STR002,PRD013,5,325.00
2026-07-29,STR002,PRD014,5,200.00
2026-07-29,STR002,PRD015,4,80.00
2026-07-29,STR002,PRD016,2,580.00
2026-07-29,STR002,PRD017,6,300.00
2026-07-29,STR002,PRD018,5,625.00
2026-07-29,STR002,PRD019,4,780.00
2026-07-29,STR002,PRD020,9,315.00
2026-07-29,STR002,PRD021,11,495.00
2026-07-29,STR002,PRD022,12,3360.00
2026-07-29,STR002,PRD023,4,1280.00
2026-07-29,STR002,PRD024,5,750.00
2026-07-29,STR002,PRD025,2,120.00
2026-07-29,STR002,PRD026,4,300.00
2026-07-29,STR002,PRD027,5,200.00
2026-07-29,STR002,PRD028,5,150.00
2026-07-29,STR002,PRD029,5,1200.00
2026-07-29,STR002,PRD030,5,925.00
2026-07-29,STR002,PRD031,5,475.00
2026-07-29,STR002,PRD032,6,720.00
2026-07-29,STR002,PRD033,2,170.00
2026-07-29,STR002,PRD034,4,1040.00
2026-07-29,STR002,PRD035,5,2100.00
2026-07-29,STR002,PRD036,4,840.00
2026-07-29,STR002,PRD037,5,995.00
2026-07-29,STR002,PRD038,4,460.00
2026-07-29,STR002,PRD039,5,900.00
2026-07-29,STR002,PRD040,3,435.00
2026-07-29,STR002,PRD041,7,686.00
2026-07-29,STR002,PRD042,6,780.00
2026-07-29,STR002,PRD044,8,880.00
2026-07-29,STR002,PRD045,4,700.00
2026-07-29,STR002,PRD046,5,800.00
2026-07-29,STR002,PRD047,6,336.00
2026-07-29,STR002,PRD048,12,840.00
2026-07-29,STR002,PRD049,5,290.00
2026-07-29,STR002,PRD050,5,475.00
2026-07-29,STR002,PRD051,7,630.00
2026-07-29,STR002,PRD053,6,2700.00
2026-07-29,STR002,PRD054,6,3900.00
2026-07-29,STR002,PRD055,8,3120.00
2026-07-29,STR003,PRD001,6,3300.00
2026-07-29,STR003,PRD002,2,330.00
2026-07-29,STR003,PRD003,5,1225.00
2026-07-29,STR003,PRD004,5,300.00
2026-07-29,STR003,PRD005,6,2280.00
2026-07-29,STR003,PRD006,6,1050.00
2026-07-29,STR003,PRD007,2,56.00
2026-07-29,STR003,PRD008,6,312.00
2026-07-29,STR003,PRD009,6,270.00
2026-07-29,STR003,PRD010,5,190.00
2026-07-29,STR003,PRD011,5,550.00
2026-07-29,STR003,PRD012,8,1760.00
2026-07-29,STR003,PRD013,5,325.00
2026-07-29,STR003,PRD014,7,280.00
2026-07-29,STR003,PRD015,2,40.00
2026-07-29,STR003,PRD016,2,580.00
2026-07-29,STR003,PRD017,5,250.00
2026-07-29,STR003,PRD018,6,750.00
2026-07-29,STR003,PRD019,7,1365.00
2026-07-29,STR003,PRD020,5,175.00
2026-07-29,STR003,PRD021,6,270.00
2026-07-29,STR003,PRD022,4,1120.00
2026-07-29,STR003,PRD024,5,750.00
2026-07-29,STR003,PRD025,4,240.00
2026-07-29,STR003,PRD026,3,225.00
2026-07-29,STR003,PRD027,3,120.00
2026-07-29,STR003,PRD028,6,180.00
2026-07-29,STR003,PRD029,8,1920.00
2026-07-29,STR003,PRD030,2,370.00
2026-07-29,STR003,PRD031,6,570.00
2026-07-29,STR003,PRD032,7,840.00
2026-07-29,STR003,PRD033,3,255.00
2026-07-29,STR003,PRD034,6,1560.00
2026-07-29,STR003,PRD036,3,630.00
2026-07-29,STR003,PRD037,7,1393.00
2026-07-29,STR003,PRD038,7,805.00
2026-07-29,STR003,PRD039,3,540.00
2026-07-29,STR003,PRD040,4,580.00
2026-07-29,STR003,PRD041,6,588.00
2026-07-29,STR003,PRD042,6,780.00
2026-07-29,STR003,PRD043,5,1050.00
2026-07-29,STR003,PRD044,6,660.00
2026-07-29,STR003,PRD045,2,350.00
2026-07-29,STR003,PRD046,6,960.00
2026-07-29,STR003,PRD047,3,168.00
2026-07-29,STR003,PRD048,3,210.00
2026-07-29,STR003,PRD049,2,116.00
2026-07-29,STR003,PRD050,2,190.00
2026-07-29,STR003,PRD051,5,450.00
2026-07-29,STR003,PRD052,4,560.00
2026-07-29,STR003,PRD053,6,2700.00
2026-07-29,STR003,PRD054,8,5200.00
2026-07-29,STR003,PRD055,7,2730.00
2026-07-29,STR004,PRD002,3,495.00
2026-07-29,STR004,PRD003,6,1470.00
2026-07-29,STR004,PRD004,4,240.00
2026-07-29,STR004,PRD005,2,760.00
2026-07-29,STR004,PRD006,6,1050.00
2026-07-29,STR004,PRD007,4,112.00
2026-07-29,STR004,PRD008,3,156.00
2026-07-29,STR004,PRD009,6,270.00
2026-07-29,STR004,PRD010,4,152.00
2026-07-29,STR004,PRD011,5,550.00
2026-07-29,STR004,PRD012,4,880.00
2026-07-29,STR004,PRD013,4,260.00
2026-07-29,STR004,PRD014,5,200.00
2026-07-29,STR004,PRD015,3,60.00
2026-07-29,STR004,PRD016,4,1160.00
2026-07-29,STR004,PRD017,13,650.00
2026-07-29,STR004,PRD018,9,1125.00
2026-07-29,STR004,PRD020,6,210.00
2026-07-29,STR004,PRD021,2,90.00
2026-07-29,STR004,PRD022,4,1120.00
2026-07-29,STR004,PRD023,6,1920.00
2026-07-29,STR004,PRD024,6,900.00
2026-07-29,STR004,PRD025,4,240.00
2026-07-29,STR004,PRD026,3,225.00
2026-07-29,STR004,PRD027,6,240.00
2026-07-29,STR004,PRD028,5,150.00
2026-07-29,STR004,PRD029,6,1440.00
2026-07-29,STR004,PRD030,6,1110.00
2026-07-29,STR004,PRD031,6,570.00
2026-07-29,STR004,PRD032,5,600.00
2026-07-29,STR004,PRD033,4,340.00
2026-07-29,STR004,PRD034,9,2340.00
2026-07-29,STR004,PRD035,4,1680.00
2026-07-29,STR004,PRD036,7,1470.00
2026-07-29,STR004,PRD037,7,1393.00
2026-07-29,STR004,PRD038,7,805.00
2026-07-29,STR004,PRD039,3,540.00
2026-07-29,STR004,PRD041,4,392.00
2026-07-29,STR004,PRD042,7,910.00
2026-07-29,STR004,PRD043,4,840.00
2026-07-29,STR004,PRD044,6,660.00
2026-07-29,STR004,PRD045,7,1225.00
2026-07-29,STR004,PRD046,5,800.00
2026-07-29,STR004,PRD047,4,224.00
2026-07-29,STR004,PRD048,4,280.00
2026-07-29,STR004,PRD049,6,348.00
2026-07-29,STR004,PRD050,9,855.00
2026-07-29,STR004,PRD051,7,630.00
2026-07-29,STR004,PRD052,6,840.00
2026-07-29,STR004,PRD053,6,2700.00
2026-07-29,STR004,PRD054,6,3900.00
2026-07-29,STR004,PRD055,6,2340.00
2026-07-30,STR001,PRD001,8,4400.00
2026-07-30,STR001,PRD002,11,1815.00
2026-07-30,STR001,PRD003,2,490.00
2026-07-30,STR001,PRD004,13,780.00
2026-07-30,STR001,PRD005,7,2660.00
2026-07-30,STR001,PRD006,6,1050.00
2026-07-30,STR001,PRD007,9,252.00
2026-07-30,STR001,PRD008,1,52.00
2026-07-30,STR001,PRD009,6,270.00
2026-07-30,STR001,PRD010,2,76.00
2026-07-30,STR001,PRD011,7,770.00
2026-07-30,STR001,PRD012,3,660.00
2026-07-30,STR001,PRD013,4,260.00
2026-07-30,STR001,PRD014,3,120.00
2026-07-30,STR001,PRD015,7,140.00
2026-07-30,STR001,PRD016,5,1450.00
2026-07-30,STR001,PRD017,5,250.00
2026-07-30,STR001,PRD018,7,875.00
2026-07-30,STR001,PRD019,4,780.00
2026-07-30,STR001,PRD020,3,105.00
2026-07-30,STR001,PRD021,6,270.00
2026-07-30,STR001,PRD022,5,1400.00
2026-07-30,STR001,PRD023,2,640.00
2026-07-30,STR001,PRD024,2,300.00
2026-07-30,STR001,PRD025,9,540.00
2026-07-30,STR001,PRD026,3,225.00
2026-07-30,STR001,PRD027,2,80.00
2026-07-30,STR001,PRD028,4,120.00
2026-07-30,STR001,PRD029,8,1920.00
2026-07-30,STR001,PRD030,4,740.00
2026-07-30,STR001,PRD031,4,380.00
2026-07-30,STR001,PRD032,5,600.00
2026-07-30,STR001,PRD033,6,510.00
2026-07-30,STR001,PRD034,9,2340.00
2026-07-30,STR001,PRD035,6,2520.00
2026-07-30,STR001,PRD036,7,1470.00
2026-07-30,STR001,PRD037,8,1592.00
2026-07-30,STR001,PRD039,4,720.00
2026-07-30,STR001,PRD040,6,870.00
2026-07-30,STR001,PRD041,6,588.00
2026-07-30,STR001,PRD042,4,520.00
2026-07-30,STR001,PRD043,4,840.00
2026-07-30,STR001,PRD044,4,440.00
2026-07-30,STR001,PRD045,2,350.00
2026-07-30,STR001,PRD046,2,320.00
2026-07-30,STR001,PRD047,3,168.00
2026-07-30,STR001,PRD048,6,420.00
2026-07-30,STR001,PRD049,8,464.00
2026-07-30,STR001,PRD050,5,475.00
2026-07-30,STR001,PRD052,2,280.00
2026-07-30,STR001,PRD054,6,3900.00
2026-07-30,STR001,PRD055,8,3120.00
2026-07-30,STR002,PRD001,6,3300.00
2026-07-30,STR002,PRD002,6,990.00
2026-07-30,STR002,PRD003,7,1715.00
2026-07-30,STR002,PRD004,4,240.00
2026-07-30,STR002,PRD005,4,1520.00
2026-07-30,STR002,PRD006,7,1225.00
2026-07-30,STR002,PRD007,7,196.00
2026-07-30,STR002,PRD008,6,312.00
2026-07-30,STR002,PRD009,8,360.00
2026-07-30,STR002,PRD010,8,304.00
2026-07-30,STR002,PRD011,4,440.00
2026-07-30,STR002,PRD012,2,440.00
2026-07-30,STR002,PRD013,4,260.00
2026-07-30,STR002,PRD014,2,80.00
2026-07-30,STR002,PRD015,5,100.00
2026-07-30,STR002,PRD016,3,870.00
2026-07-30,STR002,PRD017,5,250.00
2026-07-30,STR002,PRD018,6,750.00
2026-07-30,STR002,PRD019,6,1170.00
2026-07-30,STR002,PRD020,6,210.00
2026-07-30,STR002,PRD021,9,405.00
2026-07-30,STR002,PRD022,11,3080.00
2026-07-30,STR002,PRD023,6,1920.00
2026-07-30,STR002,PRD024,2,300.00
2026-07-30,STR002,PRD025,2,120.00
2026-07-30,STR002,PRD026,6,450.00
2026-07-30,STR002,PRD027,5,200.00
2026-07-30,STR002,PRD028,4,120.00
2026-07-30,STR002,PRD029,9,2160.00
2026-07-30,STR002,PRD030,6,1110.00
2026-07-30,STR002,PRD031,3,285.00
2026-07-30,STR002,PRD032,9,1080.00
2026-07-30,STR002,PRD033,2,170.00
2026-07-30,STR002,PRD034,4,1040.00
2026-07-30,STR002,PRD035,1,420.00
2026-07-30,STR002,PRD036,3,630.00
2026-07-30,STR002,PRD037,4,796.00
2026-07-30,STR002,PRD038,7,805.00
2026-07-30,STR002,PRD039,5,900.00
2026-07-30,STR002,PRD040,3,435.00
2026-07-30,STR002,PRD041,7,686.00
2026-07-30,STR002,PRD042,7,910.00
2026-07-30,STR002,PRD044,7,770.00
2026-07-30,STR002,PRD045,8,1400.00
2026-07-30,STR002,PRD046,2,320.00
2026-07-30,STR002,PRD047,5,280.00
2026-07-30,STR002,PRD048,12,840.00
2026-07-30,STR002,PRD049,7,406.00
2026-07-30,STR002,PRD050,3,285.00
2026-07-30,STR002,PRD051,8,720.00
2026-07-30,STR002,PRD053,5,2250.00
2026-07-30,STR002,PRD054,7,4550.00
2026-07-30,STR002,PRD055,9,3510.00
2026-07-30,STR003,PRD001,6,3300.00
2026-07-30,STR003,PRD002,5,825.00
2026-07-30,STR003,PRD003,6,1470.00
2026-07-30,STR003,PRD004,3,180.00
2026-07-30,STR003,PRD005,7,2660.00
2026-07-30,STR003,PRD006,5,875.00
2026-07-30,STR003,PRD007,3,84.00
2026-07-30,STR003,PRD008,8,416.00
2026-07-30,STR003,PRD009,6,270.00
2026-07-30,STR003,PRD010,2,76.00
2026-07-30,STR003,PRD011,6,660.00
2026-07-30,STR003,PRD012,7,1540.00
2026-07-30,STR003,PRD013,5,325.00
2026-07-30,STR003,PRD014,4,160.00
2026-07-30,STR003,PRD015,4,80.00
2026-07-30,STR003,PRD016,2,580.00
2026-07-30,STR003,PRD017,1,50.00
2026-07-30,STR003,PRD018,4,500.00
2026-07-30,STR003,PRD019,6,1170.00
2026-07-30,STR003,PRD020,5,175.00
2026-07-30,STR003,PRD021,2,90.00
2026-07-30,STR003,PRD022,4,1120.00
2026-07-30,STR003,PRD023,2,640.00
2026-07-30,STR003,PRD024,7,1050.00
2026-07-30,STR003,PRD025,1,60.00
2026-07-30,STR003,PRD026,3,225.00
2026-07-30,STR003,PRD027,5,200.00
2026-07-30,STR003,PRD028,7,210.00
2026-07-30,STR003,PRD029,8,1920.00
2026-07-30,STR003,PRD030,3,555.00
2026-07-30,STR003,PRD031,6,570.00
2026-07-30,STR003,PRD032,5,600.00
2026-07-30,STR003,PRD033,6,510.00
2026-07-30,STR003,PRD034,5,1300.00
2026-07-30,STR003,PRD036,2,420.00
2026-07-30,STR003,PRD037,4,796.00
2026-07-30,STR003,PRD038,6,690.00
2026-07-30,STR003,PRD039,4,720.00
2026-07-30,STR003,PRD040,5,725.00
2026-07-30,STR003,PRD041,9,882.00
2026-07-30,STR003,PRD042,6,780.00
2026-07-30,STR003,PRD043,5,1050.00
2026-07-30,STR003,PRD044,7,770.00
2026-07-30,STR003,PRD045,4,700.00
2026-07-30,STR003,PRD046,4,640.00
2026-07-30,STR003,PRD047,6,336.00
2026-07-30,STR003,PRD048,7,490.00
2026-07-30,STR003,PRD049,3,174.00
2026-07-30,STR003,PRD050,2,190.00
2026-07-30,STR003,PRD051,5,450.00
2026-07-30,STR003,PRD052,5,700.00
2026-07-30,STR003,PRD053,2,900.00
2026-07-30,STR003,PRD054,6,3900.00
2026-07-30,STR003,PRD055,6,2340.00
2026-07-30,STR004,PRD002,4,660.00
2026-07-30,STR004,PRD003,8,1960.00
2026-07-30,STR004,PRD004,2,120.00
2026-07-30,STR004,PRD005,3,1140.00
2026-07-30,STR004,PRD006,9,1575.00
2026-07-30,STR004,PRD007,7,196.00
2026-07-30,STR004,PRD008,6,312.00
2026-07-30,STR004,PRD009,6,270.00
2026-07-30,STR004,PRD010,8,304.00
2026-07-30,STR004,PRD011,6,660.00
2026-07-30,STR004,PRD012,5,1100.00
2026-07-30,STR004,PRD013,5,325.00
2026-07-30,STR004,PRD014,7,280.00
2026-07-30,STR004,PRD015,6,120.00
2026-07-30,STR004,PRD016,5,1450.00
2026-07-30,STR004,PRD017,14,700.00
2026-07-30,STR004,PRD018,5,625.00
2026-07-30,STR004,PRD020,4,140.00
2026-07-30,STR004,PRD021,2,90.00
2026-07-30,STR004,PRD022,8,2240.00
2026-07-30,STR004,PRD023,3,960.00
2026-07-30,STR004,PRD024,3,450.00
2026-07-30,STR004,PRD025,4,240.00
2026-07-30,STR004,PRD026,6,450.00
2026-07-30,STR004,PRD027,2,80.00
2026-07-30,STR004,PRD028,4,120.00
2026-07-30,STR004,PRD029,5,1200.00
2026-07-30,STR004,PRD030,2,370.00
2026-07-30,STR004,PRD031,5,475.00
2026-07-30,STR004,PRD032,7,840.00
2026-07-30,STR004,PRD033,4,340.00
2026-07-30,STR004,PRD034,8,2080.00
2026-07-30,STR004,PRD035,7,2940.00
2026-07-30,STR004,PRD036,7,1470.00
2026-07-30,STR004,PRD037,7,1393.00
2026-07-30,STR004,PRD038,8,920.00
2026-07-30,STR004,PRD039,2,360.00
2026-07-30,STR004,PRD041,6,588.00
2026-07-30,STR004,PRD042,6,780.00
2026-07-30,STR004,PRD043,4,840.00
2026-07-30,STR004,PRD044,6,660.00
2026-07-30,STR004,PRD045,8,1400.00
2026-07-30,STR004,PRD046,4,640.00
2026-07-30,STR004,PRD047,6,336.00
2026-07-30,STR004,PRD048,7,490.00
2026-07-30,STR004,PRD049,5,290.00
2026-07-30,STR004,PRD050,9,855.00
2026-07-30,STR004,PRD051,5,450.00
2026-07-30,STR004,PRD052,7,980.00
2026-07-30,STR004,PRD053,5,2250.00
2026-07-30,STR004,PRD054,3,1950.00
2026-07-30,STR004,PRD055,4,1560.00
2026-07-31,STR001,PRD001,8,4400.00
2026-07-31,STR001,PRD002,11,1815.00
2026-07-31,STR001,PRD003,6,1470.00
2026-07-31,STR001,PRD004,13,780.00
2026-07-31,STR001,PRD005,7,2660.00
2026-07-31,STR001,PRD006,6,1050.00
2026-07-31,STR001,PRD007,5,140.00
2026-07-31,STR001,PRD008,5,260.00
2026-07-31,STR001,PRD009,6,270.00
2026-07-31,STR001,PRD010,3,114.00
2026-07-31,STR001,PRD011,4,440.00
2026-07-31,STR001,PRD012,3,660.00
2026-07-31,STR001,PRD013,3,195.00
2026-07-31,STR001,PRD014,5,200.00
2026-07-31,STR001,PRD015,6,120.00
2026-07-31,STR001,PRD016,6,1740.00
2026-07-31,STR001,PRD017,3,150.00
2026-07-31,STR001,PRD018,7,875.00
2026-07-31,STR001,PRD019,8,1560.00
2026-07-31,STR001,PRD020,2,70.00
2026-07-31,STR001,PRD021,7,315.00
2026-07-31,STR001,PRD022,6,1680.00
2026-07-31,STR001,PRD023,3,960.00
2026-07-31,STR001,PRD024,2,300.00
2026-07-31,STR001,PRD025,6,360.00
2026-07-31,STR001,PRD026,5,375.00
2026-07-31,STR001,PRD027,3,120.00
2026-07-31,STR001,PRD028,5,150.00
2026-07-31,STR001,PRD029,5,1200.00
2026-07-31,STR001,PRD030,3,555.00
2026-07-31,STR001,PRD031,8,760.00
2026-07-31,STR001,PRD032,6,720.00
2026-07-31,STR001,PRD033,5,425.00
2026-07-31,STR001,PRD034,5,1300.00
2026-07-31,STR001,PRD035,5,2100.00
2026-07-31,STR001,PRD036,5,1050.00
2026-07-31,STR001,PRD037,8,1592.00
2026-07-31,STR001,PRD039,8,1440.00
2026-07-31,STR001,PRD040,5,725.00
2026-07-31,STR001,PRD041,4,392.00
2026-07-31,STR001,PRD042,3,390.00
2026-07-31,STR001,PRD043,5,1050.00
2026-07-31,STR001,PRD044,5,550.00
2026-07-31,STR001,PRD045,1,175.00
2026-07-31,STR001,PRD046,4,640.00
2026-07-31,STR001,PRD047,3,168.00
2026-07-31,STR001,PRD048,2,140.00
2026-07-31,STR001,PRD049,8,464.00
2026-07-31,STR001,PRD050,2,190.00
2026-07-31,STR001,PRD052,5,700.00
2026-07-31,STR001,PRD055,7,2730.00
2026-07-31,STR002,PRD001,6,3300.00
2026-07-31,STR002,PRD002,3,495.00
2026-07-31,STR002,PRD003,7,1715.00
2026-07-31,STR002,PRD004,6,360.00
2026-07-31,STR002,PRD005,3,1140.00
2026-07-31,STR002,PRD006,5,875.00
2026-07-31,STR002,PRD007,6,168.00
2026-07-31,STR002,PRD008,3,156.00
2026-07-31,STR002,PRD009,8,360.00
2026-07-31,STR002,PRD010,5,190.00
2026-07-31,STR002,PRD011,5,550.00
2026-07-31,STR002,PRD012,3,660.00
2026-07-31,STR002,PRD013,1,65.00
2026-07-31,STR002,PRD014,5,200.00
2026-07-31,STR002,PRD015,2,40.00
2026-07-31,STR002,PRD016,2,580.00
2026-07-31,STR002,PRD017,8,400.00
2026-07-31,STR002,PRD018,5,625.00
2026-07-31,STR002,PRD019,4,780.00
2026-07-31,STR002,PRD020,6,210.00
2026-07-31,STR002,PRD021,12,540.00
2026-07-31,STR002,PRD022,12,3360.00
2026-07-31,STR002,PRD023,4,1280.00
2026-07-31,STR002,PRD024,6,900.00
2026-07-31,STR002,PRD025,2,120.00
2026-07-31,STR002,PRD026,5,375.00
2026-07-31,STR002,PRD027,4,160.00
2026-07-31,STR002,PRD028,4,120.00
2026-07-31,STR002,PRD029,9,2160.00
2026-07-31,STR002,PRD030,5,925.00
2026-07-31,STR002,PRD031,6,570.00
2026-07-31,STR002,PRD032,5,600.00
2026-07-31,STR002,PRD033,2,170.00
2026-07-31,STR002,PRD034,4,1040.00
2026-07-31,STR002,PRD035,1,420.00
2026-07-31,STR002,PRD036,1,210.00
2026-07-31,STR002,PRD037,5,995.00
2026-07-31,STR002,PRD038,8,920.00
2026-07-31,STR002,PRD039,4,720.00
2026-07-31,STR002,PRD040,3,435.00
2026-07-31,STR002,PRD041,3,294.00
2026-07-31,STR002,PRD042,6,780.00
2026-07-31,STR002,PRD044,7,770.00
2026-07-31,STR002,PRD045,8,1400.00
2026-07-31,STR002,PRD046,2,320.00
2026-07-31,STR002,PRD047,8,448.00
2026-07-31,STR002,PRD048,13,910.00
2026-07-31,STR002,PRD049,4,232.00
2026-07-31,STR002,PRD050,2,190.00
2026-07-31,STR002,PRD051,6,540.00
2026-07-31,STR002,PRD053,5,2250.00
2026-07-31,STR002,PRD054,7,4550.00
2026-07-31,STR002,PRD055,7,2730.00
2026-07-31,STR003,PRD001,4,2200.00
2026-07-31,STR003,PRD002,4,660.00
2026-07-31,STR003,PRD003,6,1470.00
2026-07-31,STR003,PRD004,6,360.00
2026-07-31,STR003,PRD005,5,1900.00
2026-07-31,STR003,PRD006,8,1400.00
2026-07-31,STR003,PRD007,5,140.00
2026-07-31,STR003,PRD008,4,208.00
2026-07-31,STR003,PRD009,3,135.00
2026-07-31,STR003,PRD010,2,76.00
2026-07-31,STR003,PRD011,5,550.00
2026-07-31,STR003,PRD012,4,880.00
2026-07-31,STR003,PRD013,5,325.00
2026-07-31,STR003,PRD014,5,200.00
2026-07-31,STR003,PRD015,5,100.00
2026-07-31,STR003,PRD016,2,580.00
2026-07-31,STR003,PRD017,2,100.00
2026-07-31,STR003,PRD018,2,250.00
2026-07-31,STR003,PRD019,6,1170.00
2026-07-31,STR003,PRD020,6,210.00
2026-07-31,STR003,PRD021,5,225.00
2026-07-31,STR003,PRD024,7,1050.00
2026-07-31,STR003,PRD025,2,120.00
2026-07-31,STR003,PRD026,4,300.00
2026-07-31,STR003,PRD027,3,120.00
2026-07-31,STR003,PRD028,4,120.00
2026-07-31,STR003,PRD029,7,1680.00
2026-07-31,STR003,PRD030,4,740.00
2026-07-31,STR003,PRD031,6,570.00
2026-07-31,STR003,PRD032,5,600.00
2026-07-31,STR003,PRD033,3,255.00
2026-07-31,STR003,PRD034,8,2080.00
2026-07-31,STR003,PRD036,3,630.00
2026-07-31,STR003,PRD037,4,796.00
2026-07-31,STR003,PRD038,6,690.00
2026-07-31,STR003,PRD039,3,540.00
2026-07-31,STR003,PRD040,3,435.00
2026-07-31,STR003,PRD041,7,686.00
2026-07-31,STR003,PRD042,6,780.00
2026-07-31,STR003,PRD043,6,1260.00
2026-07-31,STR003,PRD044,5,550.00
2026-07-31,STR003,PRD045,1,175.00
2026-07-31,STR003,PRD046,5,800.00
2026-07-31,STR003,PRD047,4,224.00
2026-07-31,STR003,PRD048,7,490.00
2026-07-31,STR003,PRD049,4,232.00
2026-07-31,STR003,PRD050,4,380.00
2026-07-31,STR003,PRD051,5,450.00
2026-07-31,STR003,PRD052,7,980.00
2026-07-31,STR003,PRD053,3,1350.00
2026-07-31,STR003,PRD054,5,3250.00
2026-07-31,STR004,PRD001,4,2200.00
2026-07-31,STR004,PRD002,5,825.00
2026-07-31,STR004,PRD003,5,1225.00
2026-07-31,STR004,PRD004,6,360.00
2026-07-31,STR004,PRD005,6,2280.00
2026-07-31,STR004,PRD006,6,1050.00
2026-07-31,STR004,PRD007,6,168.00
2026-07-31,STR004,PRD008,5,260.00
2026-07-31,STR004,PRD009,6,270.00
2026-07-31,STR004,PRD010,5,190.00
2026-07-31,STR004,PRD011,4,440.00
2026-07-31,STR004,PRD012,5,1100.00
2026-07-31,STR004,PRD013,7,455.00
2026-07-31,STR004,PRD014,5,200.00
2026-07-31,STR004,PRD015,3,60.00
2026-07-31,STR004,PRD016,8,2320.00
2026-07-31,STR004,PRD017,14,700.00
2026-07-31,STR004,PRD018,7,875.00
2026-07-31,STR004,PRD020,5,175.00
2026-07-31,STR004,PRD021,2,90.00
2026-07-31,STR004,PRD022,4,1120.00
2026-07-31,STR004,PRD023,6,1920.00
2026-07-31,STR004,PRD024,3,450.00
2026-07-31,STR004,PRD025,6,360.00
2026-07-31,STR004,PRD026,4,300.00
2026-07-31,STR004,PRD027,5,200.00
2026-07-31,STR004,PRD028,6,180.00
2026-07-31,STR004,PRD029,7,1680.00
2026-07-31,STR004,PRD030,4,740.00
2026-07-31,STR004,PRD031,8,760.00
2026-07-31,STR004,PRD032,6,720.00
2026-07-31,STR004,PRD033,5,425.00
2026-07-31,STR004,PRD034,5,1300.00
2026-07-31,STR004,PRD035,6,2520.00
2026-07-31,STR004,PRD036,5,1050.00
2026-07-31,STR004,PRD037,7,1393.00
2026-07-31,STR004,PRD038,4,460.00
2026-07-31,STR004,PRD039,3,540.00
2026-07-31,STR004,PRD040,2,290.00
2026-07-31,STR004,PRD041,5,490.00
2026-07-31,STR004,PRD042,5,650.00
2026-07-31,STR004,PRD043,3,630.00
2026-07-31,STR004,PRD044,3,330.00
2026-07-31,STR004,PRD045,6,1050.00
2026-07-31,STR004,PRD046,4,640.00
2026-07-31,STR004,PRD047,6,336.00
2026-07-31,STR004,PRD048,4,280.00
2026-07-31,STR004,PRD049,6,348.00
2026-07-31,STR004,PRD050,9,855.00
2026-07-31,STR004,PRD051,6,540.00
2026-07-31,STR004,PRD052,3,420.00
2026-07-31,STR004,PRD053,7,3150.00
2026-07-31,STR004,PRD054,6,3900.00
2026-07-31,STR004,PRD055,5,1950.00
2026-08-01,STR001,PRD001,10,5500.00
2026-08-01,STR001,PRD002,12,1980.00
2026-08-01,STR001,PRD003,5,1225.00
2026-08-01,STR001,PRD004,13,780.00
2026-08-01,STR001,PRD005,7,2660.00
2026-08-01,STR001,PRD006,5,875.00
2026-08-01,STR001,PRD007,7,196.00
2026-08-01,STR001,PRD008,3,156.00
2026-08-01,STR001,PRD009,7,315.00
2026-08-01,STR001,PRD010,3,114.00
2026-08-01,STR001,PRD011,6,660.00
2026-08-01,STR001,PRD012,6,1320.00
2026-08-01,STR001,PRD013,3,195.00
2026-08-01,STR001,PRD014,2,80.00
2026-08-01,STR001,PRD015,5,100.00
2026-08-01,STR001,PRD016,7,2030.00
2026-08-01,STR001,PRD017,2,100.00
2026-08-01,STR001,PRD018,6,750.00
2026-08-01,STR001,PRD019,7,1365.00
2026-08-01,STR001,PRD020,3,105.00
2026-08-01,STR001,PRD021,8,360.00
2026-08-01,STR001,PRD022,7,1960.00
2026-08-01,STR001,PRD023,6,1920.00
2026-08-01,STR001,PRD024,2,300.00
2026-08-01,STR001,PRD025,6,360.00
2026-08-01,STR001,PRD026,6,450.00
2026-08-01,STR001,PRD027,2,80.00
2026-08-01,STR001,PRD028,3,90.00
2026-08-01,STR001,PRD029,8,1920.00
2026-08-01,STR001,PRD030,7,1295.00
2026-08-01,STR001,PRD031,5,475.00
2026-08-01,STR001,PRD032,8,960.00
2026-08-01,STR001,PRD033,4,340.00
2026-08-01,STR001,PRD034,6,1560.00
2026-08-01,STR001,PRD035,5,2100.00
2026-08-01,STR001,PRD036,3,630.00
2026-08-01,STR001,PRD037,4,796.00
2026-08-01,STR001,PRD038,1,115.00
2026-08-01,STR001,PRD039,5,900.00
2026-08-01,STR001,PRD040,5,725.00
2026-08-01,STR001,PRD041,7,686.00
2026-08-01,STR001,PRD042,4,520.00
2026-08-01,STR001,PRD043,3,630.00
2026-08-01,STR001,PRD044,5,550.00
2026-08-01,STR001,PRD045,1,175.00
2026-08-01,STR001,PRD046,3,480.00
2026-08-01,STR001,PRD047,2,112.00
2026-08-01,STR001,PRD048,3,210.00
2026-08-01,STR001,PRD049,6,348.00
2026-08-01,STR001,PRD050,4,380.00
2026-08-01,STR001,PRD052,2,280.00
2026-08-01,STR001,PRD055,5,1950.00
2026-08-01,STR002,PRD001,6,3300.00
2026-08-01,STR002,PRD002,2,330.00
2026-08-01,STR002,PRD003,5,1225.00
2026-08-01,STR002,PRD004,3,180.00
2026-08-01,STR002,PRD005,7,2660.00
2026-08-01,STR002,PRD006,7,1225.00
2026-08-01,STR002,PRD007,4,112.00
2026-08-01,STR002,PRD008,6,312.00
2026-08-01,STR002,PRD009,5,225.00
2026-08-01,STR002,PRD010,6,228.00
2026-08-01,STR002,PRD011,4,440.00
2026-08-01,STR002,PRD012,5,1100.00
2026-08-01,STR002,PRD013,5,325.00
2026-08-01,STR002,PRD014,5,200.00
2026-08-01,STR002,PRD015,3,60.00
2026-08-01,STR002,PRD016,5,1450.00
2026-08-01,STR002,PRD017,8,400.00
2026-08-01,STR002,PRD018,8,1000.00
2026-08-01,STR002,PRD019,3,585.00
2026-08-01,STR002,PRD020,6,210.00
2026-08-01,STR002,PRD021,11,495.00
2026-08-01,STR002,PRD022,11,3080.00
2026-08-01,STR002,PRD023,5,1600.00
2026-08-01,STR002,PRD024,3,450.00
2026-08-01,STR002,PRD025,5,300.00
2026-08-01,STR002,PRD026,5,375.00
2026-08-01,STR002,PRD027,4,160.00
2026-08-01,STR002,PRD028,6,180.00
2026-08-01,STR002,PRD029,9,2160.00
2026-08-01,STR002,PRD030,6,1110.00
2026-08-01,STR002,PRD031,6,570.00
2026-08-01,STR002,PRD032,5,600.00
2026-08-01,STR002,PRD033,2,170.00
2026-08-01,STR002,PRD034,4,1040.00
2026-08-01,STR002,PRD035,5,2100.00
2026-08-01,STR002,PRD036,1,210.00
2026-08-01,STR002,PRD037,5,995.00
2026-08-01,STR002,PRD038,8,920.00
2026-08-01,STR002,PRD039,4,720.00
2026-08-01,STR002,PRD040,2,290.00
2026-08-01,STR002,PRD041,5,490.00
2026-08-01,STR002,PRD042,7,910.00
2026-08-01,STR002,PRD044,5,550.00
2026-08-01,STR002,PRD045,8,1400.00
2026-08-01,STR002,PRD046,5,800.00
2026-08-01,STR002,PRD047,7,392.00
2026-08-01,STR002,PRD048,10,700.00
2026-08-01,STR002,PRD049,4,232.00
2026-08-01,STR002,PRD050,3,285.00
2026-08-01,STR002,PRD051,7,630.00
2026-08-01,STR002,PRD053,4,1800.00
2026-08-01,STR002,PRD054,3,1950.00
2026-08-01,STR002,PRD055,6,2340.00
2026-08-01,STR003,PRD001,6,3300.00
2026-08-01,STR003,PRD002,5,825.00
2026-08-01,STR003,PRD003,3,735.00
2026-08-01,STR003,PRD004,4,240.00
2026-08-01,STR003,PRD005,8,3040.00
2026-08-01,STR003,PRD006,5,875.00
2026-08-01,STR003,PRD007,5,140.00
2026-08-01,STR003,PRD008,5,260.00
2026-08-01,STR003,PRD009,5,225.00
2026-08-01,STR003,PRD010,4,152.00
2026-08-01,STR003,PRD011,7,770.00
2026-08-01,STR003,PRD012,7,1540.00
2026-08-01,STR003,PRD013,4,260.00
2026-08-01,STR003,PRD014,5,200.00
2026-08-01,STR003,PRD015,4,80.00
2026-08-01,STR003,PRD016,3,870.00
2026-08-01,STR003,PRD017,2,100.00
2026-08-01,STR003,PRD018,5,625.00
2026-08-01,STR003,PRD019,9,1755.00
2026-08-01,STR003,PRD020,4,140.00
2026-08-01,STR003,PRD021,5,225.00
2026-08-01,STR003,PRD023,1,320.00
2026-08-01,STR003,PRD024,5,750.00
2026-08-01,STR003,PRD025,4,240.00
2026-08-01,STR003,PRD026,3,225.00
2026-08-01,STR003,PRD027,2,80.00
2026-08-01,STR003,PRD028,6,180.00
2026-08-01,STR003,PRD029,5,1200.00
2026-08-01,STR003,PRD030,6,1110.00
2026-08-01,STR003,PRD031,10,950.00
2026-08-01,STR003,PRD032,6,720.00
2026-08-01,STR003,PRD033,5,425.00
2026-08-01,STR003,PRD034,4,1040.00
2026-08-01,STR003,PRD036,5,1050.00
2026-08-01,STR003,PRD037,6,1194.00
2026-08-01,STR003,PRD038,4,460.00
2026-08-01,STR003,PRD039,4,720.00
2026-08-01,STR003,PRD040,5,725.00
2026-08-01,STR003,PRD041,7,686.00
2026-08-01,STR003,PRD042,4,520.00
2026-08-01,STR003,PRD043,7,1470.00
2026-08-01,STR003,PRD044,6,660.00
2026-08-01,STR003,PRD045,5,875.00
2026-08-01,STR003,PRD046,4,640.00
2026-08-01,STR003,PRD047,5,280.00
2026-08-01,STR003,PRD048,5,350.00
2026-08-01,STR003,PRD049,6,348.00
2026-08-01,STR003,PRD050,4,380.00
2026-08-01,STR003,PRD051,1,90.00
2026-08-01,STR003,PRD052,5,700.00
2026-08-01,STR003,PRD053,5,2250.00
2026-08-01,STR003,PRD054,9,5850.00
2026-08-01,STR004,PRD001,2,1100.00
2026-08-01,STR004,PRD002,2,330.00
2026-08-01,STR004,PRD003,5,1225.00
2026-08-01,STR004,PRD004,2,120.00
2026-08-01,STR004,PRD005,4,1520.00
2026-08-01,STR004,PRD006,9,1575.00
2026-08-01,STR004,PRD007,5,140.00
2026-08-01,STR004,PRD008,4,208.00
2026-08-01,STR004,PRD009,8,360.00
2026-08-01,STR004,PRD010,8,304.00
2026-08-01,STR004,PRD011,5,550.00
2026-08-01,STR004,PRD012,4,880.00
2026-08-01,STR004,PRD013,3,195.00
2026-08-01,STR004,PRD014,6,240.00
2026-08-01,STR004,PRD015,5,100.00
2026-08-01,STR004,PRD016,4,1160.00
2026-08-01,STR004,PRD017,13,650.00
2026-08-01,STR004,PRD018,8,1000.00
2026-08-01,STR004,PRD020,3,105.00
2026-08-01,STR004,PRD021,6,270.00
2026-08-01,STR004,PRD022,6,1680.00
2026-08-01,STR004,PRD023,4,1280.00
2026-08-01,STR004,PRD024,5,750.00
2026-08-01,STR004,PRD025,5,300.00
2026-08-01,STR004,PRD026,5,375.00
2026-08-01,STR004,PRD027,2,80.00
2026-08-01,STR004,PRD028,6,180.00
2026-08-01,STR004,PRD029,7,1680.00
2026-08-01,STR004,PRD030,3,555.00
2026-08-01,STR004,PRD031,6,570.00
2026-08-01,STR004,PRD032,5,600.00
2026-08-01,STR004,PRD033,4,340.00
2026-08-01,STR004,PRD034,5,1300.00
2026-08-01,STR004,PRD035,7,2940.00
2026-08-01,STR004,PRD036,7,1470.00
2026-08-01,STR004,PRD037,7,1393.00
2026-08-01,STR004,PRD038,4,460.00
2026-08-01,STR004,PRD039,6,1080.00
2026-08-01,STR004,PRD041,4,392.00
2026-08-01,STR004,PRD042,3,390.00
2026-08-01,STR004,PRD043,5,1050.00
2026-08-01,STR004,PRD044,6,660.00
2026-08-01,STR004,PRD045,6,1050.00
2026-08-01,STR004,PRD046,3,480.00
2026-08-01,STR004,PRD047,4,224.00
2026-08-01,STR004,PRD048,7,490.00
2026-08-01,STR004,PRD049,3,174.00
2026-08-01,STR004,PRD050,6,570.00
2026-08-01,STR004,PRD051,6,540.00
2026-08-01,STR004,PRD052,6,840.00
2026-08-01,STR004,PRD053,7,3150.00
2026-08-01,STR004,PRD054,4,2600.00
2026-08-01,STR004,PRD055,4,1560.00
2026-08-02,STR001,PRD001,10,5500.00
2026-08-02,STR001,PRD002,12,1980.00
2026-08-02,STR001,PRD003,3,735.00
2026-08-02,STR001,PRD004,14,840.00
2026-08-02,STR001,PRD005,8,3040.00
2026-08-02,STR001,PRD006,7,1225.00
2026-08-02,STR001,PRD007,5,140.00
2026-08-02,STR001,PRD008,1,52.00
2026-08-02,STR001,PRD009,5,225.00
2026-08-02,STR001,PRD010,3,114.00
2026-08-02,STR001,PRD011,3,330.00
2026-08-02,STR001,PRD012,4,880.00
2026-08-02,STR001,PRD013,5,325.00
2026-08-02,STR001,PRD014,2,80.00
2026-08-02,STR001,PRD015,7,140.00
2026-08-02,STR001,PRD016,7,2030.00
2026-08-02,STR001,PRD017,2,100.00
2026-08-02,STR001,PRD018,5,625.00
2026-08-02,STR001,PRD019,6,1170.00
2026-08-02,STR001,PRD020,4,140.00
2026-08-02,STR001,PRD021,7,315.00
2026-08-02,STR001,PRD022,4,1120.00
2026-08-02,STR001,PRD023,3,960.00
2026-08-02,STR001,PRD024,4,600.00
2026-08-02,STR001,PRD025,5,300.00
2026-08-02,STR001,PRD026,5,375.00
2026-08-02,STR001,PRD027,1,40.00
2026-08-02,STR001,PRD028,2,60.00
2026-08-02,STR001,PRD029,8,1920.00
2026-08-02,STR001,PRD030,5,925.00
2026-08-02,STR001,PRD031,6,570.00
2026-08-02,STR001,PRD032,8,960.00
2026-08-02,STR001,PRD033,7,595.00
2026-08-02,STR001,PRD034,9,2340.00
2026-08-02,STR001,PRD035,4,1680.00
2026-08-02,STR001,PRD036,3,630.00
2026-08-02,STR001,PRD037,6,1194.00
2026-08-02,STR001,PRD038,3,345.00
2026-08-02,STR001,PRD039,7,1260.00
2026-08-02,STR001,PRD040,4,580.00
2026-08-02,STR001,PRD041,7,686.00
2026-08-02,STR001,PRD042,3,390.00
2026-08-02,STR001,PRD043,3,630.00
2026-08-02,STR001,PRD044,4,440.00
2026-08-02,STR001,PRD045,5,875.00
2026-08-02,STR001,PRD046,2,320.00
2026-08-02,STR001,PRD047,5,280.00
2026-08-02,STR001,PRD048,5,350.00
2026-08-02,STR001,PRD049,5,290.00
2026-08-02,STR001,PRD050,4,380.00
2026-08-02,STR001,PRD052,4,560.00
2026-08-02,STR001,PRD053,1,450.00
2026-08-02,STR001,PRD055,5,1950.00
2026-08-02,STR002,PRD001,3,1650.00
2026-08-02,STR002,PRD002,5,825.00
2026-08-02,STR002,PRD003,5,1225.00
2026-08-02,STR002,PRD004,4,240.00
2026-08-02,STR002,PRD005,5,1900.00
2026-08-02,STR002,PRD006,8,1400.00
2026-08-02,STR002,PRD007,8,224.00
2026-08-02,STR002,PRD008,5,260.00
2026-08-02,STR002,PRD009,4,180.00
2026-08-02,STR002,PRD010,5,190.00
2026-08-02,STR002,PRD011,5,550.00
2026-08-02,STR002,PRD012,2,440.00
2026-08-02,STR002,PRD013,3,195.00
2026-08-02,STR002,PRD014,3,120.00
2026-08-02,STR002,PRD015,2,40.00
2026-08-02,STR002,PRD016,6,1740.00
2026-08-02,STR002,PRD017,7,350.00
2026-08-02,STR002,PRD018,9,1125.00
2026-08-02,STR002,PRD019,5,975.00
2026-08-02,STR002,PRD020,10,350.00
2026-08-02,STR002,PRD021,11,495.00
2026-08-02,STR002,PRD022,14,3920.00
2026-08-02,STR002,PRD023,5,1600.00
2026-08-02,STR002,PRD024,6,900.00
2026-08-02,STR002,PRD025,5,300.00
2026-08-02,STR002,PRD026,6,450.00
2026-08-02,STR002,PRD027,6,240.00
2026-08-02,STR002,PRD028,3,90.00
2026-08-02,STR002,PRD029,7,1680.00
2026-08-02,STR002,PRD030,5,925.00
2026-08-02,STR002,PRD031,4,380.00
2026-08-02,STR002,PRD032,7,840.00
2026-08-02,STR002,PRD033,2,170.00
2026-08-02,STR002,PRD034,2,520.00
2026-08-02,STR002,PRD035,4,1680.00
2026-08-02,STR002,PRD036,4,840.00
2026-08-02,STR002,PRD037,5,995.00
2026-08-02,STR002,PRD038,8,920.00
2026-08-02,STR002,PRD039,4,720.00
2026-08-02,STR002,PRD040,4,580.00
2026-08-02,STR002,PRD041,5,490.00
2026-08-02,STR002,PRD042,8,1040.00
2026-08-02,STR002,PRD043,1,210.00
2026-08-02,STR002,PRD044,9,990.00
2026-08-02,STR002,PRD045,4,700.00
2026-08-02,STR002,PRD046,4,640.00
2026-08-02,STR002,PRD047,8,448.00
2026-08-02,STR002,PRD048,12,840.00
2026-08-02,STR002,PRD049,3,174.00
2026-08-02,STR002,PRD050,3,285.00
2026-08-02,STR002,PRD051,8,720.00
2026-08-02,STR002,PRD053,5,2250.00
2026-08-02,STR002,PRD054,5,3250.00
2026-08-02,STR002,PRD055,7,2730.00
2026-08-02,STR003,PRD001,6,3300.00
2026-08-02,STR003,PRD002,5,825.00
2026-08-02,STR003,PRD003,6,1470.00
2026-08-02,STR003,PRD004,2,120.00
2026-08-02,STR003,PRD005,6,2280.00
2026-08-02,STR003,PRD006,8,1400.00
2026-08-02,STR003,PRD007,6,168.00
2026-08-02,STR003,PRD008,5,260.00
2026-08-02,STR003,PRD009,7,315.00
2026-08-02,STR003,PRD010,4,152.00
2026-08-02,STR003,PRD011,8,880.00
2026-08-02,STR003,PRD012,7,1540.00
2026-08-02,STR003,PRD013,7,455.00
2026-08-02,STR003,PRD014,3,120.00
2026-08-02,STR003,PRD015,3,60.00
2026-08-02,STR003,PRD016,6,1740.00
2026-08-02,STR003,PRD017,4,200.00
2026-08-02,STR003,PRD018,3,375.00
2026-08-02,STR003,PRD019,8,1560.00
2026-08-02,STR003,PRD020,8,280.00
2026-08-02,STR003,PRD021,3,135.00
2026-08-02,STR003,PRD022,3,840.00
2026-08-02,STR003,PRD023,3,960.00
2026-08-02,STR003,PRD024,5,750.00
2026-08-02,STR003,PRD025,1,60.00
2026-08-02,STR003,PRD026,6,450.00
2026-08-02,STR003,PRD027,2,80.00
2026-08-02,STR003,PRD028,5,150.00
2026-08-02,STR003,PRD029,4,960.00
2026-08-02,STR003,PRD030,6,1110.00
2026-08-02,STR003,PRD031,8,760.00
2026-08-02,STR003,PRD032,4,480.00
2026-08-02,STR003,PRD033,3,255.00
2026-08-02,STR003,PRD034,7,1820.00
2026-08-02,STR003,PRD036,4,840.00
2026-08-02,STR003,PRD037,4,796.00
2026-08-02,STR003,PRD038,7,805.00
2026-08-02,STR003,PRD039,6,1080.00
2026-08-02,STR003,PRD040,4,580.00
2026-08-02,STR003,PRD041,7,686.00
2026-08-02,STR003,PRD042,6,780.00
2026-08-02,STR003,PRD043,3,630.00
2026-08-02,STR003,PRD044,5,550.00
2026-08-02,STR003,PRD045,5,875.00
2026-08-02,STR003,PRD046,6,960.00
2026-08-02,STR003,PRD047,6,336.00
2026-08-02,STR003,PRD048,6,420.00
2026-08-02,STR003,PRD049,3,174.00
2026-08-02,STR003,PRD050,5,475.00
2026-08-02,STR003,PRD051,4,360.00
2026-08-02,STR003,PRD052,7,980.00
2026-08-02,STR003,PRD053,4,1800.00
2026-08-02,STR003,PRD054,8,5200.00
2026-08-02,STR004,PRD002,3,495.00
2026-08-02,STR004,PRD003,7,1715.00
2026-08-02,STR004,PRD004,4,240.00
2026-08-02,STR004,PRD005,2,760.00
2026-08-02,STR004,PRD006,9,1575.00
2026-08-02,STR004,PRD007,5,140.00
2026-08-02,STR004,PRD008,6,312.00
2026-08-02,STR004,PRD009,5,225.00
2026-08-02,STR004,PRD010,4,152.00
2026-08-02,STR004,PRD011,5,550.00
2026-08-02,STR004,PRD012,5,1100.00
2026-08-02,STR004,PRD013,6,390.00
2026-08-02,STR004,PRD014,6,240.00
2026-08-02,STR004,PRD015,6,120.00
2026-08-02,STR004,PRD016,5,1450.00
2026-08-02,STR004,PRD017,13,650.00
2026-08-02,STR004,PRD018,9,1125.00
2026-08-02,STR004,PRD020,7,245.00
2026-08-02,STR004,PRD021,6,270.00
2026-08-02,STR004,PRD022,8,2240.00
2026-08-02,STR004,PRD023,2,640.00
2026-08-02,STR004,PRD024,6,900.00
2026-08-02,STR004,PRD025,7,420.00
2026-08-02,STR004,PRD026,6,450.00
2026-08-02,STR004,PRD027,2,80.00
2026-08-02,STR004,PRD028,4,120.00
2026-08-02,STR004,PRD029,9,2160.00
2026-08-02,STR004,PRD030,3,555.00
2026-08-02,STR004,PRD031,5,475.00
2026-08-02,STR004,PRD032,7,840.00
2026-08-02,STR004,PRD033,4,340.00
2026-08-02,STR004,PRD034,5,1300.00
2026-08-02,STR004,PRD035,6,2520.00
2026-08-02,STR004,PRD036,5,1050.00
2026-08-02,STR004,PRD037,9,1791.00
2026-08-02,STR004,PRD038,7,805.00
2026-08-02,STR004,PRD039,6,1080.00
2026-08-02,STR004,PRD040,3,435.00
2026-08-02,STR004,PRD041,3,294.00
2026-08-02,STR004,PRD042,4,520.00
2026-08-02,STR004,PRD043,4,840.00
2026-08-02,STR004,PRD044,5,550.00
2026-08-02,STR004,PRD045,6,1050.00
2026-08-02,STR004,PRD046,3,480.00
2026-08-02,STR004,PRD047,7,392.00
2026-08-02,STR004,PRD048,4,280.00
2026-08-02,STR004,PRD049,5,290.00
2026-08-02,STR004,PRD050,6,570.00
2026-08-02,STR004,PRD051,7,630.00
2026-08-02,STR004,PRD052,3,420.00
2026-08-02,STR004,PRD053,4,1800.00
2026-08-02,STR004,PRD054,3,1950.00
2026-08-02,STR004,PRD055,6,2340.00
2026-08-03,STR001,PRD001,10,5500.00
2026-08-03,STR001,PRD002,11,1815.00
2026-08-03,STR001,PRD003,3,735.00
2026-08-03,STR001,PRD004,14,840.00
2026-08-03,STR001,PRD005,7,2660.00
2026-08-03,STR001,PRD006,5,875.00
2026-08-03,STR001,PRD007,6,168.00
2026-08-03,STR001,PRD008,4,208.00
2026-08-03,STR001,PRD009,7,315.00
2026-08-03,STR001,PRD010,1,38.00
2026-08-03,STR001,PRD011,7,770.00
2026-08-03,STR001,PRD012,5,1100.00
2026-08-03,STR001,PRD013,2,130.00
2026-08-03,STR001,PRD014,3,120.00
2026-08-03,STR001,PRD015,7,140.00
2026-08-03,STR001,PRD016,3,870.00
2026-08-03,STR001,PRD017,2,100.00
2026-08-03,STR001,PRD018,3,375.00
2026-08-03,STR001,PRD019,7,1365.00
2026-08-03,STR001,PRD020,5,175.00
2026-08-03,STR001,PRD021,7,315.00
2026-08-03,STR001,PRD022,7,1960.00
2026-08-03,STR001,PRD023,2,640.00
2026-08-03,STR001,PRD024,5,750.00
2026-08-03,STR001,PRD025,7,420.00
2026-08-03,STR001,PRD026,6,450.00
2026-08-03,STR001,PRD027,1,40.00
2026-08-03,STR001,PRD028,5,150.00
2026-08-03,STR001,PRD029,8,1920.00
2026-08-03,STR001,PRD030,3,555.00
2026-08-03,STR001,PRD031,7,665.00
2026-08-03,STR001,PRD032,7,840.00
2026-08-03,STR001,PRD033,3,255.00
2026-08-03,STR001,PRD034,7,1820.00
2026-08-03,STR001,PRD035,6,2520.00
2026-08-03,STR001,PRD036,3,630.00
2026-08-03,STR001,PRD037,6,1194.00
2026-08-03,STR001,PRD038,2,230.00
2026-08-03,STR001,PRD039,8,1440.00
2026-08-03,STR001,PRD040,6,870.00
2026-08-03,STR001,PRD041,7,686.00
2026-08-03,STR001,PRD042,1,130.00
2026-08-03,STR001,PRD043,2,420.00
2026-08-03,STR001,PRD044,3,330.00
2026-08-03,STR001,PRD045,3,525.00
2026-08-03,STR001,PRD046,6,960.00
2026-08-03,STR001,PRD047,1,56.00
2026-08-03,STR001,PRD048,3,210.00
2026-08-03,STR001,PRD049,6,348.00
2026-08-03,STR001,PRD050,5,475.00
2026-08-03,STR001,PRD052,4,560.00
2026-08-03,STR001,PRD055,5,1950.00
2026-08-03,STR002,PRD001,6,3300.00
2026-08-03,STR002,PRD002,3,495.00
2026-08-03,STR002,PRD003,6,1470.00
2026-08-03,STR002,PRD004,2,120.00
2026-08-03,STR002,PRD005,5,1900.00
2026-08-03,STR002,PRD006,5,875.00
2026-08-03,STR002,PRD007,7,196.00
2026-08-03,STR002,PRD008,6,312.00
2026-08-03,STR002,PRD009,5,225.00
2026-08-03,STR002,PRD010,6,228.00
2026-08-03,STR002,PRD011,6,660.00
2026-08-03,STR002,PRD012,4,880.00
2026-08-03,STR002,PRD013,4,260.00
2026-08-03,STR002,PRD014,4,160.00
2026-08-03,STR002,PRD015,5,100.00
2026-08-03,STR002,PRD016,4,1160.00
2026-08-03,STR002,PRD017,9,450.00
2026-08-03,STR002,PRD018,7,875.00
2026-08-03,STR002,PRD019,6,1170.00
2026-08-03,STR002,PRD020,6,210.00
2026-08-03,STR002,PRD021,9,405.00
2026-08-03,STR002,PRD022,11,3080.00
2026-08-03,STR002,PRD023,7,2240.00
2026-08-03,STR002,PRD024,4,600.00
2026-08-03,STR002,PRD025,2,120.00
2026-08-03,STR002,PRD026,4,300.00
2026-08-03,STR002,PRD027,4,160.00
2026-08-03,STR002,PRD028,7,210.00
2026-08-03,STR002,PRD029,7,1680.00
2026-08-03,STR002,PRD030,5,925.00
2026-08-03,STR002,PRD031,4,380.00
2026-08-03,STR002,PRD032,6,720.00
2026-08-03,STR002,PRD033,4,340.00
2026-08-03,STR002,PRD034,3,780.00
2026-08-03,STR002,PRD035,4,1680.00
2026-08-03,STR002,PRD036,4,840.00
2026-08-03,STR002,PRD037,6,1194.00
2026-08-03,STR002,PRD038,5,575.00
2026-08-03,STR002,PRD039,4,720.00
2026-08-03,STR002,PRD040,2,290.00
2026-08-03,STR002,PRD041,7,686.00
2026-08-03,STR002,PRD042,7,910.00
2026-08-03,STR002,PRD044,7,770.00
2026-08-03,STR002,PRD045,5,875.00
2026-08-03,STR002,PRD046,1,160.00
2026-08-03,STR002,PRD047,5,280.00
2026-08-03,STR002,PRD048,14,980.00
2026-08-03,STR002,PRD049,5,290.00
2026-08-03,STR002,PRD050,3,285.00
2026-08-03,STR002,PRD051,8,720.00
2026-08-03,STR002,PRD053,3,1350.00
2026-08-03,STR002,PRD054,5,3250.00
2026-08-03,STR002,PRD055,7,2730.00
2026-08-03,STR003,PRD001,8,4400.00
2026-08-03,STR003,PRD002,6,990.00
2026-08-03,STR003,PRD003,6,1470.00
2026-08-03,STR003,PRD004,5,300.00
2026-08-03,STR003,PRD005,9,3420.00
2026-08-03,STR003,PRD006,5,875.00
2026-08-03,STR003,PRD007,4,112.00
2026-08-03,STR003,PRD008,5,260.00
2026-08-03,STR003,PRD009,7,315.00
2026-08-03,STR003,PRD010,6,228.00
2026-08-03,STR003,PRD011,6,660.00
2026-08-03,STR003,PRD012,8,1760.00
2026-08-03,STR003,PRD013,6,390.00
2026-08-03,STR003,PRD014,6,240.00
2026-08-03,STR003,PRD015,4,80.00
2026-08-03,STR003,PRD016,3,870.00
2026-08-03,STR003,PRD017,5,250.00
2026-08-03,STR003,PRD018,5,625.00
2026-08-03,STR003,PRD019,6,1170.00
2026-08-03,STR003,PRD020,7,245.00
2026-08-03,STR003,PRD021,5,225.00
2026-08-03,STR003,PRD024,7,1050.00
2026-08-03,STR003,PRD025,2,120.00
2026-08-03,STR003,PRD026,5,375.00
2026-08-03,STR003,PRD027,2,80.00
2026-08-03,STR003,PRD028,5,150.00
2026-08-03,STR003,PRD029,5,1200.00
2026-08-03,STR003,PRD030,4,740.00
2026-08-03,STR003,PRD031,10,950.00
2026-08-03,STR003,PRD032,3,360.00
2026-08-03,STR003,PRD033,3,255.00
2026-08-03,STR003,PRD034,6,1560.00
2026-08-03,STR003,PRD036,6,1260.00
2026-08-03,STR003,PRD037,3,597.00
2026-08-03,STR003,PRD038,8,920.00
2026-08-03,STR003,PRD039,3,540.00
2026-08-03,STR003,PRD040,3,435.00
2026-08-03,STR003,PRD041,7,686.00
2026-08-03,STR003,PRD042,4,520.00
2026-08-03,STR003,PRD043,6,1260.00
2026-08-03,STR003,PRD044,3,330.00
2026-08-03,STR003,PRD045,3,525.00
2026-08-03,STR003,PRD046,6,960.00
2026-08-03,STR003,PRD047,2,112.00
2026-08-03,STR003,PRD048,5,350.00
2026-08-03,STR003,PRD049,6,348.00
2026-08-03,STR003,PRD050,6,570.00
2026-08-03,STR003,PRD051,5,450.00
2026-08-03,STR003,PRD052,4,560.00
2026-08-03,STR003,PRD053,2,900.00
2026-08-03,STR003,PRD054,8,5200.00
2026-08-03,STR004,PRD001,4,2200.00
2026-08-03,STR004,PRD002,6,990.00
2026-08-03,STR004,PRD003,5,1225.00
2026-08-03,STR004,PRD004,3,180.00
2026-08-03,STR004,PRD005,4,1520.00
2026-08-03,STR004,PRD006,6,1050.00
2026-08-03,STR004,PRD007,4,112.00
2026-08-03,STR004,PRD008,4,208.00
2026-08-03,STR004,PRD009,7,315.00
2026-08-03,STR004,PRD010,5,190.00
2026-08-03,STR004,PRD011,2,220.00
2026-08-03,STR004,PRD012,5,1100.00
2026-08-03,STR004,PRD013,5,325.00
2026-08-03,STR004,PRD014,7,280.00
2026-08-03,STR004,PRD015,5,100.00
2026-08-03,STR004,PRD016,4,1160.00
2026-08-03,STR004,PRD017,14,700.00
2026-08-03,STR004,PRD018,5,625.00
2026-08-03,STR004,PRD020,4,140.00
2026-08-03,STR004,PRD021,6,270.00
2026-08-03,STR004,PRD022,6,1680.00
2026-08-03,STR004,PRD023,2,640.00
2026-08-03,STR004,PRD024,3,450.00
2026-08-03,STR004,PRD025,4,240.00
2026-08-03,STR004,PRD026,4,300.00
2026-08-03,STR004,PRD027,6,240.00
2026-08-03,STR004,PRD028,6,180.00
2026-08-03,STR004,PRD029,8,1920.00
2026-08-03,STR004,PRD030,5,925.00
2026-08-03,STR004,PRD031,4,380.00
2026-08-03,STR004,PRD032,7,840.00
2026-08-03,STR004,PRD033,1,85.00
2026-08-03,STR004,PRD034,7,1820.00
2026-08-03,STR004,PRD035,4,1680.00
2026-08-03,STR004,PRD036,6,1260.00
2026-08-03,STR004,PRD037,8,1592.00
2026-08-03,STR004,PRD038,4,460.00
2026-08-03,STR004,PRD039,5,900.00
2026-08-03,STR004,PRD041,5,490.00
2026-08-03,STR004,PRD042,4,520.00
2026-08-03,STR004,PRD043,1,210.00
2026-08-03,STR004,PRD044,7,770.00
2026-08-03,STR004,PRD045,9,1575.00
2026-08-03,STR004,PRD046,3,480.00
2026-08-03,STR004,PRD047,8,448.00
2026-08-03,STR004,PRD048,6,420.00
2026-08-03,STR004,PRD049,5,290.00
2026-08-03,STR004,PRD050,9,855.00
2026-08-03,STR004,PRD051,5,450.00
2026-08-03,STR004,PRD052,7,980.00
2026-08-03,STR004,PRD053,7,3150.00
2026-08-03,STR004,PRD054,2,1300.00
2026-08-03,STR004,PRD055,5,1950.00
2026-08-04,STR001,PRD001,8,4400.00
2026-08-04,STR001,PRD002,12,1980.00
2026-08-04,STR001,PRD003,6,1470.00
2026-08-04,STR001,PRD004,13,780.00
2026-08-04,STR001,PRD005,4,1520.00
2026-08-04,STR001,PRD006,6,1050.00
2026-08-04,STR001,PRD007,8,224.00
2026-08-04,STR001,PRD008,5,260.00
2026-08-04,STR001,PRD009,5,225.00
2026-08-04,STR001,PRD010,4,152.00
2026-08-04,STR001,PRD011,4,440.00
2026-08-04,STR001,PRD012,5,1100.00
2026-08-04,STR001,PRD013,5,325.00
2026-08-04,STR001,PRD014,5,200.00
2026-08-04,STR001,PRD015,8,160.00
2026-08-04,STR001,PRD016,5,1450.00
2026-08-04,STR001,PRD017,4,200.00
2026-08-04,STR001,PRD018,5,625.00
2026-08-04,STR001,PRD019,8,1560.00
2026-08-04,STR001,PRD020,2,70.00
2026-08-04,STR001,PRD021,6,270.00
2026-08-04,STR001,PRD022,6,1680.00
2026-08-04,STR001,PRD023,6,1920.00
2026-08-04,STR001,PRD024,6,900.00
2026-08-04,STR001,PRD025,7,420.00
2026-08-04,STR001,PRD026,5,375.00
2026-08-04,STR001,PRD027,1,40.00
2026-08-04,STR001,PRD028,2,60.00
2026-08-04,STR001,PRD029,7,1680.00
2026-08-04,STR001,PRD030,3,555.00
2026-08-04,STR001,PRD031,6,570.00
2026-08-04,STR001,PRD032,8,960.00
2026-08-04,STR001,PRD033,6,510.00
2026-08-04,STR001,PRD034,8,2080.00
2026-08-04,STR001,PRD035,4,1680.00
2026-08-04,STR001,PRD036,4,840.00
2026-08-04,STR001,PRD037,4,796.00
2026-08-04,STR001,PRD038,2,230.00
2026-08-04,STR001,PRD039,6,1080.00
2026-08-04,STR001,PRD040,3,435.00
2026-08-04,STR001,PRD041,7,686.00
2026-08-04,STR001,PRD042,3,390.00
2026-08-04,STR001,PRD043,6,1260.00
2026-08-04,STR001,PRD044,3,330.00
2026-08-04,STR001,PRD045,2,350.00
2026-08-04,STR001,PRD046,2,320.00
2026-08-04,STR001,PRD047,2,112.00
2026-08-04,STR001,PRD048,3,210.00
2026-08-04,STR001,PRD049,6,348.00
2026-08-04,STR001,PRD050,6,570.00
2026-08-04,STR001,PRD052,4,560.00
2026-08-04,STR001,PRD055,8,3120.00
2026-08-04,STR002,PRD001,6,3300.00
2026-08-04,STR002,PRD002,2,330.00
2026-08-04,STR002,PRD003,6,1470.00
2026-08-04,STR002,PRD004,6,360.00
2026-08-04,STR002,PRD005,4,1520.00
2026-08-04,STR002,PRD006,9,1575.00
2026-08-04,STR002,PRD007,5,140.00
2026-08-04,STR002,PRD008,5,260.00
2026-08-04,STR002,PRD009,5,225.00
2026-08-04,STR002,PRD010,5,190.00
2026-08-04,STR002,PRD011,7,770.00
2026-08-04,STR002,PRD012,3,660.00
2026-08-04,STR002,PRD013,2,130.00
2026-08-04,STR002,PRD014,6,240.00
2026-08-04,STR002,PRD015,3,60.00
2026-08-04,STR002,PRD016,4,1160.00
2026-08-04,STR002,PRD017,9,450.00
2026-08-04,STR002,PRD018,8,1000.00
2026-08-04,STR002,PRD019,6,1170.00
2026-08-04,STR002,PRD020,9,315.00
2026-08-04,STR002,PRD021,10,450.00
2026-08-04,STR002,PRD022,11,3080.00
2026-08-04,STR002,PRD023,5,1600.00
2026-08-04,STR002,PRD024,5,750.00
2026-08-04,STR002,PRD025,4,240.00
2026-08-04,STR002,PRD026,5,375.00
2026-08-04,STR002,PRD027,3,120.00
2026-08-04,STR002,PRD028,5,150.00
2026-08-04,STR002,PRD029,7,1680.00
2026-08-04,STR002,PRD030,5,925.00
2026-08-04,STR002,PRD031,4,380.00
2026-08-04,STR002,PRD032,8,960.00
2026-08-04,STR002,PRD033,2,170.00
2026-08-04,STR002,PRD034,4,1040.00
2026-08-04,STR002,PRD035,5,2100.00
2026-08-04,STR002,PRD036,4,840.00
2026-08-04,STR002,PRD037,7,1393.00
2026-08-04,STR002,PRD038,4,460.00
2026-08-04,STR002,PRD039,6,1080.00
2026-08-04,STR002,PRD040,1,145.00
2026-08-04,STR002,PRD041,6,588.00
2026-08-04,STR002,PRD042,7,910.00
2026-08-04,STR002,PRD044,6,660.00
2026-08-04,STR002,PRD045,7,1225.00
2026-08-04,STR002,PRD046,3,480.00
2026-08-04,STR002,PRD047,4,224.00
2026-08-04,STR002,PRD048,11,770.00
2026-08-04,STR002,PRD049,4,232.00
2026-08-04,STR002,PRD050,4,380.00
2026-08-04,STR002,PRD051,6,540.00
2026-08-04,STR002,PRD053,5,2250.00
2026-08-04,STR002,PRD054,3,1950.00
2026-08-04,STR002,PRD055,7,2730.00
2026-08-04,STR003,PRD001,8,4400.00
2026-08-04,STR003,PRD002,5,825.00
2026-08-04,STR003,PRD003,5,1225.00
2026-08-04,STR003,PRD004,6,360.00
2026-08-04,STR003,PRD005,9,3420.00
2026-08-04,STR003,PRD006,5,875.00
2026-08-04,STR003,PRD007,3,84.00
2026-08-04,STR003,PRD008,8,416.00
2026-08-04,STR003,PRD009,7,315.00
2026-08-04,STR003,PRD010,5,190.00
2026-08-04,STR003,PRD011,6,660.00
2026-08-04,STR003,PRD012,4,880.00
2026-08-04,STR003,PRD013,4,260.00
2026-08-04,STR003,PRD014,4,160.00
2026-08-04,STR003,PRD015,2,40.00
2026-08-04,STR003,PRD016,4,1160.00
2026-08-04,STR003,PRD017,4,200.00
2026-08-04,STR003,PRD018,6,750.00
2026-08-04,STR003,PRD019,8,1560.00
2026-08-04,STR003,PRD020,4,140.00
2026-08-04,STR003,PRD021,5,225.00
2026-08-04,STR003,PRD022,3,840.00
2026-08-04,STR003,PRD024,7,1050.00
2026-08-04,STR003,PRD025,5,300.00
2026-08-04,STR003,PRD026,7,525.00
2026-08-04,STR003,PRD027,4,160.00
2026-08-04,STR003,PRD028,4,120.00
2026-08-04,STR003,PRD029,4,960.00
2026-08-04,STR003,PRD030,2,370.00
2026-08-04,STR003,PRD031,8,760.00
2026-08-04,STR003,PRD032,5,600.00
2026-08-04,STR003,PRD033,6,510.00
2026-08-04,STR003,PRD034,6,1560.00
2026-08-04,STR003,PRD036,4,840.00
2026-08-04,STR003,PRD037,3,597.00
2026-08-04,STR003,PRD038,7,805.00
2026-08-04,STR003,PRD039,3,540.00
2026-08-04,STR003,PRD040,2,290.00
2026-08-04,STR003,PRD041,7,686.00
2026-08-04,STR003,PRD042,7,910.00
2026-08-04,STR003,PRD043,4,840.00
2026-08-04,STR003,PRD044,4,440.00
2026-08-04,STR003,PRD045,5,875.00
2026-08-04,STR003,PRD046,4,640.00
2026-08-04,STR003,PRD047,6,336.00
2026-08-04,STR003,PRD048,4,280.00
2026-08-04,STR003,PRD049,6,348.00
2026-08-04,STR003,PRD050,2,190.00
2026-08-04,STR003,PRD051,4,360.00
2026-08-04,STR003,PRD052,5,700.00
2026-08-04,STR003,PRD053,4,1800.00
2026-08-04,STR003,PRD054,9,5850.00
2026-08-04,STR004,PRD001,4,2200.00
2026-08-04,STR004,PRD002,4,660.00
2026-08-04,STR004,PRD003,8,1960.00
2026-08-04,STR004,PRD004,6,360.00
2026-08-04,STR004,PRD005,4,1520.00
2026-08-04,STR004,PRD006,5,875.00
2026-08-04,STR004,PRD007,4,112.00
2026-08-04,STR004,PRD008,3,156.00
2026-08-04,STR004,PRD009,6,270.00
2026-08-04,STR004,PRD010,6,228.00
2026-08-04,STR004,PRD011,5,550.00
2026-08-04,STR004,PRD012,2,440.00
2026-08-04,STR004,PRD013,4,260.00
2026-08-04,STR004,PRD014,5,200.00
2026-08-04,STR004,PRD015,6,120.00
2026-08-04,STR004,PRD016,5,1450.00
2026-08-04,STR004,PRD017,16,800.00
2026-08-04,STR004,PRD018,7,875.00
2026-08-04,STR004,PRD020,5,175.00
2026-08-04,STR004,PRD021,4,180.00
2026-08-04,STR004,PRD022,8,2240.00
2026-08-04,STR004,PRD023,2,640.00
2026-08-04,STR004,PRD024,3,450.00
2026-08-04,STR004,PRD025,3,180.00
2026-08-04,STR004,PRD026,6,450.00
2026-08-04,STR004,PRD027,5,200.00
2026-08-04,STR004,PRD028,5,150.00
2026-08-04,STR004,PRD029,8,1920.00
2026-08-04,STR004,PRD030,2,370.00
2026-08-04,STR004,PRD031,8,760.00
2026-08-04,STR004,PRD032,3,360.00
2026-08-04,STR004,PRD033,5,425.00
2026-08-04,STR004,PRD034,7,1820.00
2026-08-04,STR004,PRD035,4,1680.00
2026-08-04,STR004,PRD036,9,1890.00
2026-08-04,STR004,PRD037,8,1592.00
2026-08-04,STR004,PRD038,4,460.00
2026-08-04,STR004,PRD039,6,1080.00
2026-08-04,STR004,PRD040,1,145.00
2026-08-04,STR004,PRD041,6,588.00
2026-08-04,STR004,PRD042,6,780.00
2026-08-04,STR004,PRD043,3,630.00
2026-08-04,STR004,PRD044,7,770.00
2026-08-04,STR004,PRD045,7,1225.00
2026-08-04,STR004,PRD046,2,320.00
2026-08-04,STR004,PRD047,4,224.00
2026-08-04,STR004,PRD048,7,490.00
2026-08-04,STR004,PRD049,3,174.00
2026-08-04,STR004,PRD050,9,855.00
2026-08-04,STR004,PRD051,5,450.00
2026-08-04,STR004,PRD052,7,980.00
2026-08-04,STR004,PRD053,5,2250.00
2026-08-04,STR004,PRD054,6,3900.00
2026-08-04,STR004,PRD055,2,780.00
2026-08-05,STR001,PRD001,10,5500.00
2026-08-05,STR001,PRD002,11,1815.00
2026-08-05,STR001,PRD003,6,1470.00
2026-08-05,STR001,PRD004,11,660.00
2026-08-05,STR001,PRD005,4,1520.00
2026-08-05,STR001,PRD006,7,1225.00
2026-08-05,STR001,PRD007,7,196.00
2026-08-05,STR001,PRD008,4,208.00
2026-08-05,STR001,PRD009,6,270.00
2026-08-05,STR001,PRD010,2,76.00
2026-08-05,STR001,PRD011,5,550.00
2026-08-05,STR001,PRD012,3,660.00
2026-08-05,STR001,PRD013,2,130.00
2026-08-05,STR001,PRD014,6,240.00
2026-08-05,STR001,PRD015,6,120.00
2026-08-05,STR001,PRD016,6,1740.00
2026-08-05,STR001,PRD017,6,300.00
2026-08-05,STR001,PRD018,6,750.00
2026-08-05,STR001,PRD019,4,780.00
2026-08-05,STR001,PRD020,4,140.00
2026-08-05,STR001,PRD021,8,360.00
2026-08-05,STR001,PRD022,6,1680.00
2026-08-05,STR001,PRD023,2,640.00
2026-08-05,STR001,PRD024,6,900.00
2026-08-05,STR001,PRD025,8,480.00
2026-08-05,STR001,PRD026,2,150.00
2026-08-05,STR001,PRD027,1,40.00
2026-08-05,STR001,PRD028,2,60.00
2026-08-05,STR001,PRD029,6,1440.00
2026-08-05,STR001,PRD030,6,1110.00
2026-08-05,STR001,PRD031,5,475.00
2026-08-05,STR001,PRD032,6,720.00
2026-08-05,STR001,PRD033,4,340.00
2026-08-05,STR001,PRD034,9,2340.00
2026-08-05,STR001,PRD035,5,2100.00
2026-08-05,STR001,PRD036,7,1470.00
2026-08-05,STR001,PRD037,7,1393.00
2026-08-05,STR001,PRD039,8,1440.00
2026-08-05,STR001,PRD040,5,725.00
2026-08-05,STR001,PRD041,8,784.00
2026-08-05,STR001,PRD042,2,260.00
2026-08-05,STR001,PRD043,3,630.00
2026-08-05,STR001,PRD044,3,330.00
2026-08-05,STR001,PRD045,2,350.00
2026-08-05,STR001,PRD046,4,640.00
2026-08-05,STR001,PRD047,2,112.00
2026-08-05,STR001,PRD048,2,140.00
2026-08-05,STR001,PRD049,4,232.00
2026-08-05,STR001,PRD050,6,570.00
2026-08-05,STR001,PRD052,6,840.00
2026-08-05,STR001,PRD055,4,1560.00
2026-08-05,STR002,PRD001,4,2200.00
2026-08-05,STR002,PRD002,6,990.00
2026-08-05,STR002,PRD003,6,1470.00
2026-08-05,STR002,PRD004,2,120.00
2026-08-05,STR002,PRD005,5,1900.00
2026-08-05,STR002,PRD006,7,1225.00
2026-08-05,STR002,PRD007,5,140.00
2026-08-05,STR002,PRD008,4,208.00
2026-08-05,STR002,PRD009,5,225.00
2026-08-05,STR002,PRD010,6,228.00
2026-08-05,STR002,PRD011,5,550.00
2026-08-05,STR002,PRD012,5,1100.00
2026-08-05,STR002,PRD013,3,195.00
2026-08-05,STR002,PRD014,3,120.00
2026-08-05,STR002,PRD015,3,60.00
2026-08-05,STR002,PRD016,4,1160.00
2026-08-05,STR002,PRD017,5,250.00
2026-08-05,STR002,PRD018,6,750.00
2026-08-05,STR002,PRD019,5,975.00
2026-08-05,STR002,PRD020,6,210.00
2026-08-05,STR002,PRD021,11,495.00
2026-08-05,STR002,PRD022,10,2800.00
2026-08-05,STR002,PRD023,6,1920.00
2026-08-05,STR002,PRD024,3,450.00
2026-08-05,STR002,PRD025,5,300.00
2026-08-05,STR002,PRD026,3,225.00
2026-08-05,STR002,PRD027,5,200.00
2026-08-05,STR002,PRD028,6,180.00
2026-08-05,STR002,PRD029,8,1920.00
2026-08-05,STR002,PRD030,4,740.00
2026-08-05,STR002,PRD031,3,285.00
2026-08-05,STR002,PRD032,8,960.00
2026-08-05,STR002,PRD033,4,340.00
2026-08-05,STR002,PRD034,1,260.00
2026-08-05,STR002,PRD035,1,420.00
2026-08-05,STR002,PRD036,2,420.00
2026-08-05,STR002,PRD037,8,1592.00
2026-08-05,STR002,PRD038,8,920.00
2026-08-05,STR002,PRD039,7,1260.00
2026-08-05,STR002,PRD040,1,145.00
2026-08-05,STR002,PRD041,4,392.00
2026-08-05,STR002,PRD042,6,780.00
2026-08-05,STR002,PRD043,1,210.00
2026-08-05,STR002,PRD044,8,880.00
2026-08-05,STR002,PRD045,8,1400.00
2026-08-05,STR002,PRD046,3,480.00
2026-08-05,STR002,PRD047,6,336.00
2026-08-05,STR002,PRD048,13,910.00
2026-08-05,STR002,PRD049,4,232.00
2026-08-05,STR002,PRD050,3,285.00
2026-08-05,STR002,PRD051,4,360.00
2026-08-05,STR002,PRD053,7,3150.00
2026-08-05,STR002,PRD054,5,3250.00
2026-08-05,STR002,PRD055,8,3120.00
2026-08-05,STR003,PRD001,6,3300.00
2026-08-05,STR003,PRD002,6,990.00
2026-08-05,STR003,PRD003,3,735.00
2026-08-05,STR003,PRD004,5,300.00
2026-08-05,STR003,PRD005,5,1900.00
2026-08-05,STR003,PRD006,4,700.00
2026-08-05,STR003,PRD007,5,140.00
2026-08-05,STR003,PRD008,7,364.00
2026-08-05,STR003,PRD009,6,270.00
2026-08-05,STR003,PRD010,2,76.00
2026-08-05,STR003,PRD011,6,660.00
2026-08-05,STR003,PRD012,6,1320.00
2026-08-05,STR003,PRD013,6,390.00
2026-08-05,STR003,PRD014,3,120.00
2026-08-05,STR003,PRD015,4,80.00
2026-08-05,STR003,PRD016,4,1160.00
2026-08-05,STR003,PRD017,2,100.00
2026-08-05,STR003,PRD018,2,250.00
2026-08-05,STR003,PRD019,8,1560.00
2026-08-05,STR003,PRD020,7,245.00
2026-08-05,STR003,PRD021,2,90.00
2026-08-05,STR003,PRD022,2,560.00
2026-08-05,STR003,PRD023,1,320.00
2026-08-05,STR003,PRD024,5,750.00
2026-08-05,STR003,PRD025,2,120.00
2026-08-05,STR003,PRD026,4,300.00
2026-08-05,STR003,PRD027,2,80.00
2026-08-05,STR003,PRD028,8,240.00
2026-08-05,STR003,PRD029,4,960.00
2026-08-05,STR003,PRD030,3,555.00
2026-08-05,STR003,PRD031,10,950.00
2026-08-05,STR003,PRD032,4,480.00
2026-08-05,STR003,PRD033,3,255.00
2026-08-05,STR003,PRD034,7,1820.00
2026-08-05,STR003,PRD036,2,420.00
2026-08-05,STR003,PRD037,7,1393.00
2026-08-05,STR003,PRD038,5,575.00
2026-08-05,STR003,PRD039,4,720.00
2026-08-05,STR003,PRD040,4,580.00
2026-08-05,STR003,PRD041,9,882.00
2026-08-05,STR003,PRD042,7,910.00
2026-08-05,STR003,PRD043,4,840.00
2026-08-05,STR003,PRD044,6,660.00
2026-08-05,STR003,PRD045,2,350.00
2026-08-05,STR003,PRD046,3,480.00
2026-08-05,STR003,PRD047,6,336.00
2026-08-05,STR003,PRD048,4,280.00
2026-08-05,STR003,PRD049,3,174.00
2026-08-05,STR003,PRD050,4,380.00
2026-08-05,STR003,PRD051,1,90.00
2026-08-05,STR003,PRD052,5,700.00
2026-08-05,STR003,PRD053,2,900.00
2026-08-05,STR003,PRD054,8,5200.00
2026-08-05,STR004,PRD002,4,660.00
2026-08-05,STR004,PRD003,7,1715.00
2026-08-05,STR004,PRD004,4,240.00
2026-08-05,STR004,PRD005,4,1520.00
2026-08-05,STR004,PRD006,9,1575.00
2026-08-05,STR004,PRD007,5,140.00
2026-08-05,STR004,PRD008,3,156.00
2026-08-05,STR004,PRD009,4,180.00
2026-08-05,STR004,PRD010,6,228.00
2026-08-05,STR004,PRD011,2,220.00
2026-08-05,STR004,PRD012,4,880.00
2026-08-05,STR004,PRD013,3,195.00
2026-08-05,STR004,PRD014,4,160.00
2026-08-05,STR004,PRD015,6,120.00
2026-08-05,STR004,PRD016,4,1160.00
2026-08-05,STR004,PRD017,17,850.00
2026-08-05,STR004,PRD018,8,1000.00
2026-08-05,STR004,PRD020,7,245.00
2026-08-05,STR004,PRD021,3,135.00
2026-08-05,STR004,PRD022,5,1400.00
2026-08-05,STR004,PRD023,2,640.00
2026-08-05,STR004,PRD024,2,300.00
2026-08-05,STR004,PRD025,5,300.00
2026-08-05,STR004,PRD026,4,300.00
2026-08-05,STR004,PRD027,2,80.00
2026-08-05,STR004,PRD028,5,150.00
2026-08-05,STR004,PRD029,5,1200.00
2026-08-05,STR004,PRD030,2,370.00
2026-08-05,STR004,PRD031,7,665.00
2026-08-05,STR004,PRD032,6,720.00
2026-08-05,STR004,PRD033,4,340.00
2026-08-05,STR004,PRD034,9,2340.00
2026-08-05,STR004,PRD035,7,2940.00
2026-08-05,STR004,PRD036,6,1260.00
2026-08-05,STR004,PRD037,9,1791.00
2026-08-05,STR004,PRD038,4,460.00
2026-08-05,STR004,PRD039,4,720.00
2026-08-05,STR004,PRD040,2,290.00
2026-08-05,STR004,PRD041,5,490.00
2026-08-05,STR004,PRD042,5,650.00
2026-08-05,STR004,PRD043,2,420.00
2026-08-05,STR004,PRD044,5,550.00
2026-08-05,STR004,PRD045,9,1575.00
2026-08-05,STR004,PRD046,4,640.00
2026-08-05,STR004,PRD047,8,448.00
2026-08-05,STR004,PRD048,3,210.00
2026-08-05,STR004,PRD049,6,348.00
2026-08-05,STR004,PRD050,8,760.00
2026-08-05,STR004,PRD051,9,810.00
2026-08-05,STR004,PRD052,4,560.00
2026-08-05,STR004,PRD053,5,2250.00
2026-08-05,STR004,PRD054,3,1950.00
2026-08-05,STR004,PRD055,6,2340.00
2026-08-06,STR001,PRD001,8,4400.00
2026-08-06,STR001,PRD002,9,1485.00
2026-08-06,STR001,PRD003,3,735.00
2026-08-06,STR001,PRD004,10,600.00
2026-08-06,STR001,PRD005,4,1520.00
2026-08-06,STR001,PRD006,7,1225.00
2026-08-06,STR001,PRD007,7,196.00
2026-08-06,STR001,PRD008,5,260.00
2026-08-06,STR001,PRD009,3,135.00
2026-08-06,STR001,PRD010,2,76.00
2026-08-06,STR001,PRD011,4,440.00
2026-08-06,STR001,PRD012,5,1100.00
2026-08-06,STR001,PRD013,2,130.00
2026-08-06,STR001,PRD014,4,160.00
2026-08-06,STR001,PRD015,6,120.00
2026-08-06,STR001,PRD016,6,1740.00
2026-08-06,STR001,PRD017,6,300.00
2026-08-06,STR001,PRD018,7,875.00
2026-08-06,STR001,PRD019,8,1560.00
2026-08-06,STR001,PRD020,5,175.00
2026-08-06,STR001,PRD021,6,270.00
2026-08-06,STR001,PRD022,5,1400.00
2026-08-06,STR001,PRD023,4,1280.00
2026-08-06,STR001,PRD024,5,750.00
2026-08-06,STR001,PRD025,7,420.00
2026-08-06,STR001,PRD026,3,225.00
2026-08-06,STR001,PRD027,5,200.00
2026-08-06,STR001,PRD028,1,30.00
2026-08-06,STR001,PRD029,7,1680.00
2026-08-06,STR001,PRD030,3,555.00
2026-08-06,STR001,PRD031,5,475.00
2026-08-06,STR001,PRD032,5,600.00
2026-08-06,STR001,PRD033,3,255.00
2026-08-06,STR001,PRD034,6,1560.00
2026-08-06,STR001,PRD035,3,1260.00
2026-08-06,STR001,PRD036,4,840.00
2026-08-06,STR001,PRD037,5,995.00
2026-08-06,STR001,PRD038,2,230.00
2026-08-06,STR001,PRD039,6,1080.00
2026-08-06,STR001,PRD040,3,435.00
2026-08-06,STR001,PRD041,8,784.00
2026-08-06,STR001,PRD042,4,520.00
2026-08-06,STR001,PRD043,5,1050.00
2026-08-06,STR001,PRD044,4,440.00
2026-08-06,STR001,PRD045,2,350.00
2026-08-06,STR001,PRD046,6,960.00
2026-08-06,STR001,PRD047,4,224.00
2026-08-06,STR001,PRD048,5,350.00
2026-08-06,STR001,PRD049,5,290.00
2026-08-06,STR001,PRD050,5,475.00
2026-08-06,STR001,PRD052,6,840.00
2026-08-06,STR001,PRD055,7,2730.00
2026-08-06,STR002,PRD001,3,1650.00
2026-08-06,STR002,PRD002,4,660.00
2026-08-06,STR002,PRD003,8,1960.00
2026-08-06,STR002,PRD004,4,240.00
2026-08-06,STR002,PRD005,5,1900.00
2026-08-06,STR002,PRD006,6,1050.00
2026-08-06,STR002,PRD007,6,168.00
2026-08-06,STR002,PRD008,5,260.00
2026-08-06,STR002,PRD009,7,315.00
2026-08-06,STR002,PRD010,8,304.00
2026-08-06,STR002,PRD011,7,770.00
2026-08-06,STR002,PRD012,2,440.00
2026-08-06,STR002,PRD013,3,195.00
2026-08-06,STR002,PRD014,6,240.00
2026-08-06,STR002,PRD015,4,80.00
2026-08-06,STR002,PRD016,2,580.00
2026-08-06,STR002,PRD017,7,350.00
2026-08-06,STR002,PRD018,8,1000.00
2026-08-06,STR002,PRD019,2,390.00
2026-08-06,STR002,PRD020,10,350.00
2026-08-06,STR002,PRD021,9,405.00
2026-08-06,STR002,PRD022,10,2800.00
2026-08-06,STR002,PRD023,4,1280.00
2026-08-06,STR002,PRD024,5,750.00
2026-08-06,STR002,PRD025,2,120.00
2026-08-06,STR002,PRD026,3,225.00
2026-08-06,STR002,PRD027,6,240.00
2026-08-06,STR002,PRD028,5,150.00
2026-08-06,STR002,PRD029,6,1440.00
2026-08-06,STR002,PRD030,5,925.00
2026-08-06,STR002,PRD031,4,380.00
2026-08-06,STR002,PRD032,8,960.00
2026-08-06,STR002,PRD033,2,170.00
2026-08-06,STR002,PRD034,5,1300.00
2026-08-06,STR002,PRD035,1,420.00
2026-08-06,STR002,PRD036,5,1050.00
2026-08-06,STR002,PRD037,5,995.00
2026-08-06,STR002,PRD038,7,805.00
2026-08-06,STR002,PRD039,7,1260.00
2026-08-06,STR002,PRD040,2,290.00
2026-08-06,STR002,PRD041,4,392.00
2026-08-06,STR002,PRD042,6,780.00
2026-08-06,STR002,PRD044,6,660.00
2026-08-06,STR002,PRD045,6,1050.00
2026-08-06,STR002,PRD046,5,800.00
2026-08-06,STR002,PRD047,8,448.00
2026-08-06,STR002,PRD048,11,770.00
2026-08-06,STR002,PRD049,7,406.00
2026-08-06,STR002,PRD050,6,570.00
2026-08-06,STR002,PRD051,8,720.00
2026-08-06,STR002,PRD053,3,1350.00
2026-08-06,STR002,PRD054,7,4550.00
2026-08-06,STR002,PRD055,7,2730.00
2026-08-06,STR003,PRD001,8,4400.00
2026-08-06,STR003,PRD002,3,495.00
2026-08-06,STR003,PRD003,7,1715.00
2026-08-06,STR003,PRD004,3,180.00
2026-08-06,STR003,PRD005,7,2660.00
2026-08-06,STR003,PRD006,5,875.00
2026-08-06,STR003,PRD007,2,56.00
2026-08-06,STR003,PRD008,5,260.00
2026-08-06,STR003,PRD009,7,315.00
2026-08-06,STR003,PRD010,3,114.00
2026-08-06,STR003,PRD011,5,550.00
2026-08-06,STR003,PRD012,8,1760.00
2026-08-06,STR003,PRD013,8,520.00
2026-08-06,STR003,PRD014,6,240.00
2026-08-06,STR003,PRD015,2,40.00
2026-08-06,STR003,PRD016,4,1160.00
2026-08-06,STR003,PRD017,1,50.00
2026-08-06,STR003,PRD018,5,625.00
2026-08-06,STR003,PRD019,7,1365.00
2026-08-06,STR003,PRD020,7,245.00
2026-08-06,STR003,PRD021,6,270.00
2026-08-06,STR003,PRD022,3,840.00
2026-08-06,STR003,PRD023,2,640.00
2026-08-06,STR003,PRD024,8,1200.00
2026-08-06,STR003,PRD025,3,180.00
2026-08-06,STR003,PRD026,4,300.00
2026-08-06,STR003,PRD027,3,120.00
2026-08-06,STR003,PRD028,4,120.00
2026-08-06,STR003,PRD029,4,960.00
2026-08-06,STR003,PRD030,4,740.00
2026-08-06,STR003,PRD031,10,950.00
2026-08-06,STR003,PRD032,5,600.00
2026-08-06,STR003,PRD033,3,255.00
2026-08-06,STR003,PRD034,8,2080.00
2026-08-06,STR003,PRD036,2,420.00
2026-08-06,STR003,PRD037,3,597.00
2026-08-06,STR003,PRD038,7,805.00
2026-08-06,STR003,PRD039,3,540.00
2026-08-06,STR003,PRD040,3,435.00
2026-08-06,STR003,PRD041,8,784.00
2026-08-06,STR003,PRD042,5,650.00
2026-08-06,STR003,PRD043,4,840.00
2026-08-06,STR003,PRD044,6,660.00
2026-08-06,STR003,PRD045,2,350.00
2026-08-06,STR003,PRD046,5,800.00
2026-08-06,STR003,PRD047,5,280.00
2026-08-06,STR003,PRD048,7,490.00
2026-08-06,STR003,PRD049,3,174.00
2026-08-06,STR003,PRD050,3,285.00
2026-08-06,STR003,PRD051,3,270.00
2026-08-06,STR003,PRD052,4,560.00
2026-08-06,STR003,PRD053,3,1350.00
2026-08-06,STR003,PRD054,7,4550.00
2026-08-06,STR004,PRD002,5,825.00
2026-08-06,STR004,PRD003,4,980.00
2026-08-06,STR004,PRD004,6,360.00
2026-08-06,STR004,PRD005,3,1140.00
2026-08-06,STR004,PRD006,6,1050.00
2026-08-06,STR004,PRD007,6,168.00
2026-08-06,STR004,PRD008,4,208.00
2026-08-06,STR004,PRD009,6,270.00
2026-08-06,STR004,PRD010,6,228.00
2026-08-06,STR004,PRD011,2,220.00
2026-08-06,STR004,PRD012,1,220.00
2026-08-06,STR004,PRD013,7,455.00
2026-08-06,STR004,PRD014,5,200.00
2026-08-06,STR004,PRD015,7,140.00
2026-08-06,STR004,PRD016,4,1160.00
2026-08-06,STR004,PRD017,17,850.00
2026-08-06,STR004,PRD018,8,1000.00
2026-08-06,STR004,PRD020,6,210.00
2026-08-06,STR004,PRD021,4,180.00
2026-08-06,STR004,PRD022,4,1120.00
2026-08-06,STR004,PRD023,6,1920.00
2026-08-06,STR004,PRD024,6,900.00
2026-08-06,STR004,PRD025,6,360.00
2026-08-06,STR004,PRD026,4,300.00
2026-08-06,STR004,PRD027,2,80.00
2026-08-06,STR004,PRD028,4,120.00
2026-08-06,STR004,PRD029,7,1680.00
2026-08-06,STR004,PRD030,2,370.00
2026-08-06,STR004,PRD031,7,665.00
2026-08-06,STR004,PRD032,5,600.00
2026-08-06,STR004,PRD033,1,85.00
2026-08-06,STR004,PRD034,8,2080.00
2026-08-06,STR004,PRD035,7,2940.00
2026-08-06,STR004,PRD036,9,1890.00
2026-08-06,STR004,PRD037,6,1194.00
2026-08-06,STR004,PRD038,7,805.00
2026-08-06,STR004,PRD039,4,720.00
2026-08-06,STR004,PRD041,6,588.00
2026-08-06,STR004,PRD042,3,390.00
2026-08-06,STR004,PRD043,1,210.00
2026-08-06,STR004,PRD044,7,770.00
2026-08-06,STR004,PRD045,9,1575.00
2026-08-06,STR004,PRD046,4,640.00
2026-08-06,STR004,PRD047,5,280.00
2026-08-06,STR004,PRD048,6,420.00
2026-08-06,STR004,PRD049,6,348.00
2026-08-06,STR004,PRD050,8,760.00
2026-08-06,STR004,PRD051,5,450.00
2026-08-06,STR004,PRD052,3,420.00
2026-08-06,STR004,PRD053,6,2700.00
2026-08-06,STR004,PRD054,4,2600.00
2026-08-06,STR004,PRD055,4,1560.00
2026-08-07,STR001,PRD001,10,5500.00
2026-08-07,STR001,PRD002,10,1650.00
2026-08-07,STR001,PRD003,5,1225.00
2026-08-07,STR001,PRD004,12,720.00
2026-08-07,STR001,PRD005,6,2280.00
2026-08-07,STR001,PRD006,4,700.00
2026-08-07,STR001,PRD007,5,140.00
2026-08-07,STR001,PRD008,1,52.00
2026-08-07,STR001,PRD009,6,270.00
2026-08-07,STR001,PRD010,2,76.00
2026-08-07,STR001,PRD011,7,770.00
2026-08-07,STR001,PRD012,6,1320.00
2026-08-07,STR001,PRD013,2,130.00
2026-08-07,STR001,PRD014,6,240.00
2026-08-07,STR001,PRD015,7,140.00
2026-08-07,STR001,PRD016,5,1450.00
2026-08-07,STR001,PRD017,2,100.00
2026-08-07,STR001,PRD018,6,750.00
2026-08-07,STR001,PRD019,8,1560.00
2026-08-07,STR001,PRD020,5,175.00
2026-08-07,STR001,PRD021,8,360.00
2026-08-07,STR001,PRD022,7,1960.00
2026-08-07,STR001,PRD023,6,1920.00
2026-08-07,STR001,PRD024,6,900.00
2026-08-07,STR001,PRD025,8,480.00
2026-08-07,STR001,PRD026,2,150.00
2026-08-07,STR001,PRD027,5,200.00
2026-08-07,STR001,PRD028,1,30.00
2026-08-07,STR001,PRD029,8,1920.00
2026-08-07,STR001,PRD030,3,555.00
2026-08-07,STR001,PRD031,8,760.00
2026-08-07,STR001,PRD032,4,480.00
2026-08-07,STR001,PRD033,3,255.00
2026-08-07,STR001,PRD034,6,1560.00
2026-08-07,STR001,PRD035,5,2100.00
2026-08-07,STR001,PRD036,7,1470.00
2026-08-07,STR001,PRD037,8,1592.00
2026-08-07,STR001,PRD038,2,230.00
2026-08-07,STR001,PRD039,7,1260.00
2026-08-07,STR001,PRD040,3,435.00
2026-08-07,STR001,PRD041,6,588.00
2026-08-07,STR001,PRD042,4,520.00
2026-08-07,STR001,PRD043,5,1050.00
2026-08-07,STR001,PRD044,6,660.00
2026-08-07,STR001,PRD045,5,875.00
2026-08-07,STR001,PRD046,2,320.00
2026-08-07,STR001,PRD047,4,224.00
2026-08-07,STR001,PRD048,5,350.00
2026-08-07,STR001,PRD049,4,232.00
2026-08-07,STR001,PRD050,3,285.00
2026-08-07,STR001,PRD052,6,840.00
2026-08-07,STR001,PRD055,6,2340.00
2026-08-07,STR002,PRD001,3,1650.00
2026-08-07,STR002,PRD002,4,660.00
2026-08-07,STR002,PRD003,7,1715.00
2026-08-07,STR002,PRD004,2,120.00
2026-08-07,STR002,PRD005,6,2280.00
2026-08-07,STR002,PRD006,7,1225.00
2026-08-07,STR002,PRD007,6,168.00
2026-08-07,STR002,PRD008,5,260.00
2026-08-07,STR002,PRD009,6,270.00
2026-08-07,STR002,PRD010,5,190.00
2026-08-07,STR002,PRD011,6,660.00
2026-08-07,STR002,PRD012,5,1100.00
2026-08-07,STR002,PRD013,1,65.00
2026-08-07,STR002,PRD014,4,160.00
2026-08-07,STR002,PRD015,5,100.00
2026-08-07,STR002,PRD016,4,1160.00
2026-08-07,STR002,PRD017,6,300.00
2026-08-07,STR002,PRD018,6,750.00
2026-08-07,STR002,PRD019,6,1170.00
2026-08-07,STR002,PRD020,10,350.00
2026-08-07,STR002,PRD021,10,450.00
2026-08-07,STR002,PRD022,13,3640.00
2026-08-07,STR002,PRD023,5,1600.00
2026-08-07,STR002,PRD024,3,450.00
2026-08-07,STR002,PRD025,5,300.00
2026-08-07,STR002,PRD026,3,225.00
2026-08-07,STR002,PRD027,4,160.00
2026-08-07,STR002,PRD028,5,150.00
2026-08-07,STR002,PRD029,9,2160.00
2026-08-07,STR002,PRD030,7,1295.00
2026-08-07,STR002,PRD031,3,285.00
2026-08-07,STR002,PRD032,7,840.00
2026-08-07,STR002,PRD033,2,170.00
2026-08-07,STR002,PRD034,1,260.00
2026-08-07,STR002,PRD035,1,420.00
2026-08-07,STR002,PRD036,4,840.00
2026-08-07,STR002,PRD037,6,1194.00
2026-08-07,STR002,PRD038,8,920.00
2026-08-07,STR002,PRD039,6,1080.00
2026-08-07,STR002,PRD040,2,290.00
2026-08-07,STR002,PRD041,6,588.00
2026-08-07,STR002,PRD042,6,780.00
2026-08-07,STR002,PRD044,8,880.00
2026-08-07,STR002,PRD045,6,1050.00
2026-08-07,STR002,PRD046,3,480.00
2026-08-07,STR002,PRD047,7,392.00
2026-08-07,STR002,PRD048,12,840.00
2026-08-07,STR002,PRD049,4,232.00
2026-08-07,STR002,PRD050,3,285.00
2026-08-07,STR002,PRD051,6,540.00
2026-08-07,STR002,PRD053,3,1350.00
2026-08-07,STR002,PRD054,3,1950.00
2026-08-07,STR002,PRD055,6,2340.00
2026-08-07,STR003,PRD001,8,4400.00
2026-08-07,STR003,PRD002,4,660.00
2026-08-07,STR003,PRD003,7,1715.00
2026-08-07,STR003,PRD004,6,360.00
2026-08-07,STR003,PRD005,7,2660.00
2026-08-07,STR003,PRD006,8,1400.00
2026-08-07,STR003,PRD007,6,168.00
2026-08-07,STR003,PRD008,5,260.00
2026-08-07,STR003,PRD009,6,270.00
2026-08-07,STR003,PRD010,6,228.00
2026-08-07,STR003,PRD011,4,440.00
2026-08-07,STR003,PRD012,5,1100.00
2026-08-07,STR003,PRD013,4,260.00
2026-08-07,STR003,PRD014,3,120.00
2026-08-07,STR003,PRD015,5,100.00
2026-08-07,STR003,PRD016,5,1450.00
2026-08-07,STR003,PRD017,3,150.00
2026-08-07,STR003,PRD018,3,375.00
2026-08-07,STR003,PRD019,7,1365.00
2026-08-07,STR003,PRD020,8,280.00
2026-08-07,STR003,PRD021,4,180.00
2026-08-07,STR003,PRD022,3,840.00
2026-08-07,STR003,PRD024,8,1200.00
2026-08-07,STR003,PRD025,1,60.00
2026-08-07,STR003,PRD026,5,375.00
2026-08-07,STR003,PRD027,5,200.00
2026-08-07,STR003,PRD028,8,240.00
2026-08-07,STR003,PRD029,4,960.00
2026-08-07,STR003,PRD030,4,740.00
2026-08-07,STR003,PRD031,6,570.00
2026-08-07,STR003,PRD032,6,720.00
2026-08-07,STR003,PRD033,2,170.00
2026-08-07,STR003,PRD034,5,1300.00
2026-08-07,STR003,PRD036,4,840.00
2026-08-07,STR003,PRD037,3,597.00
2026-08-07,STR003,PRD038,7,805.00
2026-08-07,STR003,PRD039,3,540.00
2026-08-07,STR003,PRD040,3,435.00
2026-08-07,STR003,PRD041,6,588.00
2026-08-07,STR003,PRD042,5,650.00
2026-08-07,STR003,PRD043,6,1260.00
2026-08-07,STR003,PRD044,4,440.00
2026-08-07,STR003,PRD045,2,350.00
2026-08-07,STR003,PRD046,2,320.00
2026-08-07,STR003,PRD047,4,224.00
2026-08-07,STR003,PRD048,4,280.00
2026-08-07,STR003,PRD049,2,116.00
2026-08-07,STR003,PRD050,6,570.00
2026-08-07,STR003,PRD051,4,360.00
2026-08-07,STR003,PRD052,7,980.00
2026-08-07,STR003,PRD053,5,2250.00
2026-08-07,STR003,PRD054,9,5850.00
2026-08-07,STR004,PRD001,4,2200.00
2026-08-07,STR004,PRD002,6,990.00
2026-08-07,STR004,PRD003,5,1225.00
2026-08-07,STR004,PRD004,5,300.00
2026-08-07,STR004,PRD005,3,1140.00
2026-08-07,STR004,PRD006,9,1575.00
2026-08-07,STR004,PRD007,7,196.00
2026-08-07,STR004,PRD008,6,312.00
2026-08-07,STR004,PRD009,8,360.00
2026-08-07,STR004,PRD010,7,266.00
2026-08-07,STR004,PRD011,4,440.00
2026-08-07,STR004,PRD012,3,660.00
2026-08-07,STR004,PRD013,5,325.00
2026-08-07,STR004,PRD014,6,240.00
2026-08-07,STR004,PRD015,5,100.00
2026-08-07,STR004,PRD016,6,1740.00
2026-08-07,STR004,PRD017,14,700.00
2026-08-07,STR004,PRD018,7,875.00
2026-08-07,STR004,PRD020,3,105.00
2026-08-07,STR004,PRD021,3,135.00
2026-08-07,STR004,PRD022,6,1680.00
2026-08-07,STR004,PRD023,3,960.00
2026-08-07,STR004,PRD024,6,900.00
2026-08-07,STR004,PRD025,7,420.00
2026-08-07,STR004,PRD026,4,300.00
2026-08-07,STR004,PRD027,2,80.00
2026-08-07,STR004,PRD028,6,180.00
2026-08-07,STR004,PRD029,8,1920.00
2026-08-07,STR004,PRD030,6,1110.00
2026-08-07,STR004,PRD031,6,570.00
2026-08-07,STR004,PRD032,3,360.00
2026-08-07,STR004,PRD033,5,425.00
2026-08-07,STR004,PRD034,6,1560.00
2026-08-07,STR004,PRD035,6,2520.00
2026-08-07,STR004,PRD036,9,1890.00
2026-08-07,STR004,PRD037,6,1194.00
2026-08-07,STR004,PRD038,7,805.00
2026-08-07,STR004,PRD039,4,720.00
2026-08-07,STR004,PRD040,3,435.00
2026-08-07,STR004,PRD041,2,196.00
2026-08-07,STR004,PRD042,6,780.00
2026-08-07,STR004,PRD043,5,1050.00
2026-08-07,STR004,PRD044,6,660.00
2026-08-07,STR004,PRD045,8,1400.00
2026-08-07,STR004,PRD046,6,960.00
2026-08-07,STR004,PRD047,7,392.00
2026-08-07,STR004,PRD048,3,210.00
2026-08-07,STR004,PRD049,4,232.00
2026-08-07,STR004,PRD050,5,475.00
2026-08-07,STR004,PRD051,9,810.00
2026-08-07,STR004,PRD052,6,840.00
2026-08-07,STR004,PRD053,8,3600.00
2026-08-07,STR004,PRD054,2,1300.00
2026-08-07,STR004,PRD055,4,1560.00
2026-08-08,STR001,PRD001,10,5500.00
2026-08-08,STR001,PRD002,9,1485.00
2026-08-08,STR001,PRD003,2,490.00
2026-08-08,STR001,PRD004,12,720.00
2026-08-08,STR001,PRD005,4,1520.00
2026-08-08,STR001,PRD006,6,1050.00
2026-08-08,STR001,PRD007,9,252.00
2026-08-08,STR001,PRD008,3,156.00
2026-08-08,STR001,PRD009,3,135.00
2026-08-08,STR001,PRD010,5,190.00
2026-08-08,STR001,PRD011,6,660.00
2026-08-08,STR001,PRD012,6,1320.00
2026-08-08,STR001,PRD013,2,130.00
2026-08-08,STR001,PRD014,5,200.00
2026-08-08,STR001,PRD015,5,100.00
2026-08-08,STR001,PRD016,6,1740.00
2026-08-08,STR001,PRD017,4,200.00
2026-08-08,STR001,PRD018,7,875.00
2026-08-08,STR001,PRD019,6,1170.00
2026-08-08,STR001,PRD020,3,105.00
2026-08-08,STR001,PRD021,5,225.00
2026-08-08,STR001,PRD022,8,2240.00
2026-08-08,STR001,PRD023,6,1920.00
2026-08-08,STR001,PRD024,5,750.00
2026-08-08,STR001,PRD025,6,360.00
2026-08-08,STR001,PRD026,6,450.00
2026-08-08,STR001,PRD027,5,200.00
2026-08-08,STR001,PRD028,3,90.00
2026-08-08,STR001,PRD029,4,960.00
2026-08-08,STR001,PRD030,7,1295.00
2026-08-08,STR001,PRD031,4,380.00
2026-08-08,STR001,PRD032,6,720.00
2026-08-08,STR001,PRD033,7,595.00
2026-08-08,STR001,PRD034,5,1300.00
2026-08-08,STR001,PRD035,3,1260.00
2026-08-08,STR001,PRD036,7,1470.00
2026-08-08,STR001,PRD037,4,796.00
2026-08-08,STR001,PRD038,3,345.00
2026-08-08,STR001,PRD039,7,1260.00
2026-08-08,STR001,PRD040,4,580.00
2026-08-08,STR001,PRD041,5,490.00
2026-08-08,STR001,PRD042,2,260.00
2026-08-08,STR001,PRD043,6,1260.00
2026-08-08,STR001,PRD044,3,330.00
2026-08-08,STR001,PRD045,2,350.00
2026-08-08,STR001,PRD046,2,320.00
2026-08-08,STR001,PRD047,4,224.00
2026-08-08,STR001,PRD048,2,140.00
2026-08-08,STR001,PRD049,6,348.00
2026-08-08,STR001,PRD050,2,190.00
2026-08-08,STR001,PRD052,2,280.00
2026-08-08,STR001,PRD055,8,3120.00
2026-08-08,STR002,PRD001,6,3300.00
2026-08-08,STR002,PRD002,5,825.00
2026-08-08,STR002,PRD003,7,1715.00
2026-08-08,STR002,PRD004,5,300.00
2026-08-08,STR002,PRD005,4,1520.00
2026-08-08,STR002,PRD006,7,1225.00
2026-08-08,STR002,PRD007,5,140.00
2026-08-08,STR002,PRD008,3,156.00
2026-08-08,STR002,PRD009,6,270.00
2026-08-08,STR002,PRD010,6,228.00
2026-08-08,STR002,PRD011,5,550.00
2026-08-08,STR002,PRD012,5,1100.00
2026-08-08,STR002,PRD013,3,195.00
2026-08-08,STR002,PRD014,5,200.00
2026-08-08,STR002,PRD015,2,40.00
2026-08-08,STR002,PRD016,3,870.00
2026-08-08,STR002,PRD017,7,350.00
2026-08-08,STR002,PRD018,8,1000.00
2026-08-08,STR002,PRD019,3,585.00
2026-08-08,STR002,PRD020,7,245.00
2026-08-08,STR002,PRD021,10,450.00
2026-08-08,STR002,PRD022,10,2800.00
2026-08-08,STR002,PRD023,5,1600.00
2026-08-08,STR002,PRD024,5,750.00
2026-08-08,STR002,PRD025,2,120.00
2026-08-08,STR002,PRD026,7,525.00
2026-08-08,STR002,PRD027,4,160.00
2026-08-08,STR002,PRD028,3,90.00
2026-08-08,STR002,PRD029,9,2160.00
2026-08-08,STR002,PRD030,3,555.00
2026-08-08,STR002,PRD031,6,570.00
2026-08-08,STR002,PRD032,5,600.00
2026-08-08,STR002,PRD033,2,170.00
2026-08-08,STR002,PRD034,1,260.00
2026-08-08,STR002,PRD035,2,840.00
2026-08-08,STR002,PRD036,1,210.00
2026-08-08,STR002,PRD037,8,1592.00
2026-08-08,STR002,PRD038,4,460.00
2026-08-08,STR002,PRD039,3,540.00
2026-08-08,STR002,PRD040,3,435.00
2026-08-08,STR002,PRD041,6,588.00
2026-08-08,STR002,PRD042,7,910.00
2026-08-08,STR002,PRD043,1,210.00
2026-08-08,STR002,PRD044,9,990.00
2026-08-08,STR002,PRD045,8,1400.00
2026-08-08,STR002,PRD046,3,480.00
2026-08-08,STR002,PRD047,4,224.00
2026-08-08,STR002,PRD048,11,770.00
2026-08-08,STR002,PRD049,4,232.00
2026-08-08,STR002,PRD050,6,570.00
2026-08-08,STR002,PRD051,7,630.00
2026-08-08,STR002,PRD053,4,1800.00
2026-08-08,STR002,PRD054,7,4550.00
2026-08-08,STR002,PRD055,6,2340.00
2026-08-08,STR003,PRD001,6,3300.00
2026-08-08,STR003,PRD002,2,330.00
2026-08-08,STR003,PRD003,4,980.00
2026-08-08,STR003,PRD004,6,360.00
2026-08-08,STR003,PRD005,7,2660.00
2026-08-08,STR003,PRD006,8,1400.00
2026-08-08,STR003,PRD007,3,84.00
2026-08-08,STR003,PRD008,7,364.00
2026-08-08,STR003,PRD009,4,180.00
2026-08-08,STR003,PRD010,6,228.00
2026-08-08,STR003,PRD011,5,550.00
2026-08-08,STR003,PRD012,7,1540.00
2026-08-08,STR003,PRD013,4,260.00
2026-08-08,STR003,PRD014,7,280.00
2026-08-08,STR003,PRD015,1,20.00
2026-08-08,STR003,PRD016,6,1740.00
2026-08-08,STR003,PRD017,1,50.00
2026-08-08,STR003,PRD018,4,500.00
2026-08-08,STR003,PRD019,7,1365.00
2026-08-08,STR003,PRD020,4,140.00
2026-08-08,STR003,PRD021,4,180.00
2026-08-08,STR003,PRD022,1,280.00
2026-08-08,STR003,PRD023,3,960.00
2026-08-08,STR003,PRD024,9,1350.00
2026-08-08,STR003,PRD025,2,120.00
2026-08-08,STR003,PRD026,3,225.00
2026-08-08,STR003,PRD027,4,160.00
2026-08-08,STR003,PRD028,5,150.00
2026-08-08,STR003,PRD029,8,1920.00
2026-08-08,STR003,PRD030,3,555.00
2026-08-08,STR003,PRD031,10,950.00
2026-08-08,STR003,PRD032,5,600.00
2026-08-08,STR003,PRD033,5,425.00
2026-08-08,STR003,PRD034,8,2080.00
2026-08-08,STR003,PRD036,5,1050.00
2026-08-08,STR003,PRD037,3,597.00
2026-08-08,STR003,PRD038,8,920.00
2026-08-08,STR003,PRD039,2,360.00
2026-08-08,STR003,PRD040,4,580.00
2026-08-08,STR003,PRD041,6,588.00
2026-08-08,STR003,PRD042,6,780.00
2026-08-08,STR003,PRD043,4,840.00
2026-08-08,STR003,PRD044,4,440.00
2026-08-08,STR003,PRD045,4,700.00
2026-08-08,STR003,PRD046,3,480.00
2026-08-08,STR003,PRD047,5,280.00
2026-08-08,STR003,PRD048,3,210.00
2026-08-08,STR003,PRD049,4,232.00
2026-08-08,STR003,PRD050,2,190.00
2026-08-08,STR003,PRD051,4,360.00
2026-08-08,STR003,PRD052,8,1120.00
2026-08-08,STR003,PRD053,2,900.00
2026-08-08,STR003,PRD054,9,5850.00
2026-08-08,STR004,PRD002,4,660.00
2026-08-08,STR004,PRD003,8,1960.00
2026-08-08,STR004,PRD004,6,360.00
2026-08-08,STR004,PRD005,6,2280.00
2026-08-08,STR004,PRD006,9,1575.00
2026-08-08,STR004,PRD007,7,196.00
2026-08-08,STR004,PRD008,6,312.00
2026-08-08,STR004,PRD009,8,360.00
2026-08-08,STR004,PRD010,5,190.00
2026-08-08,STR004,PRD011,4,440.00
2026-08-08,STR004,PRD012,3,660.00
2026-08-08,STR004,PRD013,4,260.00
2026-08-08,STR004,PRD014,6,240.00
2026-08-08,STR004,PRD015,4,80.00
2026-08-08,STR004,PRD016,6,1740.00
2026-08-08,STR004,PRD017,16,800.00
2026-08-08,STR004,PRD018,8,1000.00
2026-08-08,STR004,PRD020,3,105.00
2026-08-08,STR004,PRD021,5,225.00
2026-08-08,STR004,PRD022,4,1120.00
2026-08-08,STR004,PRD023,5,1600.00
2026-08-08,STR004,PRD024,2,300.00
2026-08-08,STR004,PRD025,5,300.00
2026-08-08,STR004,PRD026,7,525.00
2026-08-08,STR004,PRD027,5,200.00
2026-08-08,STR004,PRD028,6,180.00
2026-08-08,STR004,PRD029,8,1920.00
2026-08-08,STR004,PRD030,4,740.00
2026-08-08,STR004,PRD031,7,665.00
2026-08-08,STR004,PRD032,5,600.00
2026-08-08,STR004,PRD033,1,85.00
2026-08-08,STR004,PRD034,9,2340.00
2026-08-08,STR004,PRD035,4,1680.00
2026-08-08,STR004,PRD036,6,1260.00
2026-08-08,STR004,PRD037,5,995.00
2026-08-08,STR004,PRD038,6,690.00
2026-08-08,STR004,PRD039,6,1080.00
2026-08-08,STR004,PRD040,3,435.00
2026-08-08,STR004,PRD041,6,588.00
2026-08-08,STR004,PRD042,4,520.00
2026-08-08,STR004,PRD043,3,630.00
2026-08-08,STR004,PRD044,3,330.00
2026-08-08,STR004,PRD045,9,1575.00
2026-08-08,STR004,PRD046,2,320.00
2026-08-08,STR004,PRD047,4,224.00
2026-08-08,STR004,PRD048,5,350.00
2026-08-08,STR004,PRD049,6,348.00
2026-08-08,STR004,PRD050,6,570.00
2026-08-08,STR004,PRD051,7,630.00
2026-08-08,STR004,PRD052,7,980.00
2026-08-08,STR004,PRD053,4,1800.00
2026-08-08,STR004,PRD054,5,3250.00
2026-08-08,STR004,PRD055,6,2340.00
2026-08-09,STR001,PRD001,10,5500.00
2026-08-09,STR001,PRD002,9,1485.00
2026-08-09,STR001,PRD003,6,1470.00
2026-08-09,STR001,PRD004,12,720.00
2026-08-09,STR001,PRD005,4,1520.00
2026-08-09,STR001,PRD006,5,875.00
2026-08-09,STR001,PRD007,5,140.00
2026-08-09,STR001,PRD008,4,208.00
2026-08-09,STR001,PRD009,4,180.00
2026-08-09,STR001,PRD010,2,76.00
2026-08-09,STR001,PRD011,5,550.00
2026-08-09,STR001,PRD012,3,660.00
2026-08-09,STR001,PRD013,2,130.00
2026-08-09,STR001,PRD014,5,200.00
2026-08-09,STR001,PRD015,5,100.00
2026-08-09,STR001,PRD016,7,2030.00
2026-08-09,STR001,PRD017,6,300.00
2026-08-09,STR001,PRD018,3,375.00
2026-08-09,STR001,PRD019,4,780.00
2026-08-09,STR001,PRD020,4,140.00
2026-08-09,STR001,PRD021,5,225.00
2026-08-09,STR001,PRD022,4,1120.00
2026-08-09,STR001,PRD023,4,1280.00
2026-08-09,STR001,PRD024,2,300.00
2026-08-09,STR001,PRD025,6,360.00
2026-08-09,STR001,PRD026,4,300.00
2026-08-09,STR001,PRD027,2,80.00
2026-08-09,STR001,PRD028,4,120.00
2026-08-09,STR001,PRD029,5,1200.00
2026-08-09,STR001,PRD030,5,925.00
2026-08-09,STR001,PRD031,7,665.00
2026-08-09,STR001,PRD032,4,480.00
2026-08-09,STR001,PRD033,4,340.00
2026-08-09,STR001,PRD034,6,1560.00
2026-08-09,STR001,PRD035,7,2940.00
2026-08-09,STR001,PRD036,4,840.00
2026-08-09,STR001,PRD037,8,1592.00
2026-08-09,STR001,PRD038,1,115.00
2026-08-09,STR001,PRD039,7,1260.00
2026-08-09,STR001,PRD040,7,1015.00
2026-08-09,STR001,PRD041,6,588.00
2026-08-09,STR001,PRD042,2,260.00
2026-08-09,STR001,PRD043,4,840.00
2026-08-09,STR001,PRD044,5,550.00
2026-08-09,STR001,PRD045,1,175.00
2026-08-09,STR001,PRD046,5,800.00
2026-08-09,STR001,PRD047,4,224.00
2026-08-09,STR001,PRD048,5,350.00
2026-08-09,STR001,PRD049,6,348.00
2026-08-09,STR001,PRD050,3,285.00
2026-08-09,STR001,PRD052,5,700.00
2026-08-09,STR001,PRD055,4,1560.00
2026-08-09,STR002,PRD001,6,3300.00
2026-08-09,STR002,PRD002,2,330.00
2026-08-09,STR002,PRD003,7,1715.00
2026-08-09,STR002,PRD004,3,180.00
2026-08-09,STR002,PRD005,4,1520.00
2026-08-09,STR002,PRD006,5,875.00
2026-08-09,STR002,PRD007,4,112.00
2026-08-09,STR002,PRD008,3,156.00
2026-08-09,STR002,PRD009,5,225.00
2026-08-09,STR002,PRD010,7,266.00
2026-08-09,STR002,PRD011,4,440.00
2026-08-09,STR002,PRD012,3,660.00
2026-08-09,STR002,PRD013,5,325.00
2026-08-09,STR002,PRD014,4,160.00
2026-08-09,STR002,PRD015,3,60.00
2026-08-09,STR002,PRD016,4,1160.00
2026-08-09,STR002,PRD017,8,400.00
2026-08-09,STR002,PRD018,7,875.00
2026-08-09,STR002,PRD019,6,1170.00
2026-08-09,STR002,PRD020,8,280.00
2026-08-09,STR002,PRD021,10,450.00
2026-08-09,STR002,PRD022,14,3920.00
2026-08-09,STR002,PRD023,5,1600.00
2026-08-09,STR002,PRD024,2,300.00
2026-08-09,STR002,PRD025,2,120.00
2026-08-09,STR002,PRD026,6,450.00
2026-08-09,STR002,PRD027,3,120.00
2026-08-09,STR002,PRD028,3,90.00
2026-08-09,STR002,PRD029,9,2160.00
2026-08-09,STR002,PRD030,6,1110.00
2026-08-09,STR002,PRD031,3,285.00
2026-08-09,STR002,PRD032,6,720.00
2026-08-09,STR002,PRD033,4,340.00
2026-08-09,STR002,PRD034,1,260.00
2026-08-09,STR002,PRD035,4,1680.00
2026-08-09,STR002,PRD036,4,840.00
2026-08-09,STR002,PRD037,4,796.00
2026-08-09,STR002,PRD038,4,460.00
2026-08-09,STR002,PRD039,4,720.00
2026-08-09,STR002,PRD040,1,145.00
2026-08-09,STR002,PRD041,6,588.00
2026-08-09,STR002,PRD042,6,780.00
2026-08-09,STR002,PRD043,1,210.00
2026-08-09,STR002,PRD044,5,550.00
2026-08-09,STR002,PRD045,5,875.00
2026-08-09,STR002,PRD046,4,640.00
2026-08-09,STR002,PRD047,8,448.00
2026-08-09,STR002,PRD048,12,840.00
2026-08-09,STR002,PRD049,6,348.00
2026-08-09,STR002,PRD050,3,285.00
2026-08-09,STR002,PRD051,7,630.00
2026-08-09,STR002,PRD053,7,3150.00
2026-08-09,STR002,PRD054,3,1950.00
2026-08-09,STR002,PRD055,9,3510.00
2026-08-09,STR003,PRD001,6,3300.00
2026-08-09,STR003,PRD002,3,495.00
2026-08-09,STR003,PRD003,5,1225.00
2026-08-09,STR003,PRD004,2,120.00
2026-08-09,STR003,PRD005,9,3420.00
2026-08-09,STR003,PRD006,4,700.00
2026-08-09,STR003,PRD007,3,84.00
2026-08-09,STR003,PRD008,6,312.00
2026-08-09,STR003,PRD009,5,225.00
2026-08-09,STR003,PRD010,3,114.00
2026-08-09,STR003,PRD011,6,660.00
2026-08-09,STR003,PRD012,7,1540.00
2026-08-09,STR003,PRD013,5,325.00
2026-08-09,STR003,PRD014,3,120.00
2026-08-09,STR003,PRD015,4,80.00
2026-08-09,STR003,PRD016,5,1450.00
2026-08-09,STR003,PRD017,2,100.00
2026-08-09,STR003,PRD018,4,500.00
2026-08-09,STR003,PRD019,9,1755.00
2026-08-09,STR003,PRD020,4,140.00
2026-08-09,STR003,PRD021,3,135.00
2026-08-09,STR003,PRD022,1,280.00
2026-08-09,STR003,PRD024,7,1050.00
2026-08-09,STR003,PRD025,4,240.00
2026-08-09,STR003,PRD026,3,225.00
2026-08-09,STR003,PRD027,4,160.00
2026-08-09,STR003,PRD028,4,120.00
2026-08-09,STR003,PRD029,5,1200.00
2026-08-09,STR003,PRD030,6,1110.00
2026-08-09,STR003,PRD031,10,950.00
2026-08-09,STR003,PRD032,5,600.00
2026-08-09,STR003,PRD033,6,510.00
2026-08-09,STR003,PRD034,5,1300.00
2026-08-09,STR003,PRD036,4,840.00
2026-08-09,STR003,PRD037,3,597.00
2026-08-09,STR003,PRD038,4,460.00
2026-08-09,STR003,PRD039,2,360.00
2026-08-09,STR003,PRD040,5,725.00
2026-08-09,STR003,PRD041,9,882.00
2026-08-09,STR003,PRD042,8,1040.00
2026-08-09,STR003,PRD043,3,630.00
2026-08-09,STR003,PRD044,7,770.00
2026-08-09,STR003,PRD045,2,350.00
2026-08-09,STR003,PRD046,4,640.00
2026-08-09,STR003,PRD047,4,224.00
2026-08-09,STR003,PRD048,3,210.00
2026-08-09,STR003,PRD049,3,174.00
2026-08-09,STR003,PRD050,2,190.00
2026-08-09,STR003,PRD051,2,180.00
2026-08-09,STR003,PRD052,4,560.00
2026-08-09,STR003,PRD053,5,2250.00
2026-08-09,STR003,PRD054,5,3250.00
2026-08-09,STR004,PRD001,4,2200.00
2026-08-09,STR004,PRD002,2,330.00
2026-08-09,STR004,PRD003,7,1715.00
2026-08-09,STR004,PRD004,6,360.00
2026-08-09,STR004,PRD005,2,760.00
2026-08-09,STR004,PRD006,6,1050.00
2026-08-09,STR004,PRD007,3,84.00
2026-08-09,STR004,PRD008,7,364.00
2026-08-09,STR004,PRD009,8,360.00
2026-08-09,STR004,PRD010,4,152.00
2026-08-09,STR004,PRD011,2,220.00
2026-08-09,STR004,PRD012,4,880.00
2026-08-09,STR004,PRD013,7,455.00
2026-08-09,STR004,PRD014,6,240.00
2026-08-09,STR004,PRD015,5,100.00
2026-08-09,STR004,PRD016,8,2320.00
2026-08-09,STR004,PRD017,16,800.00
2026-08-09,STR004,PRD018,8,1000.00
2026-08-09,STR004,PRD020,4,140.00
2026-08-09,STR004,PRD021,5,225.00
2026-08-09,STR004,PRD022,8,2240.00
2026-08-09,STR004,PRD023,4,1280.00
2026-08-09,STR004,PRD024,4,600.00
2026-08-09,STR004,PRD025,6,360.00
2026-08-09,STR004,PRD026,6,450.00
2026-08-09,STR004,PRD027,3,120.00
2026-08-09,STR004,PRD028,5,150.00
2026-08-09,STR004,PRD029,9,2160.00
2026-08-09,STR004,PRD030,4,740.00
2026-08-09,STR004,PRD031,5,475.00
2026-08-09,STR004,PRD032,4,480.00
2026-08-09,STR004,PRD033,3,255.00
2026-08-09,STR004,PRD034,6,1560.00
2026-08-09,STR004,PRD035,7,2940.00
2026-08-09,STR004,PRD036,7,1470.00
2026-08-09,STR004,PRD037,6,1194.00
2026-08-09,STR004,PRD038,6,690.00
2026-08-09,STR004,PRD039,2,360.00
2026-08-09,STR004,PRD040,2,290.00
2026-08-09,STR004,PRD041,4,392.00
2026-08-09,STR004,PRD042,4,520.00
2026-08-09,STR004,PRD043,1,210.00
2026-08-09,STR004,PRD044,6,660.00
2026-08-09,STR004,PRD045,8,1400.00
2026-08-09,STR004,PRD046,6,960.00
2026-08-09,STR004,PRD047,5,280.00
2026-08-09,STR004,PRD048,6,420.00
2026-08-09,STR004,PRD049,4,232.00
2026-08-09,STR004,PRD050,7,665.00
2026-08-09,STR004,PRD051,6,540.00
2026-08-09,STR004,PRD052,6,840.00
2026-08-09,STR004,PRD053,7,3150.00
2026-08-09,STR004,PRD054,5,3250.00
2026-08-09,STR004,PRD055,5,1950.00
2026-08-10,STR001,PRD001,10,5500.00
2026-08-10,STR001,PRD002,11,1815.00
2026-08-10,STR001,PRD003,5,1225.00
2026-08-10,STR001,PRD004,13,780.00
2026-08-10,STR001,PRD005,6,2280.00
2026-08-10,STR001,PRD006,6,1050.00
2026-08-10,STR001,PRD007,7,196.00
2026-08-10,STR001,PRD008,4,208.00
2026-08-10,STR001,PRD009,4,180.00
2026-08-10,STR001,PRD010,5,190.00
2026-08-10,STR001,PRD011,4,440.00
2026-08-10,STR001,PRD012,4,880.00
2026-08-10,STR001,PRD013,2,130.00
2026-08-10,STR001,PRD014,3,120.00
2026-08-10,STR001,PRD015,8,160.00
2026-08-10,STR001,PRD016,4,1160.00
2026-08-10,STR001,PRD017,6,300.00
2026-08-10,STR001,PRD018,5,625.00
2026-08-10,STR001,PRD019,7,1365.00
2026-08-10,STR001,PRD020,5,175.00
2026-08-10,STR001,PRD021,7,315.00
2026-08-10,STR001,PRD022,6,1680.00
2026-08-10,STR001,PRD023,4,1280.00
2026-08-10,STR001,PRD024,3,450.00
2026-08-10,STR001,PRD025,8,480.00
2026-08-10,STR001,PRD026,3,225.00
2026-08-10,STR001,PRD027,4,160.00
2026-08-10,STR001,PRD028,1,30.00
2026-08-10,STR001,PRD029,8,1920.00
2026-08-10,STR001,PRD030,6,1110.00
2026-08-10,STR001,PRD031,6,570.00
2026-08-10,STR001,PRD032,8,960.00
2026-08-10,STR001,PRD033,6,510.00
2026-08-10,STR001,PRD034,5,1300.00
2026-08-10,STR001,PRD035,4,1680.00
2026-08-10,STR001,PRD036,4,840.00
2026-08-10,STR001,PRD037,6,1194.00
2026-08-10,STR001,PRD038,3,345.00
2026-08-10,STR001,PRD039,5,900.00
2026-08-10,STR001,PRD040,6,870.00
2026-08-10,STR001,PRD041,8,784.00
2026-08-10,STR001,PRD042,4,520.00
2026-08-10,STR001,PRD043,3,630.00
2026-08-10,STR001,PRD044,5,550.00
2026-08-10,STR001,PRD045,1,175.00
2026-08-10,STR001,PRD046,3,480.00
2026-08-10,STR001,PRD047,4,224.00
2026-08-10,STR001,PRD048,6,420.00
2026-08-10,STR001,PRD049,5,290.00
2026-08-10,STR001,PRD050,4,380.00
2026-08-10,STR001,PRD052,6,840.00
2026-08-10,STR001,PRD055,7,2730.00
2026-08-10,STR002,PRD001,7,3850.00
2026-08-10,STR002,PRD002,3,495.00
2026-08-10,STR002,PRD003,5,1225.00
2026-08-10,STR002,PRD004,5,300.00
2026-08-10,STR002,PRD005,5,1900.00
2026-08-10,STR002,PRD006,8,1400.00
2026-08-10,STR002,PRD007,5,140.00
2026-08-10,STR002,PRD008,4,208.00
2026-08-10,STR002,PRD009,7,315.00
2026-08-10,STR002,PRD010,6,228.00
2026-08-10,STR002,PRD011,8,880.00
2026-08-10,STR002,PRD012,6,1320.00
2026-08-10,STR002,PRD013,5,325.00
2026-08-10,STR002,PRD014,2,80.00
2026-08-10,STR002,PRD015,2,40.00
2026-08-10,STR002,PRD016,2,580.00
2026-08-10,STR002,PRD017,5,250.00
2026-08-10,STR002,PRD018,5,625.00
2026-08-10,STR002,PRD019,2,390.00
2026-08-10,STR002,PRD020,6,210.00
2026-08-10,STR002,PRD021,10,450.00
2026-08-10,STR002,PRD022,10,2800.00
2026-08-10,STR002,PRD023,5,1600.00
2026-08-10,STR002,PRD024,4,600.00
2026-08-10,STR002,PRD025,3,180.00
2026-08-10,STR002,PRD026,4,300.00
2026-08-10,STR002,PRD027,3,120.00
2026-08-10,STR002,PRD028,5,150.00
2026-08-10,STR002,PRD029,5,1200.00
2026-08-10,STR002,PRD030,5,925.00
2026-08-10,STR002,PRD031,6,570.00
2026-08-10,STR002,PRD032,7,840.00
2026-08-10,STR002,PRD033,4,340.00
2026-08-10,STR002,PRD034,4,1040.00
2026-08-10,STR002,PRD035,4,1680.00
2026-08-10,STR002,PRD036,3,630.00
2026-08-10,STR002,PRD037,5,995.00
2026-08-10,STR002,PRD038,6,690.00
2026-08-10,STR002,PRD039,5,900.00
2026-08-10,STR002,PRD040,1,145.00
2026-08-10,STR002,PRD041,7,686.00
2026-08-10,STR002,PRD042,6,780.00
2026-08-10,STR002,PRD044,6,660.00
2026-08-10,STR002,PRD045,5,875.00
2026-08-10,STR002,PRD046,4,640.00
2026-08-10,STR002,PRD047,4,224.00
2026-08-10,STR002,PRD048,14,980.00
2026-08-10,STR002,PRD049,7,406.00
2026-08-10,STR002,PRD050,5,475.00
2026-08-10,STR002,PRD051,5,450.00
2026-08-10,STR002,PRD053,7,3150.00
2026-08-10,STR002,PRD054,7,4550.00
2026-08-10,STR002,PRD055,8,3120.00
2026-08-10,STR003,PRD001,6,3300.00
2026-08-10,STR003,PRD002,3,495.00
2026-08-10,STR003,PRD003,3,735.00
2026-08-10,STR003,PRD004,3,180.00
2026-08-10,STR003,PRD005,8,3040.00
2026-08-10,STR003,PRD006,4,700.00
2026-08-10,STR003,PRD007,2,56.00
2026-08-10,STR003,PRD008,5,260.00
2026-08-10,STR003,PRD009,6,270.00
2026-08-10,STR003,PRD010,5,190.00
2026-08-10,STR003,PRD011,7,770.00
2026-08-10,STR003,PRD012,7,1540.00
2026-08-10,STR003,PRD013,5,325.00
2026-08-10,STR003,PRD014,3,120.00
2026-08-10,STR003,PRD015,5,100.00
2026-08-10,STR003,PRD016,4,1160.00
2026-08-10,STR003,PRD017,4,200.00
2026-08-10,STR003,PRD018,6,750.00
2026-08-10,STR003,PRD019,9,1755.00
2026-08-10,STR003,PRD020,5,175.00
2026-08-10,STR003,PRD021,5,225.00
2026-08-10,STR003,PRD023,2,640.00
2026-08-10,STR003,PRD024,9,1350.00
2026-08-10,STR003,PRD025,3,180.00
2026-08-10,STR003,PRD026,5,375.00
2026-08-10,STR003,PRD027,1,40.00
2026-08-10,STR003,PRD028,6,180.00
2026-08-10,STR003,PRD029,4,960.00
2026-08-10,STR003,PRD030,3,555.00
2026-08-10,STR003,PRD031,6,570.00
2026-08-10,STR003,PRD032,7,840.00
2026-08-10,STR003,PRD033,4,340.00
2026-08-10,STR003,PRD034,7,1820.00
2026-08-10,STR003,PRD036,2,420.00
2026-08-10,STR003,PRD037,4,796.00
2026-08-10,STR003,PRD038,6,690.00
2026-08-10,STR003,PRD039,4,720.00
2026-08-10,STR003,PRD040,2,290.00
2026-08-10,STR003,PRD041,7,686.00
2026-08-10,STR003,PRD042,8,1040.00
2026-08-10,STR003,PRD043,6,1260.00
2026-08-10,STR003,PRD044,3,330.00
2026-08-10,STR003,PRD045,5,875.00
2026-08-10,STR003,PRD046,6,960.00
2026-08-10,STR003,PRD047,5,280.00
2026-08-10,STR003,PRD048,4,280.00
2026-08-10,STR003,PRD049,4,232.00
2026-08-10,STR003,PRD050,4,380.00
2026-08-10,STR003,PRD051,2,180.00
2026-08-10,STR003,PRD052,8,1120.00
2026-08-10,STR003,PRD053,4,1800.00
2026-08-10,STR003,PRD054,9,5850.00
2026-08-10,STR004,PRD002,5,825.00
2026-08-10,STR004,PRD003,6,1470.00
2026-08-10,STR004,PRD004,3,180.00
2026-08-10,STR004,PRD005,2,760.00
2026-08-10,STR004,PRD006,6,1050.00
2026-08-10,STR004,PRD007,5,140.00
2026-08-10,STR004,PRD008,5,260.00
2026-08-10,STR004,PRD009,7,315.00
2026-08-10,STR004,PRD010,7,266.00
2026-08-10,STR004,PRD011,4,440.00
2026-08-10,STR004,PRD012,1,220.00
2026-08-10,STR004,PRD013,5,325.00
2026-08-10,STR004,PRD014,6,240.00
2026-08-10,STR004,PRD015,3,60.00
2026-08-10,STR004,PRD016,6,1740.00
2026-08-10,STR004,PRD017,17,850.00
2026-08-10,STR004,PRD018,5,625.00
2026-08-10,STR004,PRD020,7,245.00
2026-08-10,STR004,PRD021,2,90.00
2026-08-10,STR004,PRD022,8,2240.00
2026-08-10,STR004,PRD023,2,640.00
2026-08-10,STR004,PRD024,4,600.00
2026-08-10,STR004,PRD025,6,360.00
2026-08-10,STR004,PRD026,4,300.00
2026-08-10,STR004,PRD027,5,200.00
2026-08-10,STR004,PRD028,5,150.00
2026-08-10,STR004,PRD029,8,1920.00
2026-08-10,STR004,PRD030,2,370.00
2026-08-10,STR004,PRD031,6,570.00
2026-08-10,STR004,PRD032,6,720.00
2026-08-10,STR004,PRD033,3,255.00
2026-08-10,STR004,PRD034,7,1820.00
2026-08-10,STR004,PRD035,8,3360.00
2026-08-10,STR004,PRD036,8,1680.00
2026-08-10,STR004,PRD037,8,1592.00
2026-08-10,STR004,PRD038,6,690.00
2026-08-10,STR004,PRD039,3,540.00
2026-08-10,STR004,PRD040,1,145.00
2026-08-10,STR004,PRD041,4,392.00
2026-08-10,STR004,PRD042,7,910.00
2026-08-10,STR004,PRD043,2,420.00
2026-08-10,STR004,PRD044,6,660.00
2026-08-10,STR004,PRD045,7,1225.00
2026-08-10,STR004,PRD046,4,640.00
2026-08-10,STR004,PRD047,4,224.00
2026-08-10,STR004,PRD048,6,420.00
2026-08-10,STR004,PRD049,3,174.00
2026-08-10,STR004,PRD050,7,665.00
2026-08-10,STR004,PRD051,9,810.00
2026-08-10,STR004,PRD052,3,420.00
2026-08-10,STR004,PRD053,4,1800.00
2026-08-10,STR004,PRD054,3,1950.00
2026-08-10,STR004,PRD055,2,780.00
2026-08-11,STR001,PRD001,8,4400.00
2026-08-11,STR001,PRD002,8,1320.00
2026-08-11,STR001,PRD003,3,735.00
2026-08-11,STR001,PRD004,12,720.00
2026-08-11,STR001,PRD005,4,1520.00
2026-08-11,STR001,PRD006,5,875.00
2026-08-11,STR001,PRD007,9,252.00
2026-08-11,STR001,PRD008,2,104.00
2026-08-11,STR001,PRD009,3,135.00
2026-08-11,STR001,PRD010,1,38.00
2026-08-11,STR001,PRD011,3,330.00
2026-08-11,STR001,PRD012,3,660.00
2026-08-11,STR001,PRD013,3,195.00
2026-08-11,STR001,PRD014,6,240.00
2026-08-11,STR001,PRD015,4,80.00
2026-08-11,STR001,PRD016,4,1160.00
2026-08-11,STR001,PRD017,6,300.00
2026-08-11,STR001,PRD018,6,750.00
2026-08-11,STR001,PRD019,6,1170.00
2026-08-11,STR001,PRD020,1,35.00
2026-08-11,STR001,PRD021,8,360.00
2026-08-11,STR001,PRD022,4,1120.00
2026-08-11,STR001,PRD023,2,640.00
2026-08-11,STR001,PRD024,3,450.00
2026-08-11,STR001,PRD025,6,360.00
2026-08-11,STR001,PRD026,2,150.00
2026-08-11,STR001,PRD027,2,80.00
2026-08-11,STR001,PRD028,1,30.00
2026-08-11,STR001,PRD029,4,960.00
2026-08-11,STR001,PRD030,3,555.00
2026-08-11,STR001,PRD031,7,665.00
2026-08-11,STR001,PRD032,5,600.00
2026-08-11,STR001,PRD033,4,340.00
2026-08-11,STR001,PRD034,5,1300.00
2026-08-11,STR001,PRD035,3,1260.00
2026-08-11,STR001,PRD036,6,1260.00
2026-08-11,STR001,PRD037,6,1194.00
2026-08-11,STR001,PRD038,3,345.00
2026-08-11,STR001,PRD039,5,900.00
2026-08-11,STR001,PRD040,6,870.00
2026-08-11,STR001,PRD041,5,490.00
2026-08-11,STR001,PRD042,4,520.00
2026-08-11,STR001,PRD043,6,1260.00
2026-08-11,STR001,PRD044,3,330.00
2026-08-11,STR001,PRD045,4,700.00
2026-08-11,STR001,PRD046,4,640.00
2026-08-11,STR001,PRD047,5,280.00
2026-08-11,STR001,PRD048,2,140.00
2026-08-11,STR001,PRD049,7,406.00
2026-08-11,STR001,PRD050,3,285.00
2026-08-11,STR001,PRD052,6,840.00
2026-08-11,STR001,PRD053,1,450.00
2026-08-11,STR001,PRD055,5,1950.00
2026-08-11,STR002,PRD001,4,2200.00
2026-08-11,STR002,PRD002,4,660.00
2026-08-11,STR002,PRD003,5,1225.00
2026-08-11,STR002,PRD004,6,360.00
2026-08-11,STR002,PRD005,7,2660.00
2026-08-11,STR002,PRD006,6,1050.00
2026-08-11,STR002,PRD007,4,112.00
2026-08-11,STR002,PRD008,3,156.00
2026-08-11,STR002,PRD009,5,225.00
2026-08-11,STR002,PRD010,5,190.00
2026-08-11,STR002,PRD011,6,660.00
2026-08-11,STR002,PRD012,3,660.00
2026-08-11,STR002,PRD013,2,130.00
2026-08-11,STR002,PRD014,5,200.00
2026-08-11,STR002,PRD015,6,120.00
2026-08-11,STR002,PRD016,4,1160.00
2026-08-11,STR002,PRD017,9,450.00
2026-08-11,STR002,PRD018,8,1000.00
2026-08-11,STR002,PRD019,6,1170.00
2026-08-11,STR002,PRD020,8,280.00
2026-08-11,STR002,PRD021,9,405.00
2026-08-11,STR002,PRD022,13,3640.00
2026-08-11,STR002,PRD023,5,1600.00
2026-08-11,STR002,PRD024,4,600.00
2026-08-11,STR002,PRD025,3,180.00
2026-08-11,STR002,PRD026,7,525.00
2026-08-11,STR002,PRD027,2,80.00
2026-08-11,STR002,PRD028,5,150.00
2026-08-11,STR002,PRD029,7,1680.00
2026-08-11,STR002,PRD030,4,740.00
2026-08-11,STR002,PRD031,2,190.00
2026-08-11,STR002,PRD032,5,600.00
2026-08-11,STR002,PRD034,4,1040.00
2026-08-11,STR002,PRD035,3,1260.00
2026-08-11,STR002,PRD036,1,210.00
2026-08-11,STR002,PRD037,8,1592.00
2026-08-11,STR002,PRD038,7,805.00
2026-08-11,STR002,PRD039,3,540.00
2026-08-11,STR002,PRD040,4,580.00
2026-08-11,STR002,PRD041,3,294.00
2026-08-11,STR002,PRD042,5,650.00
2026-08-11,STR002,PRD044,7,770.00
2026-08-11,STR002,PRD045,8,1400.00
2026-08-11,STR002,PRD046,1,160.00
2026-08-11,STR002,PRD047,8,448.00
2026-08-11,STR002,PRD048,12,840.00
2026-08-11,STR002,PRD049,5,290.00
2026-08-11,STR002,PRD050,5,475.00
2026-08-11,STR002,PRD051,6,540.00
2026-08-11,STR002,PRD053,6,2700.00
2026-08-11,STR002,PRD054,5,3250.00
2026-08-11,STR002,PRD055,8,3120.00
2026-08-11,STR003,PRD001,6,3300.00
2026-08-11,STR003,PRD002,5,825.00
2026-08-11,STR003,PRD003,5,1225.00
2026-08-11,STR003,PRD004,6,360.00
2026-08-11,STR003,PRD005,6,2280.00
2026-08-11,STR003,PRD006,5,875.00
2026-08-11,STR003,PRD007,6,168.00
2026-08-11,STR003,PRD008,5,260.00
2026-08-11,STR003,PRD009,3,135.00
2026-08-11,STR003,PRD010,4,152.00
2026-08-11,STR003,PRD011,7,770.00
2026-08-11,STR003,PRD012,7,1540.00
2026-08-11,STR003,PRD013,7,455.00
2026-08-11,STR003,PRD014,5,200.00
2026-08-11,STR003,PRD015,4,80.00
2026-08-11,STR003,PRD016,5,1450.00
2026-08-11,STR003,PRD017,4,200.00
2026-08-11,STR003,PRD018,5,625.00
2026-08-11,STR003,PRD019,6,1170.00
2026-08-11,STR003,PRD020,5,175.00
2026-08-11,STR003,PRD021,5,225.00
2026-08-11,STR003,PRD022,3,840.00
2026-08-11,STR003,PRD024,6,900.00
2026-08-11,STR003,PRD025,3,180.00
2026-08-11,STR003,PRD026,6,450.00
2026-08-11,STR003,PRD027,2,80.00
2026-08-11,STR003,PRD028,7,210.00
2026-08-11,STR003,PRD029,6,1440.00
2026-08-11,STR003,PRD030,2,370.00
2026-08-11,STR003,PRD031,8,760.00
2026-08-11,STR003,PRD032,4,480.00
2026-08-11,STR003,PRD033,3,255.00
2026-08-11,STR003,PRD034,8,2080.00
2026-08-11,STR003,PRD036,3,630.00
2026-08-11,STR003,PRD037,3,597.00
2026-08-11,STR003,PRD038,4,460.00
2026-08-11,STR003,PRD039,5,900.00
2026-08-11,STR003,PRD040,5,725.00
2026-08-11,STR003,PRD041,6,588.00
2026-08-11,STR003,PRD042,6,780.00
2026-08-11,STR003,PRD043,5,1050.00
2026-08-11,STR003,PRD044,4,440.00
2026-08-11,STR003,PRD045,1,175.00
2026-08-11,STR003,PRD046,5,800.00
2026-08-11,STR003,PRD047,5,280.00
2026-08-11,STR003,PRD048,4,280.00
2026-08-11,STR003,PRD049,4,232.00
2026-08-11,STR003,PRD050,6,570.00
2026-08-11,STR003,PRD051,3,270.00
2026-08-11,STR003,PRD052,5,700.00
2026-08-11,STR003,PRD053,3,1350.00
2026-08-11,STR003,PRD054,8,5200.00
2026-08-11,STR004,PRD001,4,2200.00
2026-08-11,STR004,PRD002,5,825.00
2026-08-11,STR004,PRD003,7,1715.00
2026-08-11,STR004,PRD004,5,300.00
2026-08-11,STR004,PRD005,3,1140.00
2026-08-11,STR004,PRD006,8,1400.00
2026-08-11,STR004,PRD007,3,84.00
2026-08-11,STR004,PRD008,5,260.00
2026-08-11,STR004,PRD009,4,180.00
2026-08-11,STR004,PRD010,4,152.00
2026-08-11,STR004,PRD011,4,440.00
2026-08-11,STR004,PRD012,4,880.00
2026-08-11,STR004,PRD013,7,455.00
2026-08-11,STR004,PRD014,5,200.00
2026-08-11,STR004,PRD015,4,80.00
2026-08-11,STR004,PRD016,5,1450.00
2026-08-11,STR004,PRD017,17,850.00
2026-08-11,STR004,PRD018,8,1000.00
2026-08-11,STR004,PRD020,6,210.00
2026-08-11,STR004,PRD021,5,225.00
2026-08-11,STR004,PRD022,4,1120.00
2026-08-11,STR004,PRD023,4,1280.00
2026-08-11,STR004,PRD024,3,450.00
2026-08-11,STR004,PRD025,5,300.00
2026-08-11,STR004,PRD026,5,375.00
2026-08-11,STR004,PRD027,6,240.00
2026-08-11,STR004,PRD028,5,150.00
2026-08-11,STR004,PRD029,9,2160.00
2026-08-11,STR004,PRD030,2,370.00
2026-08-11,STR004,PRD031,8,760.00
2026-08-11,STR004,PRD032,4,480.00
2026-08-11,STR004,PRD033,5,425.00
2026-08-11,STR004,PRD034,7,1820.00
2026-08-11,STR004,PRD035,6,2520.00
2026-08-11,STR004,PRD036,7,1470.00
2026-08-11,STR004,PRD037,6,1194.00
2026-08-11,STR004,PRD038,6,690.00
2026-08-11,STR004,PRD039,6,1080.00
2026-08-11,STR004,PRD040,2,290.00
2026-08-11,STR004,PRD041,2,196.00
2026-08-11,STR004,PRD042,3,390.00
2026-08-11,STR004,PRD043,4,840.00
2026-08-11,STR004,PRD044,5,550.00
2026-08-11,STR004,PRD045,8,1400.00
2026-08-11,STR004,PRD046,3,480.00
2026-08-11,STR004,PRD047,5,280.00
2026-08-11,STR004,PRD048,5,350.00
2026-08-11,STR004,PRD049,4,232.00
2026-08-11,STR004,PRD050,7,665.00
2026-08-11,STR004,PRD051,8,720.00
2026-08-11,STR004,PRD052,5,700.00
2026-08-11,STR004,PRD053,8,3600.00
2026-08-11,STR004,PRD054,4,2600.00
2026-08-11,STR004,PRD055,6,2340.00
2026-08-12,STR001,PRD001,8,4400.00
2026-08-12,STR001,PRD002,9,1485.00
2026-08-12,STR001,PRD003,3,735.00
2026-08-12,STR001,PRD004,12,720.00
2026-08-12,STR001,PRD005,8,3040.00
2026-08-12,STR001,PRD006,5,875.00
2026-08-12,STR001,PRD007,9,252.00
2026-08-12,STR001,PRD008,5,260.00
2026-08-12,STR001,PRD009,4,180.00
2026-08-12,STR001,PRD010,2,76.00
2026-08-12,STR001,PRD011,6,660.00
2026-08-12,STR001,PRD012,7,1540.00
2026-08-12,STR001,PRD013,4,260.00
2026-08-12,STR001,PRD014,2,80.00
2026-08-12,STR001,PRD015,6,120.00
2026-08-12,STR001,PRD016,7,2030.00
2026-08-12,STR001,PRD017,2,100.00
2026-08-12,STR001,PRD018,6,750.00
2026-08-12,STR001,PRD019,5,975.00
2026-08-12,STR001,PRD020,5,175.00
2026-08-12,STR001,PRD021,6,270.00
2026-08-12,STR001,PRD022,4,1120.00
2026-08-12,STR001,PRD023,6,1920.00
2026-08-12,STR001,PRD024,5,750.00
2026-08-12,STR001,PRD025,8,480.00
2026-08-12,STR001,PRD026,6,450.00
2026-08-12,STR001,PRD027,3,120.00
2026-08-12,STR001,PRD028,1,30.00
2026-08-12,STR001,PRD029,7,1680.00
2026-08-12,STR001,PRD030,6,1110.00
2026-08-12,STR001,PRD031,5,475.00
2026-08-12,STR001,PRD032,6,720.00
2026-08-12,STR001,PRD033,4,340.00
2026-08-12,STR001,PRD034,7,1820.00
2026-08-12,STR001,PRD035,3,1260.00
2026-08-12,STR001,PRD036,6,1260.00
2026-08-12,STR001,PRD037,5,995.00
2026-08-12,STR001,PRD039,4,720.00
2026-08-12,STR001,PRD040,5,725.00
2026-08-12,STR001,PRD041,6,588.00
2026-08-12,STR001,PRD042,5,650.00
2026-08-12,STR001,PRD043,5,1050.00
2026-08-12,STR001,PRD044,6,660.00
2026-08-12,STR001,PRD045,2,350.00
2026-08-12,STR001,PRD046,4,640.00
2026-08-12,STR001,PRD047,3,168.00
2026-08-12,STR001,PRD048,5,350.00
2026-08-12,STR001,PRD049,6,348.00
2026-08-12,STR001,PRD050,6,570.00
2026-08-12,STR001,PRD052,6,840.00
2026-08-12,STR001,PRD055,5,1950.00
2026-08-12,STR002,PRD001,7,3850.00
2026-08-12,STR002,PRD002,6,990.00
2026-08-12,STR002,PRD003,4,980.00
2026-08-12,STR002,PRD004,4,240.00
2026-08-12,STR002,PRD005,3,1140.00
2026-08-12,STR002,PRD006,6,1050.00
2026-08-12,STR002,PRD007,8,224.00
2026-08-12,STR002,PRD008,7,364.00
2026-08-12,STR002,PRD009,6,270.00
2026-08-12,STR002,PRD010,5,190.00
2026-08-12,STR002,PRD011,7,770.00
2026-08-12,STR002,PRD012,5,1100.00
2026-08-12,STR002,PRD013,1,65.00
2026-08-12,STR002,PRD014,4,160.00
2026-08-12,STR002,PRD015,4,80.00
2026-08-12,STR002,PRD016,3,870.00
2026-08-12,STR002,PRD017,6,300.00
2026-08-12,STR002,PRD018,7,875.00
2026-08-12,STR002,PRD019,2,390.00
2026-08-12,STR002,PRD020,6,210.00
2026-08-12,STR002,PRD021,11,495.00
2026-08-12,STR002,PRD022,10,2800.00
2026-08-12,STR002,PRD023,5,1600.00
2026-08-12,STR002,PRD024,5,750.00
2026-08-12,STR002,PRD025,3,180.00
2026-08-12,STR002,PRD026,6,450.00
2026-08-12,STR002,PRD027,5,200.00
2026-08-12,STR002,PRD028,7,210.00
2026-08-12,STR002,PRD029,6,1440.00
2026-08-12,STR002,PRD030,7,1295.00
2026-08-12,STR002,PRD031,5,475.00
2026-08-12,STR002,PRD032,7,840.00
2026-08-12,STR002,PRD034,3,780.00
2026-08-12,STR002,PRD035,4,1680.00
2026-08-12,STR002,PRD036,3,630.00
2026-08-12,STR002,PRD037,5,995.00
2026-08-12,STR002,PRD038,8,920.00
2026-08-12,STR002,PRD039,6,1080.00
2026-08-12,STR002,PRD040,3,435.00
2026-08-12,STR002,PRD041,4,392.00
2026-08-12,STR002,PRD042,9,1170.00
2026-08-12,STR002,PRD043,1,210.00
2026-08-12,STR002,PRD044,5,550.00
2026-08-12,STR002,PRD045,4,700.00
2026-08-12,STR002,PRD046,1,160.00
2026-08-12,STR002,PRD047,6,336.00
2026-08-12,STR002,PRD048,14,980.00
2026-08-12,STR002,PRD049,6,348.00
2026-08-12,STR002,PRD050,4,380.00
2026-08-12,STR002,PRD051,5,450.00
2026-08-12,STR002,PRD053,5,2250.00
2026-08-12,STR002,PRD054,6,3900.00
2026-08-12,STR002,PRD055,9,3510.00
2026-08-12,STR003,PRD001,4,2200.00
2026-08-12,STR003,PRD002,5,825.00
2026-08-12,STR003,PRD003,5,1225.00
2026-08-12,STR003,PRD004,5,300.00
2026-08-12,STR003,PRD005,6,2280.00
2026-08-12,STR003,PRD006,6,1050.00
2026-08-12,STR003,PRD007,6,168.00
2026-08-12,STR003,PRD008,4,208.00
2026-08-12,STR003,PRD009,5,225.00
2026-08-12,STR003,PRD010,4,152.00
2026-08-12,STR003,PRD011,8,880.00
2026-08-12,STR003,PRD012,8,1760.00
2026-08-12,STR003,PRD013,4,260.00
2026-08-12,STR003,PRD014,7,280.00
2026-08-12,STR003,PRD015,1,20.00
2026-08-12,STR003,PRD016,3,870.00
2026-08-12,STR003,PRD017,4,200.00
2026-08-12,STR003,PRD018,2,250.00
2026-08-12,STR003,PRD019,5,975.00
2026-08-12,STR003,PRD020,5,175.00
2026-08-12,STR003,PRD021,3,135.00
2026-08-12,STR003,PRD023,3,960.00
2026-08-12,STR003,PRD024,6,900.00
2026-08-12,STR003,PRD025,2,120.00
2026-08-12,STR003,PRD026,3,225.00
2026-08-12,STR003,PRD027,3,120.00
2026-08-12,STR003,PRD028,6,180.00
2026-08-12,STR003,PRD029,6,1440.00
2026-08-12,STR003,PRD030,2,370.00
2026-08-12,STR003,PRD031,8,760.00
2026-08-12,STR003,PRD032,5,600.00
2026-08-12,STR003,PRD033,2,170.00
2026-08-12,STR003,PRD034,7,1820.00
2026-08-12,STR003,PRD036,2,420.00
2026-08-12,STR003,PRD037,7,1393.00
2026-08-12,STR003,PRD038,7,805.00
2026-08-12,STR003,PRD039,5,900.00
2026-08-12,STR003,PRD040,3,435.00
2026-08-12,STR003,PRD041,9,882.00
2026-08-12,STR003,PRD042,4,520.00
2026-08-12,STR003,PRD043,4,840.00
2026-08-12,STR003,PRD044,6,660.00
2026-08-12,STR003,PRD045,2,350.00
2026-08-12,STR003,PRD046,2,320.00
2026-08-12,STR003,PRD047,4,224.00
2026-08-12,STR003,PRD048,4,280.00
2026-08-12,STR003,PRD049,3,174.00
2026-08-12,STR003,PRD050,2,190.00
2026-08-12,STR003,PRD051,5,450.00
2026-08-12,STR003,PRD052,4,560.00
2026-08-12,STR003,PRD053,2,900.00
2026-08-12,STR003,PRD054,6,3900.00
2026-08-12,STR004,PRD001,2,1100.00
2026-08-12,STR004,PRD002,2,330.00
2026-08-12,STR004,PRD003,4,980.00
2026-08-12,STR004,PRD004,3,180.00
2026-08-12,STR004,PRD005,3,1140.00
2026-08-12,STR004,PRD006,6,1050.00
2026-08-12,STR004,PRD007,4,112.00
2026-08-12,STR004,PRD008,7,364.00
2026-08-12,STR004,PRD009,6,270.00
2026-08-12,STR004,PRD010,6,228.00
2026-08-12,STR004,PRD011,5,550.00
2026-08-12,STR004,PRD012,4,880.00
2026-08-12,STR004,PRD013,3,195.00
2026-08-12,STR004,PRD014,7,280.00
2026-08-12,STR004,PRD015,5,100.00
2026-08-12,STR004,PRD016,7,2030.00
2026-08-12,STR004,PRD017,13,650.00
2026-08-12,STR004,PRD018,8,1000.00
2026-08-12,STR004,PRD020,3,105.00
2026-08-12,STR004,PRD021,3,135.00
2026-08-12,STR004,PRD022,8,2240.00
2026-08-12,STR004,PRD023,2,640.00
2026-08-12,STR004,PRD024,3,450.00
2026-08-12,STR004,PRD025,4,240.00
2026-08-12,STR004,PRD026,7,525.00
2026-08-12,STR004,PRD027,5,200.00
2026-08-12,STR004,PRD028,2,60.00
2026-08-12,STR004,PRD029,7,1680.00
2026-08-12,STR004,PRD030,2,370.00
2026-08-12,STR004,PRD031,8,760.00
2026-08-12,STR004,PRD032,5,600.00
2026-08-12,STR004,PRD033,5,425.00
2026-08-12,STR004,PRD034,6,1560.00
2026-08-12,STR004,PRD035,7,2940.00
2026-08-12,STR004,PRD036,6,1260.00
2026-08-12,STR004,PRD037,6,1194.00
2026-08-12,STR004,PRD038,8,920.00
2026-08-12,STR004,PRD039,2,360.00
2026-08-12,STR004,PRD040,3,435.00
2026-08-12,STR004,PRD041,4,392.00
2026-08-12,STR004,PRD042,5,650.00
2026-08-12,STR004,PRD043,5,1050.00
2026-08-12,STR004,PRD044,5,550.00
2026-08-12,STR004,PRD045,9,1575.00
2026-08-12,STR004,PRD046,5,800.00
2026-08-12,STR004,PRD047,5,280.00
2026-08-12,STR004,PRD048,4,280.00
2026-08-12,STR004,PRD049,7,406.00
2026-08-12,STR004,PRD050,7,665.00
2026-08-12,STR004,PRD051,7,630.00
2026-08-12,STR004,PRD052,4,560.00
2026-08-12,STR004,PRD053,6,2700.00
2026-08-12,STR004,PRD054,4,2600.00
2026-08-12,STR004,PRD055,5,1950.00
2026-08-13,STR001,PRD001,6,3300.00
2026-08-13,STR001,PRD002,10,1650.00
2026-08-13,STR001,PRD003,5,1225.00
2026-08-13,STR001,PRD004,10,600.00
2026-08-13,STR001,PRD005,7,2660.00
2026-08-13,STR001,PRD006,8,1400.00
2026-08-13,STR001,PRD007,9,252.00
2026-08-13,STR001,PRD008,4,208.00
2026-08-13,STR001,PRD009,4,180.00
2026-08-13,STR001,PRD010,2,76.00
2026-08-13,STR001,PRD011,3,330.00
2026-08-13,STR001,PRD012,3,660.00
2026-08-13,STR001,PRD013,4,260.00
2026-08-13,STR001,PRD014,2,80.00
2026-08-13,STR001,PRD015,5,100.00
2026-08-13,STR001,PRD016,4,1160.00
2026-08-13,STR001,PRD017,6,300.00
2026-08-13,STR001,PRD018,5,625.00
2026-08-13,STR001,PRD019,5,975.00
2026-08-13,STR001,PRD020,5,175.00
2026-08-13,STR001,PRD021,6,270.00
2026-08-13,STR001,PRD022,6,1680.00
2026-08-13,STR001,PRD023,5,1600.00
2026-08-13,STR001,PRD024,2,300.00
2026-08-13,STR001,PRD025,6,360.00
2026-08-13,STR001,PRD026,6,450.00
2026-08-13,STR001,PRD027,3,120.00
2026-08-13,STR001,PRD028,2,60.00
2026-08-13,STR001,PRD029,8,1920.00
2026-08-13,STR001,PRD030,3,555.00
2026-08-13,STR001,PRD031,6,570.00
2026-08-13,STR001,PRD032,4,480.00
2026-08-13,STR001,PRD033,4,340.00
2026-08-13,STR001,PRD034,6,1560.00
2026-08-13,STR001,PRD035,5,2100.00
2026-08-13,STR001,PRD036,4,840.00
2026-08-13,STR001,PRD037,7,1393.00
2026-08-13,STR001,PRD038,2,230.00
2026-08-13,STR001,PRD039,6,1080.00
2026-08-13,STR001,PRD040,6,870.00
2026-08-13,STR001,PRD041,7,686.00
2026-08-13,STR001,PRD042,5,650.00
2026-08-13,STR001,PRD043,3,630.00
2026-08-13,STR001,PRD044,5,550.00
2026-08-13,STR001,PRD045,4,700.00
2026-08-13,STR001,PRD046,6,960.00
2026-08-13,STR001,PRD047,5,280.00
2026-08-13,STR001,PRD048,4,280.00
2026-08-13,STR001,PRD049,5,290.00
2026-08-13,STR001,PRD050,2,190.00
2026-08-13,STR001,PRD052,6,840.00
2026-08-13,STR001,PRD055,4,1560.00
2026-08-13,STR002,PRD001,3,1650.00
2026-08-13,STR002,PRD002,6,990.00
2026-08-13,STR002,PRD003,4,980.00
2026-08-13,STR002,PRD004,2,120.00
2026-08-13,STR002,PRD005,5,1900.00
2026-08-13,STR002,PRD006,5,875.00
2026-08-13,STR002,PRD007,6,168.00
2026-08-13,STR002,PRD008,6,312.00
2026-08-13,STR002,PRD009,7,315.00
2026-08-13,STR002,PRD010,8,304.00
2026-08-13,STR002,PRD011,5,550.00
2026-08-13,STR002,PRD012,2,440.00
2026-08-13,STR002,PRD013,1,65.00
2026-08-13,STR002,PRD014,4,160.00
2026-08-13,STR002,PRD015,3,60.00
2026-08-13,STR002,PRD016,3,870.00
2026-08-13,STR002,PRD017,8,400.00
2026-08-13,STR002,PRD018,7,875.00
2026-08-13,STR002,PRD019,2,390.00
2026-08-13,STR002,PRD020,8,280.00
2026-08-13,STR002,PRD021,11,495.00
2026-08-13,STR002,PRD022,10,2800.00
2026-08-13,STR002,PRD023,5,1600.00
2026-08-13,STR002,PRD024,2,300.00
2026-08-13,STR002,PRD025,2,120.00
2026-08-13,STR002,PRD026,5,375.00
2026-08-13,STR002,PRD027,3,120.00
2026-08-13,STR002,PRD028,5,150.00
2026-08-13,STR002,PRD029,8,1920.00
2026-08-13,STR002,PRD030,4,740.00
2026-08-13,STR002,PRD031,2,190.00
2026-08-13,STR002,PRD032,5,600.00
2026-08-13,STR002,PRD033,2,170.00
2026-08-13,STR002,PRD034,2,520.00
2026-08-13,STR002,PRD035,1,420.00
2026-08-13,STR002,PRD036,1,210.00
2026-08-13,STR002,PRD037,4,796.00
2026-08-13,STR002,PRD038,5,575.00
2026-08-13,STR002,PRD039,6,1080.00
2026-08-13,STR002,PRD040,5,725.00
2026-08-13,STR002,PRD041,7,686.00
2026-08-13,STR002,PRD042,7,910.00
2026-08-13,STR002,PRD044,9,990.00
2026-08-13,STR002,PRD045,7,1225.00
2026-08-13,STR002,PRD046,1,160.00
2026-08-13,STR002,PRD047,5,280.00
2026-08-13,STR002,PRD048,11,770.00
2026-08-13,STR002,PRD049,3,174.00
2026-08-13,STR002,PRD050,5,475.00
2026-08-13,STR002,PRD051,7,630.00
2026-08-13,STR002,PRD053,3,1350.00
2026-08-13,STR002,PRD054,3,1950.00
2026-08-13,STR002,PRD055,8,3120.00
2026-08-13,STR003,PRD001,8,4400.00
2026-08-13,STR003,PRD002,5,825.00
2026-08-13,STR003,PRD003,6,1470.00
2026-08-13,STR003,PRD004,3,180.00
2026-08-13,STR003,PRD005,5,1900.00
2026-08-13,STR003,PRD006,8,1400.00
2026-08-13,STR003,PRD007,2,56.00
2026-08-13,STR003,PRD008,4,208.00
2026-08-13,STR003,PRD009,5,225.00
2026-08-13,STR003,PRD010,4,152.00
2026-08-13,STR003,PRD011,7,770.00
2026-08-13,STR003,PRD012,5,1100.00
2026-08-13,STR003,PRD013,6,390.00
2026-08-13,STR003,PRD014,3,120.00
2026-08-13,STR003,PRD015,3,60.00
2026-08-13,STR003,PRD016,3,870.00
2026-08-13,STR003,PRD017,2,100.00
2026-08-13,STR003,PRD018,5,625.00
2026-08-13,STR003,PRD019,5,975.00
2026-08-13,STR003,PRD020,4,140.00
2026-08-13,STR003,PRD021,6,270.00
2026-08-13,STR003,PRD022,3,840.00
2026-08-13,STR003,PRD023,3,960.00
2026-08-13,STR003,PRD024,8,1200.00
2026-08-13,STR003,PRD025,2,120.00
2026-08-13,STR003,PRD026,3,225.00
2026-08-13,STR003,PRD027,3,120.00
2026-08-13,STR003,PRD028,6,180.00
2026-08-13,STR003,PRD029,4,960.00
2026-08-13,STR003,PRD030,6,1110.00
2026-08-13,STR003,PRD031,8,760.00
2026-08-13,STR003,PRD032,6,720.00
2026-08-13,STR003,PRD033,5,425.00
2026-08-13,STR003,PRD034,8,2080.00
2026-08-13,STR003,PRD036,4,840.00
2026-08-13,STR003,PRD037,7,1393.00
2026-08-13,STR003,PRD038,8,920.00
2026-08-13,STR003,PRD039,3,540.00
2026-08-13,STR003,PRD040,4,580.00
2026-08-13,STR003,PRD041,7,686.00
2026-08-13,STR003,PRD042,7,910.00
2026-08-13,STR003,PRD043,4,840.00
2026-08-13,STR003,PRD044,7,770.00
2026-08-13,STR003,PRD045,4,700.00
2026-08-13,STR003,PRD046,4,640.00
2026-08-13,STR003,PRD047,5,280.00
2026-08-13,STR003,PRD048,5,350.00
2026-08-13,STR003,PRD049,4,232.00
2026-08-13,STR003,PRD050,3,285.00
2026-08-13,STR003,PRD051,4,360.00
2026-08-13,STR003,PRD052,8,1120.00
2026-08-13,STR003,PRD053,5,2250.00
2026-08-13,STR003,PRD054,7,4550.00
2026-08-13,STR004,PRD001,2,1100.00
2026-08-13,STR004,PRD002,2,330.00
2026-08-13,STR004,PRD003,8,1960.00
2026-08-13,STR004,PRD004,4,240.00
2026-08-13,STR004,PRD005,3,1140.00
2026-08-13,STR004,PRD006,7,1225.00
2026-08-13,STR004,PRD007,5,140.00
2026-08-13,STR004,PRD008,6,312.00
2026-08-13,STR004,PRD009,7,315.00
2026-08-13,STR004,PRD010,8,304.00
2026-08-13,STR004,PRD011,3,330.00
2026-08-13,STR004,PRD012,1,220.00
2026-08-13,STR004,PRD013,5,325.00
2026-08-13,STR004,PRD014,7,280.00
2026-08-13,STR004,PRD015,4,80.00
2026-08-13,STR004,PRD016,8,2320.00
2026-08-13,STR004,PRD017,15,750.00
2026-08-13,STR004,PRD018,9,1125.00
2026-08-13,STR004,PRD020,4,140.00
2026-08-13,STR004,PRD021,6,270.00
2026-08-13,STR004,PRD022,5,1400.00
2026-08-13,STR004,PRD023,3,960.00
2026-08-13,STR004,PRD024,5,750.00
2026-08-13,STR004,PRD025,3,180.00
2026-08-13,STR004,PRD026,6,450.00
2026-08-13,STR004,PRD027,2,80.00
2026-08-13,STR004,PRD028,6,180.00
2026-08-13,STR004,PRD029,9,2160.00
2026-08-13,STR004,PRD030,2,370.00
2026-08-13,STR004,PRD031,8,760.00
2026-08-13,STR004,PRD032,3,360.00
2026-08-13,STR004,PRD033,5,425.00
2026-08-13,STR004,PRD034,5,1300.00
2026-08-13,STR004,PRD035,6,2520.00
2026-08-13,STR004,PRD036,9,1890.00
2026-08-13,STR004,PRD037,6,1194.00
2026-08-13,STR004,PRD038,5,575.00
2026-08-13,STR004,PRD039,4,720.00
2026-08-13,STR004,PRD040,2,290.00
2026-08-13,STR004,PRD041,2,196.00
2026-08-13,STR004,PRD042,5,650.00
2026-08-13,STR004,PRD043,3,630.00
2026-08-13,STR004,PRD044,7,770.00
2026-08-13,STR004,PRD045,8,1400.00
2026-08-13,STR004,PRD046,6,960.00
2026-08-13,STR004,PRD047,7,392.00
2026-08-13,STR004,PRD048,4,280.00
2026-08-13,STR004,PRD049,7,406.00
2026-08-13,STR004,PRD050,7,665.00
2026-08-13,STR004,PRD051,8,720.00
2026-08-13,STR004,PRD052,3,420.00
2026-08-13,STR004,PRD053,5,2250.00
2026-08-13,STR004,PRD054,5,3250.00
2026-08-13,STR004,PRD055,3,1170.00
2026-08-14,STR001,PRD001,8,4400.00
2026-08-14,STR001,PRD002,8,1320.00
2026-08-14,STR001,PRD003,6,1470.00
2026-08-14,STR001,PRD004,10,600.00
2026-08-14,STR001,PRD005,7,2660.00
2026-08-14,STR001,PRD006,5,875.00
2026-08-14,STR001,PRD007,5,140.00
2026-08-14,STR001,PRD008,3,156.00
2026-08-14,STR001,PRD009,4,180.00
2026-08-14,STR001,PRD010,4,152.00
2026-08-14,STR001,PRD011,5,550.00
2026-08-14,STR001,PRD012,4,880.00
2026-08-14,STR001,PRD013,5,325.00
2026-08-14,STR001,PRD014,2,80.00
2026-08-14,STR001,PRD015,5,100.00
2026-08-14,STR001,PRD016,3,870.00
2026-08-14,STR001,PRD017,2,100.00
2026-08-14,STR001,PRD018,3,375.00
2026-08-14,STR001,PRD019,6,1170.00
2026-08-14,STR001,PRD020,1,35.00
2026-08-14,STR001,PRD021,5,225.00
2026-08-14,STR001,PRD022,5,1400.00
2026-08-14,STR001,PRD023,2,640.00
2026-08-14,STR001,PRD024,2,300.00
2026-08-14,STR001,PRD025,7,420.00
2026-08-14,STR001,PRD026,5,375.00
2026-08-14,STR001,PRD027,1,40.00
2026-08-14,STR001,PRD028,4,120.00
2026-08-14,STR001,PRD029,6,1440.00
2026-08-14,STR001,PRD030,6,1110.00
2026-08-14,STR001,PRD031,4,380.00
2026-08-14,STR001,PRD032,8,960.00
2026-08-14,STR001,PRD033,5,425.00
2026-08-14,STR001,PRD034,7,1820.00
2026-08-14,STR001,PRD035,6,2520.00
2026-08-14,STR001,PRD036,5,1050.00
2026-08-14,STR001,PRD037,5,995.00
2026-08-14,STR001,PRD038,1,115.00
2026-08-14,STR001,PRD039,7,1260.00
2026-08-14,STR001,PRD040,7,1015.00
2026-08-14,STR001,PRD041,8,784.00
2026-08-14,STR001,PRD042,4,520.00
2026-08-14,STR001,PRD043,6,1260.00
2026-08-14,STR001,PRD044,6,660.00
2026-08-14,STR001,PRD045,1,175.00
2026-08-14,STR001,PRD046,5,800.00
2026-08-14,STR001,PRD047,1,56.00
2026-08-14,STR001,PRD048,5,350.00
2026-08-14,STR001,PRD049,6,348.00
2026-08-14,STR001,PRD050,4,380.00
2026-08-14,STR001,PRD052,2,280.00
2026-08-14,STR001,PRD055,7,2730.00
2026-08-14,STR002,PRD001,6,3300.00
2026-08-14,STR002,PRD002,6,990.00
2026-08-14,STR002,PRD003,4,980.00
2026-08-14,STR002,PRD004,5,300.00
2026-08-14,STR002,PRD005,7,2660.00
2026-08-14,STR002,PRD006,9,1575.00
2026-08-14,STR002,PRD007,6,168.00
2026-08-14,STR002,PRD008,6,312.00
2026-08-14,STR002,PRD009,4,180.00
2026-08-14,STR002,PRD010,7,266.00
2026-08-14,STR002,PRD011,4,440.00
2026-08-14,STR002,PRD012,5,1100.00
2026-08-14,STR002,PRD013,1,65.00
2026-08-14,STR002,PRD014,5,200.00
2026-08-14,STR002,PRD015,4,80.00
2026-08-14,STR002,PRD016,6,1740.00
2026-08-14,STR002,PRD017,5,250.00
2026-08-14,STR002,PRD018,5,625.00
2026-08-14,STR002,PRD019,3,585.00
2026-08-14,STR002,PRD020,6,210.00
2026-08-14,STR002,PRD021,11,495.00
2026-08-14,STR002,PRD022,13,3640.00
2026-08-14,STR002,PRD023,5,1600.00
2026-08-14,STR002,PRD024,3,450.00
2026-08-14,STR002,PRD025,6,360.00
2026-08-14,STR002,PRD026,6,450.00
2026-08-14,STR002,PRD027,2,80.00
2026-08-14,STR002,PRD028,5,150.00
2026-08-14,STR002,PRD029,7,1680.00
2026-08-14,STR002,PRD030,7,1295.00
2026-08-14,STR002,PRD031,5,475.00
2026-08-14,STR002,PRD032,6,720.00
2026-08-14,STR002,PRD033,4,340.00
2026-08-14,STR002,PRD034,4,1040.00
2026-08-14,STR002,PRD035,1,420.00
2026-08-14,STR002,PRD036,1,210.00
2026-08-14,STR002,PRD037,5,995.00
2026-08-14,STR002,PRD038,8,920.00
2026-08-14,STR002,PRD039,3,540.00
2026-08-14,STR002,PRD040,5,725.00
2026-08-14,STR002,PRD041,6,588.00
2026-08-14,STR002,PRD042,5,650.00
2026-08-14,STR002,PRD044,8,880.00
2026-08-14,STR002,PRD045,6,1050.00
2026-08-14,STR002,PRD046,5,800.00
2026-08-14,STR002,PRD047,7,392.00
2026-08-14,STR002,PRD048,14,980.00
2026-08-14,STR002,PRD049,3,174.00
2026-08-14,STR002,PRD050,4,380.00
2026-08-14,STR002,PRD051,8,720.00
2026-08-14,STR002,PRD053,3,1350.00
2026-08-14,STR002,PRD054,7,4550.00
2026-08-14,STR002,PRD055,8,3120.00
2026-08-14,STR003,PRD001,6,3300.00
2026-08-14,STR003,PRD002,5,825.00
2026-08-14,STR003,PRD003,5,1225.00
2026-08-14,STR003,PRD004,3,180.00
2026-08-14,STR003,PRD005,5,1900.00
2026-08-14,STR003,PRD006,6,1050.00
2026-08-14,STR003,PRD007,6,168.00
2026-08-14,STR003,PRD008,6,312.00
2026-08-14,STR003,PRD009,6,270.00
2026-08-14,STR003,PRD010,2,76.00
2026-08-14,STR003,PRD011,5,550.00
2026-08-14,STR003,PRD012,4,880.00
2026-08-14,STR003,PRD013,5,325.00
2026-08-14,STR003,PRD014,6,240.00
2026-08-14,STR003,PRD015,4,80.00
2026-08-14,STR003,PRD016,3,870.00
2026-08-14,STR003,PRD017,1,50.00
2026-08-14,STR003,PRD018,5,625.00
2026-08-14,STR003,PRD019,6,1170.00
2026-08-14,STR003,PRD020,7,245.00
2026-08-14,STR003,PRD021,2,90.00
2026-08-14,STR003,PRD022,2,560.00
2026-08-14,STR003,PRD024,6,900.00
2026-08-14,STR003,PRD025,3,180.00
2026-08-14,STR003,PRD026,7,525.00
2026-08-14,STR003,PRD027,4,160.00
2026-08-14,STR003,PRD028,5,150.00
2026-08-14,STR003,PRD029,7,1680.00
2026-08-14,STR003,PRD030,2,370.00
2026-08-14,STR003,PRD031,6,570.00
2026-08-14,STR003,PRD032,4,480.00
2026-08-14,STR003,PRD033,3,255.00
2026-08-14,STR003,PRD034,5,1300.00
2026-08-14,STR003,PRD036,6,1260.00
2026-08-14,STR003,PRD037,7,1393.00
2026-08-14,STR003,PRD038,4,460.00
2026-08-14,STR003,PRD039,5,900.00
2026-08-14,STR003,PRD040,5,725.00
2026-08-14,STR003,PRD041,7,686.00
2026-08-14,STR003,PRD042,7,910.00
2026-08-14,STR003,PRD043,3,630.00
2026-08-14,STR003,PRD044,7,770.00
2026-08-14,STR003,PRD045,3,525.00
2026-08-14,STR003,PRD046,6,960.00
2026-08-14,STR003,PRD047,2,112.00
2026-08-14,STR003,PRD048,6,420.00
2026-08-14,STR003,PRD049,5,290.00
2026-08-14,STR003,PRD050,2,190.00
2026-08-14,STR003,PRD051,3,270.00
2026-08-14,STR003,PRD052,7,980.00
2026-08-14,STR003,PRD053,6,2700.00
2026-08-14,STR003,PRD054,8,5200.00
2026-08-14,STR004,PRD002,2,330.00
2026-08-14,STR004,PRD003,4,980.00
2026-08-14,STR004,PRD004,4,240.00
2026-08-14,STR004,PRD005,4,1520.00
2026-08-14,STR004,PRD006,8,1400.00
2026-08-14,STR004,PRD007,6,168.00
2026-08-14,STR004,PRD008,7,364.00
2026-08-14,STR004,PRD009,5,225.00
2026-08-14,STR004,PRD010,5,190.00
2026-08-14,STR004,PRD011,2,220.00
2026-08-14,STR004,PRD012,1,220.00
2026-08-14,STR004,PRD013,4,260.00
2026-08-14,STR004,PRD014,3,120.00
2026-08-14,STR004,PRD015,7,140.00
2026-08-14,STR004,PRD016,5,1450.00
2026-08-14,STR004,PRD017,14,700.00
2026-08-14,STR004,PRD018,8,1000.00
2026-08-14,STR004,PRD020,7,245.00
2026-08-14,STR004,PRD021,4,180.00
2026-08-14,STR004,PRD022,8,2240.00
2026-08-14,STR004,PRD023,4,1280.00
2026-08-14,STR004,PRD024,5,750.00
2026-08-14,STR004,PRD025,3,180.00
2026-08-14,STR004,PRD026,4,300.00
2026-08-14,STR004,PRD027,6,240.00
2026-08-14,STR004,PRD028,5,150.00
2026-08-14,STR004,PRD029,5,1200.00
2026-08-14,STR004,PRD030,6,1110.00
2026-08-14,STR004,PRD031,4,380.00
2026-08-14,STR004,PRD032,4,480.00
2026-08-14,STR004,PRD033,2,170.00
2026-08-14,STR004,PRD034,6,1560.00
2026-08-14,STR004,PRD035,6,2520.00
2026-08-14,STR004,PRD036,6,1260.00
2026-08-14,STR004,PRD037,8,1592.00
2026-08-14,STR004,PRD038,4,460.00
2026-08-14,STR004,PRD039,4,720.00
2026-08-14,STR004,PRD041,6,588.00
2026-08-14,STR004,PRD042,3,390.00
2026-08-14,STR004,PRD043,1,210.00
2026-08-14,STR004,PRD044,7,770.00
2026-08-14,STR004,PRD045,7,1225.00
2026-08-14,STR004,PRD046,6,960.00
2026-08-14,STR004,PRD047,8,448.00
2026-08-14,STR004,PRD048,3,210.00
2026-08-14,STR004,PRD049,5,290.00
2026-08-14,STR004,PRD050,6,570.00
2026-08-14,STR004,PRD051,7,630.00
2026-08-14,STR004,PRD052,4,560.00
2026-08-14,STR004,PRD053,7,3150.00
2026-08-14,STR004,PRD054,3,1950.00
2026-08-14,STR004,PRD055,3,1170.00
2026-08-15,STR001,PRD001,10,5500.00
2026-08-15,STR001,PRD002,11,1815.00
2026-08-15,STR001,PRD003,5,1225.00
2026-08-15,STR001,PRD004,11,660.00
2026-08-15,STR001,PRD005,4,1520.00
2026-08-15,STR001,PRD006,5,875.00
2026-08-15,STR001,PRD007,8,224.00
2026-08-15,STR001,PRD008,5,260.00
2026-08-15,STR001,PRD009,7,315.00
2026-08-15,STR001,PRD010,1,38.00
2026-08-15,STR001,PRD011,4,440.00
2026-08-15,STR001,PRD012,4,880.00
2026-08-15,STR001,PRD013,5,325.00
2026-08-15,STR001,PRD014,3,120.00
2026-08-15,STR001,PRD015,4,80.00
2026-08-15,STR001,PRD016,6,1740.00
2026-08-15,STR001,PRD017,6,300.00
2026-08-15,STR001,PRD018,3,375.00
2026-08-15,STR001,PRD019,8,1560.00
2026-08-15,STR001,PRD020,2,70.00
2026-08-15,STR001,PRD021,5,225.00
2026-08-15,STR001,PRD022,7,1960.00
2026-08-15,STR001,PRD023,4,1280.00
2026-08-15,STR001,PRD024,3,450.00
2026-08-15,STR001,PRD025,7,420.00
2026-08-15,STR001,PRD026,5,375.00
2026-08-15,STR001,PRD027,1,40.00
2026-08-15,STR001,PRD028,4,120.00
2026-08-15,STR001,PRD029,4,960.00
2026-08-15,STR001,PRD030,5,925.00
2026-08-15,STR001,PRD031,7,665.00
2026-08-15,STR001,PRD032,4,480.00
2026-08-15,STR001,PRD033,4,340.00
2026-08-15,STR001,PRD034,7,1820.00
2026-08-15,STR001,PRD035,6,2520.00
2026-08-15,STR001,PRD036,6,1260.00
2026-08-15,STR001,PRD037,8,1592.00
2026-08-15,STR001,PRD039,5,900.00
2026-08-15,STR001,PRD040,6,870.00
2026-08-15,STR001,PRD041,8,784.00
2026-08-15,STR001,PRD042,5,650.00
2026-08-15,STR001,PRD043,5,1050.00
2026-08-15,STR001,PRD044,3,330.00
2026-08-15,STR001,PRD045,2,350.00
2026-08-15,STR001,PRD046,6,960.00
2026-08-15,STR001,PRD047,5,280.00
2026-08-15,STR001,PRD048,4,280.00
2026-08-15,STR001,PRD049,7,406.00
2026-08-15,STR001,PRD050,2,190.00
2026-08-15,STR001,PRD052,5,700.00
2026-08-15,STR001,PRD055,7,2730.00
2026-08-15,STR002,PRD001,3,1650.00
2026-08-15,STR002,PRD002,6,990.00
2026-08-15,STR002,PRD003,4,980.00
2026-08-15,STR002,PRD004,3,180.00
2026-08-15,STR002,PRD005,3,1140.00
2026-08-15,STR002,PRD006,7,1225.00
2026-08-15,STR002,PRD007,6,168.00
2026-08-15,STR002,PRD008,6,312.00
2026-08-15,STR002,PRD009,6,270.00
2026-08-15,STR002,PRD010,7,266.00
2026-08-15,STR002,PRD011,6,660.00
2026-08-15,STR002,PRD012,4,880.00
2026-08-15,STR002,PRD013,5,325.00
2026-08-15,STR002,PRD014,6,240.00
2026-08-15,STR002,PRD015,4,80.00
2026-08-15,STR002,PRD016,4,1160.00
2026-08-15,STR002,PRD017,8,400.00
2026-08-15,STR002,PRD018,9,1125.00
2026-08-15,STR002,PRD019,5,975.00
2026-08-15,STR002,PRD020,9,315.00
2026-08-15,STR002,PRD021,12,540.00
2026-08-15,STR002,PRD022,14,3920.00
2026-08-15,STR002,PRD023,7,2240.00
2026-08-15,STR002,PRD024,6,900.00
2026-08-15,STR002,PRD025,6,360.00
2026-08-15,STR002,PRD026,4,300.00
2026-08-15,STR002,PRD027,5,200.00
2026-08-15,STR002,PRD028,5,150.00
2026-08-15,STR002,PRD029,5,1200.00
2026-08-15,STR002,PRD030,6,1110.00
2026-08-15,STR002,PRD031,4,380.00
2026-08-15,STR002,PRD032,9,1080.00
2026-08-15,STR002,PRD033,4,340.00
2026-08-15,STR002,PRD034,5,1300.00
2026-08-15,STR002,PRD035,1,420.00
2026-08-15,STR002,PRD036,3,630.00
2026-08-15,STR002,PRD037,6,1194.00
2026-08-15,STR002,PRD038,6,690.00
2026-08-15,STR002,PRD039,5,900.00
2026-08-15,STR002,PRD040,5,725.00
2026-08-15,STR002,PRD041,7,686.00
2026-08-15,STR002,PRD042,6,780.00
2026-08-15,STR002,PRD044,7,770.00
2026-08-15,STR002,PRD045,5,875.00
2026-08-15,STR002,PRD046,5,800.00
2026-08-15,STR002,PRD047,5,280.00
2026-08-15,STR002,PRD048,12,840.00
2026-08-15,STR002,PRD049,5,290.00
2026-08-15,STR002,PRD050,3,285.00
2026-08-15,STR002,PRD051,6,540.00
2026-08-15,STR002,PRD053,7,3150.00
2026-08-15,STR002,PRD054,6,3900.00
2026-08-15,STR002,PRD055,7,2730.00
2026-08-15,STR003,PRD001,6,3300.00
2026-08-15,STR003,PRD002,6,990.00
2026-08-15,STR003,PRD003,6,1470.00
2026-08-15,STR003,PRD004,3,180.00
2026-08-15,STR003,PRD005,9,3420.00
2026-08-15,STR003,PRD006,5,875.00
2026-08-15,STR003,PRD007,4,112.00
2026-08-15,STR003,PRD008,5,260.00
2026-08-15,STR003,PRD009,5,225.00
2026-08-15,STR003,PRD010,6,228.00
2026-08-15,STR003,PRD011,8,880.00
2026-08-15,STR003,PRD012,6,1320.00
2026-08-15,STR003,PRD013,5,325.00
2026-08-15,STR003,PRD014,6,240.00
2026-08-15,STR003,PRD015,5,100.00
2026-08-15,STR003,PRD016,6,1740.00
2026-08-15,STR003,PRD017,2,100.00
2026-08-15,STR003,PRD018,2,250.00
2026-08-15,STR003,PRD019,7,1365.00
2026-08-15,STR003,PRD020,5,175.00
2026-08-15,STR003,PRD021,3,135.00
2026-08-15,STR003,PRD022,4,1120.00
2026-08-15,STR003,PRD023,1,320.00
2026-08-15,STR003,PRD024,6,900.00
2026-08-15,STR003,PRD025,4,240.00
2026-08-15,STR003,PRD026,5,375.00
2026-08-15,STR003,PRD027,2,80.00
2026-08-15,STR003,PRD028,7,210.00
2026-08-15,STR003,PRD029,7,1680.00
2026-08-15,STR003,PRD030,4,740.00
2026-08-15,STR003,PRD031,10,950.00
2026-08-15,STR003,PRD032,6,720.00
2026-08-15,STR003,PRD033,6,510.00
2026-08-15,STR003,PRD034,6,1560.00
2026-08-15,STR003,PRD036,6,1260.00
2026-08-15,STR003,PRD037,3,597.00
2026-08-15,STR003,PRD038,6,690.00
2026-08-15,STR003,PRD039,2,360.00
2026-08-15,STR003,PRD040,5,725.00
2026-08-15,STR003,PRD041,9,882.00
2026-08-15,STR003,PRD042,7,910.00
2026-08-15,STR003,PRD043,3,630.00
2026-08-15,STR003,PRD044,3,330.00
2026-08-15,STR003,PRD045,2,350.00
2026-08-15,STR003,PRD046,4,640.00
2026-08-15,STR003,PRD047,5,280.00
2026-08-15,STR003,PRD048,6,420.00
2026-08-15,STR003,PRD049,6,348.00
2026-08-15,STR003,PRD050,6,570.00
2026-08-15,STR003,PRD051,3,270.00
2026-08-15,STR003,PRD052,8,1120.00
2026-08-15,STR003,PRD053,6,2700.00
2026-08-15,STR003,PRD054,8,5200.00
2026-08-15,STR004,PRD002,4,660.00
2026-08-15,STR004,PRD003,4,980.00
2026-08-15,STR004,PRD004,5,300.00
2026-08-15,STR004,PRD005,5,1900.00
2026-08-15,STR004,PRD006,9,1575.00
2026-08-15,STR004,PRD007,3,84.00
2026-08-15,STR004,PRD008,6,312.00
2026-08-15,STR004,PRD009,7,315.00
2026-08-15,STR004,PRD010,7,266.00
2026-08-15,STR004,PRD011,4,440.00
2026-08-15,STR004,PRD012,1,220.00
2026-08-15,STR004,PRD013,4,260.00
2026-08-15,STR004,PRD014,4,160.00
2026-08-15,STR004,PRD015,3,60.00
2026-08-15,STR004,PRD016,6,1740.00
2026-08-15,STR004,PRD017,13,650.00
2026-08-15,STR004,PRD018,5,625.00
2026-08-15,STR004,PRD020,5,175.00
2026-08-15,STR004,PRD021,2,90.00
2026-08-15,STR004,PRD022,8,2240.00
2026-08-15,STR004,PRD023,6,1920.00
2026-08-15,STR004,PRD024,4,600.00
2026-08-15,STR004,PRD025,4,240.00
2026-08-15,STR004,PRD026,3,225.00
2026-08-15,STR004,PRD027,5,200.00
2026-08-15,STR004,PRD028,3,90.00
2026-08-15,STR004,PRD029,5,1200.00
2026-08-15,STR004,PRD030,6,1110.00
2026-08-15,STR004,PRD031,4,380.00
2026-08-15,STR004,PRD032,3,360.00
2026-08-15,STR004,PRD033,1,85.00
2026-08-15,STR004,PRD034,7,1820.00
2026-08-15,STR004,PRD035,8,3360.00
2026-08-15,STR004,PRD036,7,1470.00
2026-08-15,STR004,PRD037,7,1393.00
2026-08-15,STR004,PRD038,7,805.00
2026-08-15,STR004,PRD039,3,540.00
2026-08-15,STR004,PRD041,3,294.00
2026-08-15,STR004,PRD042,7,910.00
2026-08-15,STR004,PRD043,5,1050.00
2026-08-15,STR004,PRD044,7,770.00
2026-08-15,STR004,PRD045,7,1225.00
2026-08-15,STR004,PRD046,6,960.00
2026-08-15,STR004,PRD047,6,336.00
2026-08-15,STR004,PRD048,4,280.00
2026-08-15,STR004,PRD049,4,232.00
2026-08-15,STR004,PRD050,5,475.00
2026-08-15,STR004,PRD051,9,810.00
2026-08-15,STR004,PRD052,7,980.00
2026-08-15,STR004,PRD053,6,2700.00
2026-08-15,STR004,PRD054,3,1950.00
2026-08-15,STR004,PRD055,3,1170.00
2026-08-16,STR001,PRD001,10,5500.00
2026-08-16,STR001,PRD002,9,1485.00
2026-08-16,STR001,PRD003,6,1470.00
2026-08-16,STR001,PRD004,14,840.00
2026-08-16,STR001,PRD005,4,1520.00
2026-08-16,STR001,PRD006,5,875.00
2026-08-16,STR001,PRD007,5,140.00
2026-08-16,STR001,PRD008,5,260.00
2026-08-16,STR001,PRD009,7,315.00
2026-08-16,STR001,PRD010,3,114.00
2026-08-16,STR001,PRD011,6,660.00
2026-08-16,STR001,PRD012,3,660.00
2026-08-16,STR001,PRD013,1,65.00
2026-08-16,STR001,PRD014,3,120.00
2026-08-16,STR001,PRD015,7,140.00
2026-08-16,STR001,PRD016,4,1160.00
2026-08-16,STR001,PRD017,3,150.00
2026-08-16,STR001,PRD018,6,750.00
2026-08-16,STR001,PRD019,8,1560.00
2026-08-16,STR001,PRD020,2,70.00
2026-08-16,STR001,PRD021,5,225.00
2026-08-16,STR001,PRD022,5,1400.00
2026-08-16,STR001,PRD023,4,1280.00
2026-08-16,STR001,PRD024,2,300.00
2026-08-16,STR001,PRD025,5,300.00
2026-08-16,STR001,PRD026,3,225.00
2026-08-16,STR001,PRD027,3,120.00
2026-08-16,STR001,PRD028,4,120.00
2026-08-16,STR001,PRD029,8,1920.00
2026-08-16,STR001,PRD030,7,1295.00
2026-08-16,STR001,PRD031,7,665.00
2026-08-16,STR001,PRD032,7,840.00
2026-08-16,STR001,PRD033,4,340.00
2026-08-16,STR001,PRD034,6,1560.00
2026-08-16,STR001,PRD035,3,1260.00
2026-08-16,STR001,PRD036,3,630.00
2026-08-16,STR001,PRD037,7,1393.00
2026-08-16,STR001,PRD038,2,230.00
2026-08-16,STR001,PRD039,7,1260.00
2026-08-16,STR001,PRD040,4,580.00
2026-08-16,STR001,PRD041,7,686.00
2026-08-16,STR001,PRD042,5,650.00
2026-08-16,STR001,PRD043,5,1050.00
2026-08-16,STR001,PRD044,2,220.00
2026-08-16,STR001,PRD045,5,875.00
2026-08-16,STR001,PRD046,4,640.00
2026-08-16,STR001,PRD047,2,112.00
2026-08-16,STR001,PRD048,5,350.00
2026-08-16,STR001,PRD049,7,406.00
2026-08-16,STR001,PRD050,6,570.00
2026-08-16,STR001,PRD052,4,560.00
2026-08-16,STR001,PRD055,7,2730.00
2026-08-16,STR002,PRD001,7,3850.00
2026-08-16,STR002,PRD002,6,990.00
2026-08-16,STR002,PRD003,7,1715.00
2026-08-16,STR002,PRD004,5,300.00
2026-08-16,STR002,PRD005,7,2660.00
2026-08-16,STR002,PRD006,6,1050.00
2026-08-16,STR002,PRD007,6,168.00
2026-08-16,STR002,PRD008,4,208.00
2026-08-16,STR002,PRD009,4,180.00
2026-08-16,STR002,PRD010,8,304.00
2026-08-16,STR002,PRD011,7,770.00
2026-08-16,STR002,PRD012,3,660.00
2026-08-16,STR002,PRD013,4,260.00
2026-08-16,STR002,PRD014,3,120.00
2026-08-16,STR002,PRD015,3,60.00
2026-08-16,STR002,PRD016,4,1160.00
2026-08-16,STR002,PRD017,7,350.00
2026-08-16,STR002,PRD018,8,1000.00
2026-08-16,STR002,PRD019,4,780.00
2026-08-16,STR002,PRD020,7,245.00
2026-08-16,STR002,PRD021,10,450.00
2026-08-16,STR002,PRD022,11,3080.00
2026-08-16,STR002,PRD023,6,1920.00
2026-08-16,STR002,PRD024,6,900.00
2026-08-16,STR002,PRD025,5,300.00
2026-08-16,STR002,PRD026,3,225.00
2026-08-16,STR002,PRD027,6,240.00
2026-08-16,STR002,PRD028,4,120.00
2026-08-16,STR002,PRD029,5,1200.00
2026-08-16,STR002,PRD030,6,1110.00
2026-08-16,STR002,PRD031,2,190.00
2026-08-16,STR002,PRD032,8,960.00
2026-08-16,STR002,PRD033,4,340.00
2026-08-16,STR002,PRD034,3,780.00
2026-08-16,STR002,PRD035,3,1260.00
2026-08-16,STR002,PRD036,4,840.00
2026-08-16,STR002,PRD037,4,796.00
2026-08-16,STR002,PRD038,7,805.00
2026-08-16,STR002,PRD039,6,1080.00
2026-08-16,STR002,PRD040,4,580.00
2026-08-16,STR002,PRD041,6,588.00
2026-08-16,STR002,PRD042,5,650.00
2026-08-16,STR002,PRD044,7,770.00
2026-08-16,STR002,PRD045,5,875.00
2026-08-16,STR002,PRD046,3,480.00
2026-08-16,STR002,PRD047,6,336.00
2026-08-16,STR002,PRD048,12,840.00
2026-08-16,STR002,PRD049,6,348.00
2026-08-16,STR002,PRD050,3,285.00
2026-08-16,STR002,PRD051,5,450.00
2026-08-16,STR002,PRD053,4,1800.00
2026-08-16,STR002,PRD054,7,4550.00
2026-08-16,STR002,PRD055,9,3510.00
2026-08-16,STR003,PRD001,8,4400.00
2026-08-16,STR003,PRD002,6,990.00
2026-08-16,STR003,PRD003,4,980.00
2026-08-16,STR003,PRD004,2,120.00
2026-08-16,STR003,PRD005,8,3040.00
2026-08-16,STR003,PRD006,6,1050.00
2026-08-16,STR003,PRD007,2,56.00
2026-08-16,STR003,PRD008,5,260.00
2026-08-16,STR003,PRD009,3,135.00
2026-08-16,STR003,PRD010,3,114.00
2026-08-16,STR003,PRD011,4,440.00
2026-08-16,STR003,PRD012,8,1760.00
2026-08-16,STR003,PRD013,8,520.00
2026-08-16,STR003,PRD014,3,120.00
2026-08-16,STR003,PRD015,3,60.00
2026-08-16,STR003,PRD016,2,580.00
2026-08-16,STR003,PRD017,5,250.00
2026-08-16,STR003,PRD018,4,500.00
2026-08-16,STR003,PRD019,8,1560.00
2026-08-16,STR003,PRD020,5,175.00
2026-08-16,STR003,PRD021,4,180.00
2026-08-16,STR003,PRD022,1,280.00
2026-08-16,STR003,PRD023,2,640.00
2026-08-16,STR003,PRD024,7,1050.00
2026-08-16,STR003,PRD025,2,120.00
2026-08-16,STR003,PRD026,4,300.00
2026-08-16,STR003,PRD027,4,160.00
2026-08-16,STR003,PRD028,6,180.00
2026-08-16,STR003,PRD029,5,1200.00
2026-08-16,STR003,PRD030,6,1110.00
2026-08-16,STR003,PRD031,6,570.00
2026-08-16,STR003,PRD032,4,480.00
2026-08-16,STR003,PRD033,2,170.00
2026-08-16,STR003,PRD034,8,2080.00
2026-08-16,STR003,PRD035,1,420.00
2026-08-16,STR003,PRD036,3,630.00
2026-08-16,STR003,PRD037,5,995.00
2026-08-16,STR003,PRD038,8,920.00
2026-08-16,STR003,PRD039,5,900.00
2026-08-16,STR003,PRD040,5,725.00
2026-08-16,STR003,PRD041,6,588.00
2026-08-16,STR003,PRD042,5,650.00
2026-08-16,STR003,PRD043,3,630.00
2026-08-16,STR003,PRD044,4,440.00
2026-08-16,STR003,PRD045,5,875.00
2026-08-16,STR003,PRD046,2,320.00
2026-08-16,STR003,PRD047,2,112.00
2026-08-16,STR003,PRD048,3,210.00
2026-08-16,STR003,PRD049,4,232.00
2026-08-16,STR003,PRD050,3,285.00
2026-08-16,STR003,PRD051,5,450.00
2026-08-16,STR003,PRD052,4,560.00
2026-08-16,STR003,PRD053,5,2250.00
2026-08-16,STR003,PRD054,9,5850.00
2026-08-16,STR004,PRD001,2,1100.00
2026-08-16,STR004,PRD002,3,495.00
2026-08-16,STR004,PRD003,5,1225.00
2026-08-16,STR004,PRD004,6,360.00
2026-08-16,STR004,PRD005,3,1140.00
2026-08-16,STR004,PRD006,6,1050.00
2026-08-16,STR004,PRD007,3,84.00
2026-08-16,STR004,PRD008,5,260.00
2026-08-16,STR004,PRD009,5,225.00
2026-08-16,STR004,PRD010,6,228.00
2026-08-16,STR004,PRD011,6,660.00
2026-08-16,STR004,PRD012,1,220.00
2026-08-16,STR004,PRD013,7,455.00
2026-08-16,STR004,PRD014,7,280.00
2026-08-16,STR004,PRD015,3,60.00
2026-08-16,STR004,PRD016,7,2030.00
2026-08-16,STR004,PRD017,14,700.00
2026-08-16,STR004,PRD018,6,750.00
2026-08-16,STR004,PRD019,1,195.00
2026-08-16,STR004,PRD020,4,140.00
2026-08-16,STR004,PRD021,3,135.00
2026-08-16,STR004,PRD022,5,1400.00
2026-08-16,STR004,PRD023,6,1920.00
2026-08-16,STR004,PRD024,4,600.00
2026-08-16,STR004,PRD025,7,420.00
2026-08-16,STR004,PRD026,5,375.00
2026-08-16,STR004,PRD027,5,200.00
2026-08-16,STR004,PRD028,3,90.00
2026-08-16,STR004,PRD029,8,1920.00
2026-08-16,STR004,PRD030,3,555.00
2026-08-16,STR004,PRD031,4,380.00
2026-08-16,STR004,PRD032,4,480.00
2026-08-16,STR004,PRD033,2,170.00
2026-08-16,STR004,PRD034,9,2340.00
2026-08-16,STR004,PRD035,4,1680.00
2026-08-16,STR004,PRD036,5,1050.00
2026-08-16,STR004,PRD037,8,1592.00
2026-08-16,STR004,PRD038,5,575.00
2026-08-16,STR004,PRD039,2,360.00
2026-08-16,STR004,PRD040,1,145.00
2026-08-16,STR004,PRD041,5,490.00
2026-08-16,STR004,PRD042,7,910.00
2026-08-16,STR004,PRD043,4,840.00
2026-08-16,STR004,PRD044,6,660.00
2026-08-16,STR004,PRD045,9,1575.00
2026-08-16,STR004,PRD046,6,960.00
2026-08-16,STR004,PRD047,7,392.00
2026-08-16,STR004,PRD048,7,490.00
2026-08-16,STR004,PRD049,6,348.00
2026-08-16,STR004,PRD050,9,855.00
2026-08-16,STR004,PRD051,7,630.00
2026-08-16,STR004,PRD052,7,980.00
2026-08-16,STR004,PRD053,8,3600.00
2026-08-16,STR004,PRD054,5,3250.00
2026-08-16,STR004,PRD055,4,1560.00
2026-08-17,STR001,PRD001,10,5500.00
2026-08-17,STR001,PRD002,11,1815.00
2026-08-17,STR001,PRD003,3,735.00
2026-08-17,STR001,PRD004,14,840.00
2026-08-17,STR001,PRD005,7,2660.00
2026-08-17,STR001,PRD006,5,875.00
2026-08-17,STR001,PRD007,5,140.00
2026-08-17,STR001,PRD008,2,104.00
2026-08-17,STR001,PRD009,3,135.00
2026-08-17,STR001,PRD010,5,190.00
2026-08-17,STR001,PRD011,5,550.00
2026-08-17,STR001,PRD012,5,1100.00
2026-08-17,STR001,PRD013,1,65.00
2026-08-17,STR001,PRD014,6,240.00
2026-08-17,STR001,PRD015,7,140.00
2026-08-17,STR001,PRD016,6,1740.00
2026-08-17,STR001,PRD017,5,250.00
2026-08-17,STR001,PRD018,5,625.00
2026-08-17,STR001,PRD019,6,1170.00
2026-08-17,STR001,PRD020,1,35.00
2026-08-17,STR001,PRD021,6,270.00
2026-08-17,STR001,PRD022,7,1960.00
2026-08-17,STR001,PRD023,3,960.00
2026-08-17,STR001,PRD024,2,300.00
2026-08-17,STR001,PRD025,6,360.00
2026-08-17,STR001,PRD026,5,375.00
2026-08-17,STR001,PRD027,2,80.00
2026-08-17,STR001,PRD028,4,120.00
2026-08-17,STR001,PRD029,8,1920.00
2026-08-17,STR001,PRD030,4,740.00
2026-08-17,STR001,PRD031,6,570.00
2026-08-17,STR001,PRD032,7,840.00
2026-08-17,STR001,PRD033,4,340.00
2026-08-17,STR001,PRD034,6,1560.00
2026-08-17,STR001,PRD035,3,1260.00
2026-08-17,STR001,PRD036,4,840.00
2026-08-17,STR001,PRD037,7,1393.00
2026-08-17,STR001,PRD038,1,115.00
2026-08-17,STR001,PRD039,7,1260.00
2026-08-17,STR001,PRD040,6,870.00
2026-08-17,STR001,PRD041,7,686.00
2026-08-17,STR001,PRD042,4,520.00
2026-08-17,STR001,PRD043,4,840.00
2026-08-17,STR001,PRD044,3,330.00
2026-08-17,STR001,PRD045,4,700.00
2026-08-17,STR001,PRD046,3,480.00
2026-08-17,STR001,PRD047,4,224.00
2026-08-17,STR001,PRD048,2,140.00
2026-08-17,STR001,PRD049,5,290.00
2026-08-17,STR001,PRD050,3,285.00
2026-08-17,STR001,PRD052,2,280.00
2026-08-17,STR001,PRD055,4,1560.00
2026-08-17,STR002,PRD001,5,2750.00
2026-08-17,STR002,PRD002,5,825.00
2026-08-17,STR002,PRD003,7,1715.00
2026-08-17,STR002,PRD004,5,300.00
2026-08-17,STR002,PRD005,3,1140.00
2026-08-17,STR002,PRD006,9,1575.00
2026-08-17,STR002,PRD007,6,168.00
2026-08-17,STR002,PRD008,5,260.00
2026-08-17,STR002,PRD009,8,360.00
2026-08-17,STR002,PRD010,8,304.00
2026-08-17,STR002,PRD011,7,770.00
2026-08-17,STR002,PRD012,2,440.00
2026-08-17,STR002,PRD013,4,260.00
2026-08-17,STR002,PRD014,2,80.00
2026-08-17,STR002,PRD015,4,80.00
2026-08-17,STR002,PRD016,4,1160.00
2026-08-17,STR002,PRD017,6,300.00
2026-08-17,STR002,PRD018,7,875.00
2026-08-17,STR002,PRD019,6,1170.00
2026-08-17,STR002,PRD020,7,245.00
2026-08-17,STR002,PRD021,8,360.00
2026-08-17,STR002,PRD022,10,2800.00
2026-08-17,STR002,PRD023,4,1280.00
2026-08-17,STR002,PRD024,6,900.00
2026-08-17,STR002,PRD025,4,240.00
2026-08-17,STR002,PRD026,3,225.00
2026-08-17,STR002,PRD027,2,80.00
2026-08-17,STR002,PRD028,7,210.00
2026-08-17,STR002,PRD029,6,1440.00
2026-08-17,STR002,PRD030,7,1295.00
2026-08-17,STR002,PRD031,4,380.00
2026-08-17,STR002,PRD032,5,600.00
2026-08-17,STR002,PRD033,2,170.00
2026-08-17,STR002,PRD034,4,1040.00
2026-08-17,STR002,PRD035,3,1260.00
2026-08-17,STR002,PRD036,5,1050.00
2026-08-17,STR002,PRD037,7,1393.00
2026-08-17,STR002,PRD038,6,690.00
2026-08-17,STR002,PRD039,7,1260.00
2026-08-17,STR002,PRD040,3,435.00
2026-08-17,STR002,PRD041,5,490.00
2026-08-17,STR002,PRD042,7,910.00
2026-08-17,STR002,PRD043,1,210.00
2026-08-17,STR002,PRD044,9,990.00
2026-08-17,STR002,PRD045,8,1400.00
2026-08-17,STR002,PRD046,1,160.00
2026-08-17,STR002,PRD047,7,392.00
2026-08-17,STR002,PRD048,13,910.00
2026-08-17,STR002,PRD049,6,348.00
2026-08-17,STR002,PRD050,6,570.00
2026-08-17,STR002,PRD051,4,360.00
2026-08-17,STR002,PRD053,7,3150.00
2026-08-17,STR002,PRD054,7,4550.00
2026-08-17,STR002,PRD055,9,3510.00
2026-08-17,STR003,PRD001,4,2200.00
2026-08-17,STR003,PRD002,3,495.00
2026-08-17,STR003,PRD003,6,1470.00
2026-08-17,STR003,PRD004,4,240.00
2026-08-17,STR003,PRD005,8,3040.00
2026-08-17,STR003,PRD006,6,1050.00
2026-08-17,STR003,PRD007,3,84.00
2026-08-17,STR003,PRD008,5,260.00
2026-08-17,STR003,PRD009,4,180.00
2026-08-17,STR003,PRD010,2,76.00
2026-08-17,STR003,PRD011,8,880.00
2026-08-17,STR003,PRD012,7,1540.00
2026-08-17,STR003,PRD013,6,390.00
2026-08-17,STR003,PRD014,6,240.00
2026-08-17,STR003,PRD015,2,40.00
2026-08-17,STR003,PRD016,2,580.00
2026-08-17,STR003,PRD017,1,50.00
2026-08-17,STR003,PRD018,4,500.00
2026-08-17,STR003,PRD019,5,975.00
2026-08-17,STR003,PRD020,5,175.00
2026-08-17,STR003,PRD021,3,135.00
2026-08-17,STR003,PRD022,3,840.00
2026-08-17,STR003,PRD023,3,960.00
2026-08-17,STR003,PRD024,6,900.00
2026-08-17,STR003,PRD025,4,240.00
2026-08-17,STR003,PRD026,4,300.00
2026-08-17,STR003,PRD027,4,160.00
2026-08-17,STR003,PRD028,8,240.00
2026-08-17,STR003,PRD029,8,1920.00
2026-08-17,STR003,PRD030,4,740.00
2026-08-17,STR003,PRD031,6,570.00
2026-08-17,STR003,PRD032,3,360.00
2026-08-17,STR003,PRD033,2,170.00
2026-08-17,STR003,PRD034,5,1300.00
2026-08-17,STR003,PRD036,4,840.00
2026-08-17,STR003,PRD037,6,1194.00
2026-08-17,STR003,PRD038,4,460.00
2026-08-17,STR003,PRD039,3,540.00
2026-08-17,STR003,PRD040,5,725.00
2026-08-17,STR003,PRD041,6,588.00
2026-08-17,STR003,PRD042,7,910.00
2026-08-17,STR003,PRD043,3,630.00
2026-08-17,STR003,PRD044,3,330.00
2026-08-17,STR003,PRD045,4,700.00
2026-08-17,STR003,PRD046,4,640.00
2026-08-17,STR003,PRD047,6,336.00
2026-08-17,STR003,PRD048,5,350.00
2026-08-17,STR003,PRD049,5,290.00
2026-08-17,STR003,PRD050,4,380.00
2026-08-17,STR003,PRD051,5,450.00
2026-08-17,STR003,PRD052,8,1120.00
2026-08-17,STR003,PRD053,6,2700.00
2026-08-17,STR003,PRD054,7,4550.00
2026-08-17,STR004,PRD001,2,1100.00
2026-08-17,STR004,PRD002,6,990.00
2026-08-17,STR004,PRD003,5,1225.00
2026-08-17,STR004,PRD004,6,360.00
2026-08-17,STR004,PRD005,6,2280.00
2026-08-17,STR004,PRD006,7,1225.00
2026-08-17,STR004,PRD007,7,196.00
2026-08-17,STR004,PRD008,4,208.00
2026-08-17,STR004,PRD009,5,225.00
2026-08-17,STR004,PRD010,4,152.00
2026-08-17,STR004,PRD011,5,550.00
2026-08-17,STR004,PRD012,4,880.00
2026-08-17,STR004,PRD013,5,325.00
2026-08-17,STR004,PRD014,5,200.00
2026-08-17,STR004,PRD015,7,140.00
2026-08-17,STR004,PRD016,6,1740.00
2026-08-17,STR004,PRD017,16,800.00
2026-08-17,STR004,PRD018,8,1000.00
2026-08-17,STR004,PRD019,1,195.00
2026-08-17,STR004,PRD020,7,245.00
2026-08-17,STR004,PRD021,4,180.00
2026-08-17,STR004,PRD022,6,1680.00
2026-08-17,STR004,PRD023,2,640.00
2026-08-17,STR004,PRD024,3,450.00
2026-08-17,STR004,PRD025,7,420.00
2026-08-17,STR004,PRD026,4,300.00
2026-08-17,STR004,PRD027,3,120.00
2026-08-17,STR004,PRD028,3,90.00
2026-08-17,STR004,PRD029,8,1920.00
2026-08-17,STR004,PRD030,3,555.00
2026-08-17,STR004,PRD031,4,380.00
2026-08-17,STR004,PRD032,7,840.00
2026-08-17,STR004,PRD033,5,425.00
2026-08-17,STR004,PRD034,7,1820.00
2026-08-17,STR004,PRD035,7,2940.00
2026-08-17,STR004,PRD036,8,1680.00
2026-08-17,STR004,PRD037,8,1592.00
2026-08-17,STR004,PRD038,8,920.00
2026-08-17,STR004,PRD039,4,720.00
2026-08-17,STR004,PRD040,1,145.00
2026-08-17,STR004,PRD041,2,196.00
2026-08-17,STR004,PRD042,4,520.00
2026-08-17,STR004,PRD043,2,420.00
2026-08-17,STR004,PRD044,7,770.00
2026-08-17,STR004,PRD045,8,1400.00
2026-08-17,STR004,PRD046,2,320.00
2026-08-17,STR004,PRD047,6,336.00
2026-08-17,STR004,PRD048,3,210.00
2026-08-17,STR004,PRD049,6,348.00
2026-08-17,STR004,PRD050,8,760.00
2026-08-17,STR004,PRD051,8,720.00
2026-08-17,STR004,PRD052,4,560.00
2026-08-17,STR004,PRD053,7,3150.00
2026-08-17,STR004,PRD054,5,3250.00
2026-08-17,STR004,PRD055,2,780.00
2026-08-18,STR001,PRD001,8,4400.00
2026-08-18,STR001,PRD002,10,1650.00
2026-08-18,STR001,PRD003,2,490.00
2026-08-18,STR001,PRD004,12,720.00
2026-08-18,STR001,PRD005,5,1900.00
2026-08-18,STR001,PRD006,7,1225.00
2026-08-18,STR001,PRD007,8,224.00
2026-08-18,STR001,PRD008,4,208.00
2026-08-18,STR001,PRD009,7,315.00
2026-08-18,STR001,PRD010,2,76.00
2026-08-18,STR001,PRD011,6,660.00
2026-08-18,STR001,PRD012,6,1320.00
2026-08-18,STR001,PRD013,2,130.00
2026-08-18,STR001,PRD014,4,160.00
2026-08-18,STR001,PRD015,5,100.00
2026-08-18,STR001,PRD016,7,2030.00
2026-08-18,STR001,PRD017,3,150.00
2026-08-18,STR001,PRD018,5,625.00
2026-08-18,STR001,PRD019,5,975.00
2026-08-18,STR001,PRD020,5,175.00
2026-08-18,STR001,PRD021,6,270.00
2026-08-18,STR001,PRD022,8,2240.00
2026-08-18,STR001,PRD023,5,1600.00
2026-08-18,STR001,PRD024,2,300.00
2026-08-18,STR001,PRD025,5,300.00
2026-08-18,STR001,PRD026,2,150.00
2026-08-18,STR001,PRD027,1,40.00
2026-08-18,STR001,PRD028,1,30.00
2026-08-18,STR001,PRD029,5,1200.00
2026-08-18,STR001,PRD030,7,1295.00
2026-08-18,STR001,PRD031,7,665.00
2026-08-18,STR001,PRD032,7,840.00
2026-08-18,STR001,PRD033,3,255.00
2026-08-18,STR001,PRD034,6,1560.00
2026-08-18,STR001,PRD035,3,1260.00
2026-08-18,STR001,PRD036,3,630.00
2026-08-18,STR001,PRD037,7,1393.00
2026-08-18,STR001,PRD039,4,720.00
2026-08-18,STR001,PRD040,4,580.00
2026-08-18,STR001,PRD041,6,588.00
2026-08-18,STR001,PRD042,3,390.00
2026-08-18,STR001,PRD043,4,840.00
2026-08-18,STR001,PRD044,6,660.00
2026-08-18,STR001,PRD045,1,175.00
2026-08-18,STR001,PRD046,2,320.00
2026-08-18,STR001,PRD047,2,112.00
2026-08-18,STR001,PRD048,4,280.00
2026-08-18,STR001,PRD049,6,348.00
2026-08-18,STR001,PRD050,2,190.00
2026-08-18,STR001,PRD052,2,280.00
2026-08-18,STR001,PRD055,4,1560.00
2026-08-18,STR002,PRD001,3,1650.00
2026-08-18,STR002,PRD002,6,990.00
2026-08-18,STR002,PRD003,4,980.00
2026-08-18,STR002,PRD004,3,180.00
2026-08-18,STR002,PRD005,4,1520.00
2026-08-18,STR002,PRD006,8,1400.00
2026-08-18,STR002,PRD007,7,196.00
2026-08-18,STR002,PRD008,3,156.00
2026-08-18,STR002,PRD009,6,270.00
2026-08-18,STR002,PRD010,8,304.00
2026-08-18,STR002,PRD011,6,660.00
2026-08-18,STR002,PRD012,6,1320.00
2026-08-18,STR002,PRD013,5,325.00
2026-08-18,STR002,PRD014,2,80.00
2026-08-18,STR002,PRD015,6,120.00
2026-08-18,STR002,PRD016,4,1160.00
2026-08-18,STR002,PRD017,6,300.00
2026-08-18,STR002,PRD018,5,625.00
2026-08-18,STR002,PRD019,5,975.00
2026-08-18,STR002,PRD020,10,350.00
2026-08-18,STR002,PRD021,10,450.00
2026-08-18,STR002,PRD022,11,3080.00
2026-08-18,STR002,PRD023,7,2240.00
2026-08-18,STR002,PRD024,2,300.00
2026-08-18,STR002,PRD025,5,300.00
2026-08-18,STR002,PRD026,7,525.00
2026-08-18,STR002,PRD027,3,120.00
2026-08-18,STR002,PRD028,5,150.00
2026-08-18,STR002,PRD029,5,1200.00
2026-08-18,STR002,PRD030,6,1110.00
2026-08-18,STR002,PRD031,4,380.00
2026-08-18,STR002,PRD032,6,720.00
2026-08-18,STR002,PRD033,2,170.00
2026-08-18,STR002,PRD034,4,1040.00
2026-08-18,STR002,PRD035,3,1260.00
2026-08-18,STR002,PRD036,5,1050.00
2026-08-18,STR002,PRD037,6,1194.00
2026-08-18,STR002,PRD038,6,690.00
2026-08-18,STR002,PRD039,6,1080.00
2026-08-18,STR002,PRD040,4,580.00
2026-08-18,STR002,PRD041,4,392.00
2026-08-18,STR002,PRD042,7,910.00
2026-08-18,STR002,PRD044,6,660.00
2026-08-18,STR002,PRD045,5,875.00
2026-08-18,STR002,PRD046,4,640.00
2026-08-18,STR002,PRD047,5,280.00
2026-08-18,STR002,PRD048,11,770.00
2026-08-18,STR002,PRD049,3,174.00
2026-08-18,STR002,PRD050,2,190.00
2026-08-18,STR002,PRD051,4,360.00
2026-08-18,STR002,PRD053,7,3150.00
2026-08-18,STR002,PRD054,3,1950.00
2026-08-18,STR002,PRD055,6,2340.00
2026-08-18,STR003,PRD001,4,2200.00
2026-08-18,STR003,PRD002,5,825.00
2026-08-18,STR003,PRD003,4,980.00
2026-08-18,STR003,PRD004,3,180.00
2026-08-18,STR003,PRD005,5,1900.00
2026-08-18,STR003,PRD006,6,1050.00
2026-08-18,STR003,PRD007,4,112.00
2026-08-18,STR003,PRD008,6,312.00
2026-08-18,STR003,PRD009,7,315.00
2026-08-18,STR003,PRD010,3,114.00
2026-08-18,STR003,PRD011,7,770.00
2026-08-18,STR003,PRD012,7,1540.00
2026-08-18,STR003,PRD013,7,455.00
2026-08-18,STR003,PRD014,3,120.00
2026-08-18,STR003,PRD015,5,100.00
2026-08-18,STR003,PRD016,6,1740.00
2026-08-18,STR003,PRD017,3,150.00
2026-08-18,STR003,PRD018,3,375.00
2026-08-18,STR003,PRD019,8,1560.00
2026-08-18,STR003,PRD020,4,140.00
2026-08-18,STR003,PRD021,4,180.00
2026-08-18,STR003,PRD022,1,280.00
2026-08-18,STR003,PRD023,2,640.00
2026-08-18,STR003,PRD024,6,900.00
2026-08-18,STR003,PRD025,3,180.00
2026-08-18,STR003,PRD026,3,225.00
2026-08-18,STR003,PRD027,1,40.00
2026-08-18,STR003,PRD028,4,120.00
2026-08-18,STR003,PRD029,6,1440.00
2026-08-18,STR003,PRD030,5,925.00
2026-08-18,STR003,PRD031,6,570.00
2026-08-18,STR003,PRD032,6,720.00
2026-08-18,STR003,PRD033,5,425.00
2026-08-18,STR003,PRD034,7,1820.00
2026-08-18,STR003,PRD036,4,840.00
2026-08-18,STR003,PRD037,6,1194.00
2026-08-18,STR003,PRD038,5,575.00
2026-08-18,STR003,PRD039,4,720.00
2026-08-18,STR003,PRD040,5,725.00
2026-08-18,STR003,PRD041,7,686.00
2026-08-18,STR003,PRD042,8,1040.00
2026-08-18,STR003,PRD043,4,840.00
2026-08-18,STR003,PRD044,3,330.00
2026-08-18,STR003,PRD045,2,350.00
2026-08-18,STR003,PRD046,4,640.00
2026-08-18,STR003,PRD047,5,280.00
2026-08-18,STR003,PRD048,3,210.00
2026-08-18,STR003,PRD049,5,290.00
2026-08-18,STR003,PRD050,4,380.00
2026-08-18,STR003,PRD051,2,180.00
2026-08-18,STR003,PRD052,4,560.00
2026-08-18,STR003,PRD053,3,1350.00
2026-08-18,STR003,PRD054,6,3900.00
2026-08-18,STR004,PRD001,4,2200.00
2026-08-18,STR004,PRD002,6,990.00
2026-08-18,STR004,PRD003,7,1715.00
2026-08-18,STR004,PRD004,4,240.00
2026-08-18,STR004,PRD005,3,1140.00
2026-08-18,STR004,PRD006,6,1050.00
2026-08-18,STR004,PRD007,6,168.00
2026-08-18,STR004,PRD008,3,156.00
2026-08-18,STR004,PRD009,4,180.00
2026-08-18,STR004,PRD010,6,228.00
2026-08-18,STR004,PRD011,4,440.00
2026-08-18,STR004,PRD012,5,1100.00
2026-08-18,STR004,PRD013,5,325.00
2026-08-18,STR004,PRD014,5,200.00
2026-08-18,STR004,PRD015,3,60.00
2026-08-18,STR004,PRD016,4,1160.00
2026-08-18,STR004,PRD017,16,800.00
2026-08-18,STR004,PRD018,9,1125.00
2026-08-18,STR004,PRD020,4,140.00
2026-08-18,STR004,PRD021,4,180.00
2026-08-18,STR004,PRD022,8,2240.00
2026-08-18,STR004,PRD023,4,1280.00
2026-08-18,STR004,PRD024,6,900.00
2026-08-18,STR004,PRD025,6,360.00
2026-08-18,STR004,PRD026,7,525.00
2026-08-18,STR004,PRD027,6,240.00
2026-08-18,STR004,PRD028,6,180.00
2026-08-18,STR004,PRD029,9,2160.00
2026-08-18,STR004,PRD030,3,555.00
2026-08-18,STR004,PRD031,7,665.00
2026-08-18,STR004,PRD032,3,360.00
2026-08-18,STR004,PRD033,4,340.00
2026-08-18,STR004,PRD034,9,2340.00
2026-08-18,STR004,PRD035,8,3360.00
2026-08-18,STR004,PRD036,7,1470.00
2026-08-18,STR004,PRD037,9,1791.00
2026-08-18,STR004,PRD038,7,805.00
2026-08-18,STR004,PRD039,2,360.00
2026-08-18,STR004,PRD040,1,145.00
2026-08-18,STR004,PRD041,4,392.00
2026-08-18,STR004,PRD042,3,390.00
2026-08-18,STR004,PRD043,4,840.00
2026-08-18,STR004,PRD044,7,770.00
2026-08-18,STR004,PRD045,5,875.00
2026-08-18,STR004,PRD046,5,800.00
2026-08-18,STR004,PRD047,7,392.00
2026-08-18,STR004,PRD048,6,420.00
2026-08-18,STR004,PRD049,7,406.00
2026-08-18,STR004,PRD050,9,855.00
2026-08-18,STR004,PRD051,6,540.00
2026-08-18,STR004,PRD052,5,700.00
2026-08-18,STR004,PRD053,8,3600.00
2026-08-18,STR004,PRD054,3,1950.00
2026-08-18,STR004,PRD055,5,1950.00
2026-08-19,STR001,PRD001,8,4400.00
2026-08-19,STR001,PRD002,10,1650.00
2026-08-19,STR001,PRD003,2,490.00
2026-08-19,STR001,PRD004,11,660.00
2026-08-19,STR001,PRD005,8,3040.00
2026-08-19,STR001,PRD006,6,1050.00
2026-08-19,STR001,PRD007,8,224.00
2026-08-19,STR001,PRD008,3,156.00
2026-08-19,STR001,PRD009,3,135.00
2026-08-19,STR001,PRD010,5,190.00
2026-08-19,STR001,PRD011,4,440.00
2026-08-19,STR001,PRD012,3,660.00
2026-08-19,STR001,PRD013,2,130.00
2026-08-19,STR001,PRD014,5,200.00
2026-08-19,STR001,PRD015,5,100.00
2026-08-19,STR001,PRD016,6,1740.00
2026-08-19,STR001,PRD017,2,100.00
2026-08-19,STR001,PRD018,6,750.00
2026-08-19,STR001,PRD019,4,780.00
2026-08-19,STR001,PRD020,1,35.00
2026-08-19,STR001,PRD021,6,270.00
2026-08-19,STR001,PRD022,8,2240.00
2026-08-19,STR001,PRD023,6,1920.00
2026-08-19,STR001,PRD024,5,750.00
2026-08-19,STR001,PRD025,5,300.00
2026-08-19,STR001,PRD026,6,450.00
2026-08-19,STR001,PRD027,3,120.00
2026-08-19,STR001,PRD028,5,150.00
2026-08-19,STR001,PRD029,4,960.00
2026-08-19,STR001,PRD030,6,1110.00
2026-08-19,STR001,PRD031,8,760.00
2026-08-19,STR001,PRD032,5,600.00
2026-08-19,STR001,PRD033,7,595.00
2026-08-19,STR001,PRD034,9,2340.00
2026-08-19,STR001,PRD035,5,2100.00
2026-08-19,STR001,PRD036,3,630.00
2026-08-19,STR001,PRD037,5,995.00
2026-08-19,STR001,PRD038,2,230.00
2026-08-19,STR001,PRD039,8,1440.00
2026-08-19,STR001,PRD040,5,725.00
2026-08-19,STR001,PRD041,5,490.00
2026-08-19,STR001,PRD042,5,650.00
2026-08-19,STR001,PRD043,3,630.00
2026-08-19,STR001,PRD044,2,220.00
2026-08-19,STR001,PRD045,4,700.00
2026-08-19,STR001,PRD046,2,320.00
2026-08-19,STR001,PRD047,3,168.00
2026-08-19,STR001,PRD048,3,210.00
2026-08-19,STR001,PRD049,7,406.00
2026-08-19,STR001,PRD050,2,190.00
2026-08-19,STR001,PRD052,2,280.00
2026-08-19,STR001,PRD055,6,2340.00
2026-08-19,STR002,PRD001,4,2200.00
2026-08-19,STR002,PRD002,4,660.00
2026-08-19,STR002,PRD003,6,1470.00
2026-08-19,STR002,PRD004,5,300.00
2026-08-19,STR002,PRD005,4,1520.00
2026-08-19,STR002,PRD006,8,1400.00
2026-08-19,STR002,PRD007,5,140.00
2026-08-19,STR002,PRD008,4,208.00
2026-08-19,STR002,PRD009,6,270.00
2026-08-19,STR002,PRD010,4,152.00
2026-08-19,STR002,PRD011,6,660.00
2026-08-19,STR002,PRD012,4,880.00
2026-08-19,STR002,PRD013,5,325.00
2026-08-19,STR002,PRD014,6,240.00
2026-08-19,STR002,PRD015,2,40.00
2026-08-19,STR002,PRD016,2,580.00
2026-08-19,STR002,PRD017,6,300.00
2026-08-19,STR002,PRD018,5,625.00
2026-08-19,STR002,PRD019,2,390.00
2026-08-19,STR002,PRD020,7,245.00
2026-08-19,STR002,PRD021,8,360.00
2026-08-19,STR002,PRD022,12,3360.00
2026-08-19,STR002,PRD023,4,1280.00
2026-08-19,STR002,PRD024,2,300.00
2026-08-19,STR002,PRD025,5,300.00
2026-08-19,STR002,PRD026,5,375.00
2026-08-19,STR002,PRD027,2,80.00
2026-08-19,STR002,PRD028,7,210.00
2026-08-19,STR002,PRD029,9,2160.00
2026-08-19,STR002,PRD030,6,1110.00
2026-08-19,STR002,PRD031,6,570.00
2026-08-19,STR002,PRD032,5,600.00
2026-08-19,STR002,PRD033,2,170.00
2026-08-19,STR002,PRD034,5,1300.00
2026-08-19,STR002,PRD035,3,1260.00
2026-08-19,STR002,PRD036,1,210.00
2026-08-19,STR002,PRD037,6,1194.00
2026-08-19,STR002,PRD038,4,460.00
2026-08-19,STR002,PRD039,5,900.00
2026-08-19,STR002,PRD040,2,290.00
2026-08-19,STR002,PRD041,6,588.00
2026-08-19,STR002,PRD042,6,780.00
2026-08-19,STR002,PRD044,7,770.00
2026-08-19,STR002,PRD045,4,700.00
2026-08-19,STR002,PRD046,5,800.00
2026-08-19,STR002,PRD047,4,224.00
2026-08-19,STR002,PRD048,10,700.00
2026-08-19,STR002,PRD049,4,232.00
2026-08-19,STR002,PRD050,3,285.00
2026-08-19,STR002,PRD051,6,540.00
2026-08-19,STR002,PRD053,4,1800.00
2026-08-19,STR002,PRD054,7,4550.00
2026-08-19,STR002,PRD055,9,3510.00
2026-08-19,STR003,PRD001,6,3300.00
2026-08-19,STR003,PRD002,5,825.00
2026-08-19,STR003,PRD003,5,1225.00
2026-08-19,STR003,PRD004,2,120.00
2026-08-19,STR003,PRD005,7,2660.00
2026-08-19,STR003,PRD006,7,1225.00
2026-08-19,STR003,PRD007,5,140.00
2026-08-19,STR003,PRD008,4,208.00
2026-08-19,STR003,PRD009,7,315.00
2026-08-19,STR003,PRD010,5,190.00
2026-08-19,STR003,PRD011,5,550.00
2026-08-19,STR003,PRD012,5,1100.00
2026-08-19,STR003,PRD013,5,325.00
2026-08-19,STR003,PRD014,7,280.00
2026-08-19,STR003,PRD015,4,80.00
2026-08-19,STR003,PRD016,6,1740.00
2026-08-19,STR003,PRD017,1,50.00
2026-08-19,STR003,PRD018,3,375.00
2026-08-19,STR003,PRD019,8,1560.00
2026-08-19,STR003,PRD020,8,280.00
2026-08-19,STR003,PRD021,5,225.00
2026-08-19,STR003,PRD022,3,840.00
2026-08-19,STR003,PRD023,1,320.00
2026-08-19,STR003,PRD024,7,1050.00
2026-08-19,STR003,PRD025,2,120.00
2026-08-19,STR003,PRD026,3,225.00
2026-08-19,STR003,PRD027,1,40.00
2026-08-19,STR003,PRD028,7,210.00
2026-08-19,STR003,PRD029,5,1200.00
2026-08-19,STR003,PRD030,2,370.00
2026-08-19,STR003,PRD031,10,950.00
2026-08-19,STR003,PRD032,5,600.00
2026-08-19,STR003,PRD033,2,170.00
2026-08-19,STR003,PRD034,6,1560.00
2026-08-19,STR003,PRD036,5,1050.00
2026-08-19,STR003,PRD037,3,597.00
2026-08-19,STR003,PRD038,6,690.00
2026-08-19,STR003,PRD039,5,900.00
2026-08-19,STR003,PRD040,2,290.00
2026-08-19,STR003,PRD041,6,588.00
2026-08-19,STR003,PRD042,4,520.00
2026-08-19,STR003,PRD043,7,1470.00
2026-08-19,STR003,PRD044,7,770.00
2026-08-19,STR003,PRD045,5,875.00
2026-08-19,STR003,PRD046,2,320.00
2026-08-19,STR003,PRD047,6,336.00
2026-08-19,STR003,PRD048,4,280.00
2026-08-19,STR003,PRD049,5,290.00
2026-08-19,STR003,PRD050,5,475.00
2026-08-19,STR003,PRD051,5,450.00
2026-08-19,STR003,PRD052,8,1120.00
2026-08-19,STR003,PRD053,4,1800.00
2026-08-19,STR003,PRD054,5,3250.00
2026-08-19,STR004,PRD001,4,2200.00
2026-08-19,STR004,PRD002,2,330.00
2026-08-19,STR004,PRD003,6,1470.00
2026-08-19,STR004,PRD004,3,180.00
2026-08-19,STR004,PRD005,4,1520.00
2026-08-19,STR004,PRD006,9,1575.00
2026-08-19,STR004,PRD007,6,168.00
2026-08-19,STR004,PRD008,5,260.00
2026-08-19,STR004,PRD009,4,180.00
2026-08-19,STR004,PRD010,4,152.00
2026-08-19,STR004,PRD011,2,220.00
2026-08-19,STR004,PRD012,3,660.00
2026-08-19,STR004,PRD013,4,260.00
2026-08-19,STR004,PRD014,5,200.00
2026-08-19,STR004,PRD015,6,120.00
2026-08-19,STR004,PRD016,5,1450.00
2026-08-19,STR004,PRD017,15,750.00
2026-08-19,STR004,PRD018,7,875.00
2026-08-19,STR004,PRD020,3,105.00
2026-08-19,STR004,PRD021,6,270.00
2026-08-19,STR004,PRD022,6,1680.00
2026-08-19,STR004,PRD023,2,640.00
2026-08-19,STR004,PRD024,5,750.00
2026-08-19,STR004,PRD025,5,300.00
2026-08-19,STR004,PRD026,5,375.00
2026-08-19,STR004,PRD027,5,200.00
2026-08-19,STR004,PRD028,2,60.00
2026-08-19,STR004,PRD029,5,1200.00
2026-08-19,STR004,PRD030,4,740.00
2026-08-19,STR004,PRD031,6,570.00
2026-08-19,STR004,PRD032,4,480.00
2026-08-19,STR004,PRD033,1,85.00
2026-08-19,STR004,PRD034,6,1560.00
2026-08-19,STR004,PRD035,8,3360.00
2026-08-19,STR004,PRD036,9,1890.00
2026-08-19,STR004,PRD037,9,1791.00
2026-08-19,STR004,PRD038,4,460.00
2026-08-19,STR004,PRD039,4,720.00
2026-08-19,STR004,PRD041,2,196.00
2026-08-19,STR004,PRD042,5,650.00
2026-08-19,STR004,PRD043,3,630.00
2026-08-19,STR004,PRD044,5,550.00
2026-08-19,STR004,PRD045,5,875.00
2026-08-19,STR004,PRD046,3,480.00
2026-08-19,STR004,PRD047,8,448.00
2026-08-19,STR004,PRD048,4,280.00
2026-08-19,STR004,PRD049,7,406.00
2026-08-19,STR004,PRD050,5,475.00
2026-08-19,STR004,PRD051,6,540.00
2026-08-19,STR004,PRD052,3,420.00
2026-08-19,STR004,PRD053,6,2700.00
2026-08-19,STR004,PRD054,4,2600.00
2026-08-19,STR004,PRD055,6,2340.00
2026-08-20,STR001,PRD001,10,5500.00
2026-08-20,STR001,PRD002,8,1320.00
2026-08-20,STR001,PRD003,6,1470.00
2026-08-20,STR001,PRD004,14,840.00
2026-08-20,STR001,PRD005,8,3040.00
2026-08-20,STR001,PRD006,6,1050.00
2026-08-20,STR001,PRD007,9,252.00
2026-08-20,STR001,PRD008,3,156.00
2026-08-20,STR001,PRD009,3,135.00
2026-08-20,STR001,PRD010,4,152.00
2026-08-20,STR001,PRD011,3,330.00
2026-08-20,STR001,PRD012,5,1100.00
2026-08-20,STR001,PRD013,4,260.00
2026-08-20,STR001,PRD014,2,80.00
2026-08-20,STR001,PRD015,6,120.00
2026-08-20,STR001,PRD016,5,1450.00
2026-08-20,STR001,PRD017,2,100.00
2026-08-20,STR001,PRD018,4,500.00
2026-08-20,STR001,PRD019,4,780.00
2026-08-20,STR001,PRD020,1,35.00
2026-08-20,STR001,PRD021,8,360.00
2026-08-20,STR001,PRD022,4,1120.00
2026-08-20,STR001,PRD023,2,640.00
2026-08-20,STR001,PRD024,5,750.00
2026-08-20,STR001,PRD025,5,300.00
2026-08-20,STR001,PRD026,5,375.00
2026-08-20,STR001,PRD027,3,120.00
2026-08-20,STR001,PRD028,4,120.00
2026-08-20,STR001,PRD029,8,1920.00
2026-08-20,STR001,PRD030,3,555.00
2026-08-20,STR001,PRD031,6,570.00
2026-08-20,STR001,PRD032,5,600.00
2026-08-20,STR001,PRD033,7,595.00
2026-08-20,STR001,PRD034,9,2340.00
2026-08-20,STR001,PRD035,4,1680.00
2026-08-20,STR001,PRD036,3,630.00
2026-08-20,STR001,PRD037,6,1194.00
2026-08-20,STR001,PRD039,5,900.00
2026-08-20,STR001,PRD040,7,1015.00
2026-08-20,STR001,PRD041,4,392.00
2026-08-20,STR001,PRD042,1,130.00
2026-08-20,STR001,PRD043,5,1050.00
2026-08-20,STR001,PRD044,3,330.00
2026-08-20,STR001,PRD045,2,350.00
2026-08-20,STR001,PRD046,3,480.00
2026-08-20,STR001,PRD047,5,280.00
2026-08-20,STR001,PRD048,3,210.00
2026-08-20,STR001,PRD049,7,406.00
2026-08-20,STR001,PRD050,2,190.00
2026-08-20,STR001,PRD052,6,840.00
2026-08-20,STR001,PRD055,8,3120.00
2026-08-20,STR002,PRD001,4,2200.00
2026-08-20,STR002,PRD002,5,825.00
2026-08-20,STR002,PRD003,8,1960.00
2026-08-20,STR002,PRD004,3,180.00
2026-08-20,STR002,PRD005,3,1140.00
2026-08-20,STR002,PRD006,8,1400.00
2026-08-20,STR002,PRD007,5,140.00
2026-08-20,STR002,PRD008,7,364.00
2026-08-20,STR002,PRD009,7,315.00
2026-08-20,STR002,PRD010,5,190.00
2026-08-20,STR002,PRD011,8,880.00
2026-08-20,STR002,PRD012,4,880.00
2026-08-20,STR002,PRD013,3,195.00
2026-08-20,STR002,PRD014,3,120.00
2026-08-20,STR002,PRD015,5,100.00
2026-08-20,STR002,PRD016,6,1740.00
2026-08-20,STR002,PRD017,8,400.00
2026-08-20,STR002,PRD018,9,1125.00
2026-08-20,STR002,PRD019,4,780.00
2026-08-20,STR002,PRD020,8,280.00
2026-08-20,STR002,PRD021,9,405.00
2026-08-20,STR002,PRD022,14,3920.00
2026-08-20,STR002,PRD023,3,960.00
2026-08-20,STR002,PRD024,5,750.00
2026-08-20,STR002,PRD025,4,240.00
2026-08-20,STR002,PRD026,7,525.00
2026-08-20,STR002,PRD027,5,200.00
2026-08-20,STR002,PRD028,3,90.00
2026-08-20,STR002,PRD029,5,1200.00
2026-08-20,STR002,PRD030,6,1110.00
2026-08-20,STR002,PRD031,6,570.00
2026-08-20,STR002,PRD032,6,720.00
2026-08-20,STR002,PRD033,2,170.00
2026-08-20,STR002,PRD034,2,520.00
2026-08-20,STR002,PRD035,5,2100.00
2026-08-20,STR002,PRD036,2,420.00
2026-08-20,STR002,PRD037,8,1592.00
2026-08-20,STR002,PRD038,4,460.00
2026-08-20,STR002,PRD039,4,720.00
2026-08-20,STR002,PRD040,2,290.00
2026-08-20,STR002,PRD041,3,294.00
2026-08-20,STR002,PRD042,6,780.00
2026-08-20,STR002,PRD044,5,550.00
2026-08-20,STR002,PRD045,4,700.00
2026-08-20,STR002,PRD046,4,640.00
2026-08-20,STR002,PRD047,5,280.00
2026-08-20,STR002,PRD048,11,770.00
2026-08-20,STR002,PRD049,5,290.00
2026-08-20,STR002,PRD050,2,190.00
2026-08-20,STR002,PRD051,8,720.00
2026-08-20,STR002,PRD053,3,1350.00
2026-08-20,STR002,PRD054,4,2600.00
2026-08-20,STR002,PRD055,5,1950.00
2026-08-20,STR003,PRD001,4,2200.00
2026-08-20,STR003,PRD002,5,825.00
2026-08-20,STR003,PRD003,3,735.00
2026-08-20,STR003,PRD004,4,240.00
2026-08-20,STR003,PRD005,6,2280.00
2026-08-20,STR003,PRD006,7,1225.00
2026-08-20,STR003,PRD007,3,84.00
2026-08-20,STR003,PRD008,5,260.00
2026-08-20,STR003,PRD009,3,135.00
2026-08-20,STR003,PRD010,4,152.00
2026-08-20,STR003,PRD011,6,660.00
2026-08-20,STR003,PRD012,7,1540.00
2026-08-20,STR003,PRD013,7,455.00
2026-08-20,STR003,PRD014,7,280.00
2026-08-20,STR003,PRD015,3,60.00
2026-08-20,STR003,PRD016,5,1450.00
2026-08-20,STR003,PRD017,2,100.00
2026-08-20,STR003,PRD018,3,375.00
2026-08-20,STR003,PRD019,6,1170.00
2026-08-20,STR003,PRD020,7,245.00
2026-08-20,STR003,PRD021,4,180.00
2026-08-20,STR003,PRD022,1,280.00
2026-08-20,STR003,PRD024,8,1200.00
2026-08-20,STR003,PRD025,4,240.00
2026-08-20,STR003,PRD026,5,375.00
2026-08-20,STR003,PRD027,4,160.00
2026-08-20,STR003,PRD028,4,120.00
2026-08-20,STR003,PRD029,6,1440.00
2026-08-20,STR003,PRD030,2,370.00
2026-08-20,STR003,PRD031,8,760.00
2026-08-20,STR003,PRD032,6,720.00
2026-08-20,STR003,PRD033,3,255.00
2026-08-20,STR003,PRD034,4,1040.00
2026-08-20,STR003,PRD036,2,420.00
2026-08-20,STR003,PRD037,6,1194.00
2026-08-20,STR003,PRD038,8,920.00
2026-08-20,STR003,PRD039,4,720.00
2026-08-20,STR003,PRD040,3,435.00
2026-08-20,STR003,PRD041,8,784.00
2026-08-20,STR003,PRD042,4,520.00
2026-08-20,STR003,PRD043,5,1050.00
2026-08-20,STR003,PRD044,4,440.00
2026-08-20,STR003,PRD045,3,525.00
2026-08-20,STR003,PRD046,4,640.00
2026-08-20,STR003,PRD047,3,168.00
2026-08-20,STR003,PRD048,6,420.00
2026-08-20,STR003,PRD049,2,116.00
2026-08-20,STR003,PRD050,5,475.00
2026-08-20,STR003,PRD051,5,450.00
2026-08-20,STR003,PRD052,4,560.00
2026-08-20,STR003,PRD053,6,2700.00
2026-08-20,STR003,PRD054,8,5200.00
2026-08-20,STR004,PRD001,2,1100.00
2026-08-20,STR004,PRD002,4,660.00
2026-08-20,STR004,PRD003,5,1225.00
2026-08-20,STR004,PRD004,5,300.00
2026-08-20,STR004,PRD005,3,1140.00
2026-08-20,STR004,PRD006,7,1225.00
2026-08-20,STR004,PRD007,6,168.00
2026-08-20,STR004,PRD008,6,312.00
2026-08-20,STR004,PRD009,6,270.00
2026-08-20,STR004,PRD010,5,190.00
2026-08-20,STR004,PRD011,5,550.00
2026-08-20,STR004,PRD012,2,440.00
2026-08-20,STR004,PRD013,6,390.00
2026-08-20,STR004,PRD014,4,160.00
2026-08-20,STR004,PRD015,3,60.00
2026-08-20,STR004,PRD016,5,1450.00
2026-08-20,STR004,PRD017,16,800.00
2026-08-20,STR004,PRD018,8,1000.00
2026-08-20,STR004,PRD020,7,245.00
2026-08-20,STR004,PRD021,6,270.00
2026-08-20,STR004,PRD022,5,1400.00
2026-08-20,STR004,PRD023,2,640.00
2026-08-20,STR004,PRD024,4,600.00
2026-08-20,STR004,PRD025,5,300.00
2026-08-20,STR004,PRD026,7,525.00
2026-08-20,STR004,PRD027,4,160.00
2026-08-20,STR004,PRD028,2,60.00
2026-08-20,STR004,PRD029,7,1680.00
2026-08-20,STR004,PRD030,6,1110.00
2026-08-20,STR004,PRD031,6,570.00
2026-08-20,STR004,PRD032,6,720.00
2026-08-20,STR004,PRD033,1,85.00
2026-08-20,STR004,PRD034,5,1300.00
2026-08-20,STR004,PRD035,8,3360.00
2026-08-20,STR004,PRD036,5,1050.00
2026-08-20,STR004,PRD037,6,1194.00
2026-08-20,STR004,PRD038,6,690.00
2026-08-20,STR004,PRD039,4,720.00
2026-08-20,STR004,PRD041,6,588.00
2026-08-20,STR004,PRD042,7,910.00
2026-08-20,STR004,PRD043,5,1050.00
2026-08-20,STR004,PRD044,7,770.00
2026-08-20,STR004,PRD045,6,1050.00
2026-08-20,STR004,PRD046,5,800.00
2026-08-20,STR004,PRD047,8,448.00
2026-08-20,STR004,PRD048,3,210.00
2026-08-20,STR004,PRD049,4,232.00
2026-08-20,STR004,PRD050,5,475.00
2026-08-20,STR004,PRD051,7,630.00
2026-08-20,STR004,PRD052,7,980.00
2026-08-20,STR004,PRD053,7,3150.00
2026-08-20,STR004,PRD054,6,3900.00
2026-08-20,STR004,PRD055,4,1560.00
2026-08-21,STR001,PRD001,6,3300.00
2026-08-21,STR001,PRD002,11,1815.00
2026-08-21,STR001,PRD003,3,735.00
2026-08-21,STR001,PRD004,11,660.00
2026-08-21,STR001,PRD005,4,1520.00
2026-08-21,STR001,PRD006,6,1050.00
2026-08-21,STR001,PRD007,8,224.00
2026-08-21,STR001,PRD008,3,156.00
2026-08-21,STR001,PRD009,5,225.00
2026-08-21,STR001,PRD010,5,190.00
2026-08-21,STR001,PRD011,4,440.00
2026-08-21,STR001,PRD012,6,1320.00
2026-08-21,STR001,PRD013,5,325.00
2026-08-21,STR001,PRD014,6,240.00
2026-08-21,STR001,PRD015,8,160.00
2026-08-21,STR001,PRD016,5,1450.00
2026-08-21,STR001,PRD017,2,100.00
2026-08-21,STR001,PRD018,6,750.00
2026-08-21,STR001,PRD019,7,1365.00
2026-08-21,STR001,PRD020,5,175.00
2026-08-21,STR001,PRD021,5,225.00
2026-08-21,STR001,PRD022,5,1400.00
2026-08-21,STR001,PRD023,4,1280.00
2026-08-21,STR001,PRD024,2,300.00
2026-08-21,STR001,PRD025,7,420.00
2026-08-21,STR001,PRD026,4,300.00
2026-08-21,STR001,PRD027,4,160.00
2026-08-21,STR001,PRD028,2,60.00
2026-08-21,STR001,PRD029,8,1920.00
2026-08-21,STR001,PRD030,5,925.00
2026-08-21,STR001,PRD031,7,665.00
2026-08-21,STR001,PRD032,5,600.00
2026-08-21,STR001,PRD033,6,510.00
2026-08-21,STR001,PRD034,9,2340.00
2026-08-21,STR001,PRD035,3,1260.00
2026-08-21,STR001,PRD036,3,630.00
2026-08-21,STR001,PRD037,4,796.00
2026-08-21,STR001,PRD038,3,345.00
2026-08-21,STR001,PRD039,5,900.00
2026-08-21,STR001,PRD040,4,580.00
2026-08-21,STR001,PRD041,7,686.00
2026-08-21,STR001,PRD042,1,130.00
2026-08-21,STR001,PRD043,3,630.00
2026-08-21,STR001,PRD044,5,550.00
2026-08-21,STR001,PRD045,4,700.00
2026-08-21,STR001,PRD046,6,960.00
2026-08-21,STR001,PRD047,1,56.00
2026-08-21,STR001,PRD048,2,140.00
2026-08-21,STR001,PRD049,8,464.00
2026-08-21,STR001,PRD050,5,475.00
2026-08-21,STR001,PRD052,3,420.00
2026-08-21,STR001,PRD055,5,1950.00
2026-08-21,STR002,PRD001,4,2200.00
2026-08-21,STR002,PRD002,4,660.00
2026-08-21,STR002,PRD003,4,980.00
2026-08-21,STR002,PRD004,2,120.00
2026-08-21,STR002,PRD005,5,1900.00
2026-08-21,STR002,PRD006,5,875.00
2026-08-21,STR002,PRD007,8,224.00
2026-08-21,STR002,PRD008,6,312.00
2026-08-21,STR002,PRD009,4,180.00
2026-08-21,STR002,PRD010,6,228.00
2026-08-21,STR002,PRD011,8,880.00
2026-08-21,STR002,PRD012,5,1100.00
2026-08-21,STR002,PRD013,2,130.00
2026-08-21,STR002,PRD014,2,80.00
2026-08-21,STR002,PRD015,4,80.00
2026-08-21,STR002,PRD016,3,870.00
2026-08-21,STR002,PRD017,9,450.00
2026-08-21,STR002,PRD018,5,625.00
2026-08-21,STR002,PRD019,2,390.00
2026-08-21,STR002,PRD020,8,280.00
2026-08-21,STR002,PRD021,12,540.00
2026-08-21,STR002,PRD022,14,3920.00
2026-08-21,STR002,PRD023,4,1280.00
2026-08-21,STR002,PRD024,2,300.00
2026-08-21,STR002,PRD025,5,300.00
2026-08-21,STR002,PRD026,5,375.00
2026-08-21,STR002,PRD027,6,240.00
2026-08-21,STR002,PRD028,4,120.00
2026-08-21,STR002,PRD029,5,1200.00
2026-08-21,STR002,PRD030,6,1110.00
2026-08-21,STR002,PRD031,3,285.00
2026-08-21,STR002,PRD032,8,960.00
2026-08-21,STR002,PRD033,2,170.00
2026-08-21,STR002,PRD034,1,260.00
2026-08-21,STR002,PRD035,1,420.00
2026-08-21,STR002,PRD036,5,1050.00
2026-08-21,STR002,PRD037,8,1592.00
2026-08-21,STR002,PRD038,5,575.00
2026-08-21,STR002,PRD039,7,1260.00
2026-08-21,STR002,PRD040,3,435.00
2026-08-21,STR002,PRD041,3,294.00
2026-08-21,STR002,PRD042,8,1040.00
2026-08-21,STR002,PRD044,7,770.00
2026-08-21,STR002,PRD045,7,1225.00
2026-08-21,STR002,PRD046,5,800.00
2026-08-21,STR002,PRD047,5,280.00
2026-08-21,STR002,PRD048,10,700.00
2026-08-21,STR002,PRD049,3,174.00
2026-08-21,STR002,PRD050,6,570.00
2026-08-21,STR002,PRD051,4,360.00
2026-08-21,STR002,PRD053,5,2250.00
2026-08-21,STR002,PRD054,4,2600.00
2026-08-21,STR002,PRD055,6,2340.00
2026-08-21,STR003,PRD001,6,3300.00
2026-08-21,STR003,PRD002,3,495.00
2026-08-21,STR003,PRD003,3,735.00
2026-08-21,STR003,PRD004,3,180.00
2026-08-21,STR003,PRD005,6,2280.00
2026-08-21,STR003,PRD006,5,875.00
2026-08-21,STR003,PRD007,3,84.00
2026-08-21,STR003,PRD008,5,260.00
2026-08-21,STR003,PRD009,5,225.00
2026-08-21,STR003,PRD010,5,190.00
2026-08-21,STR003,PRD011,4,440.00
2026-08-21,STR003,PRD012,7,1540.00
2026-08-21,STR003,PRD013,5,325.00
2026-08-21,STR003,PRD014,7,280.00
2026-08-21,STR003,PRD015,2,40.00
2026-08-21,STR003,PRD016,2,580.00
2026-08-21,STR003,PRD017,1,50.00
2026-08-21,STR003,PRD018,3,375.00
2026-08-21,STR003,PRD019,7,1365.00
2026-08-21,STR003,PRD020,6,210.00
2026-08-21,STR003,PRD021,5,225.00
2026-08-21,STR003,PRD022,1,280.00
2026-08-21,STR003,PRD024,6,900.00
2026-08-21,STR003,PRD025,4,240.00
2026-08-21,STR003,PRD026,6,450.00
2026-08-21,STR003,PRD027,1,40.00
2026-08-21,STR003,PRD028,5,150.00
2026-08-21,STR003,PRD029,6,1440.00
2026-08-21,STR003,PRD030,2,370.00
2026-08-21,STR003,PRD031,10,950.00
2026-08-21,STR003,PRD032,4,480.00
2026-08-21,STR003,PRD033,5,425.00
2026-08-21,STR003,PRD034,4,1040.00
2026-08-21,STR003,PRD036,3,630.00
2026-08-21,STR003,PRD037,4,796.00
2026-08-21,STR003,PRD038,4,460.00
2026-08-21,STR003,PRD039,3,540.00
2026-08-21,STR003,PRD040,5,725.00
2026-08-21,STR003,PRD041,5,490.00
2026-08-21,STR003,PRD042,7,910.00
2026-08-21,STR003,PRD043,4,840.00
2026-08-21,STR003,PRD044,4,440.00
2026-08-21,STR003,PRD045,3,525.00
2026-08-21,STR003,PRD046,6,960.00
2026-08-21,STR003,PRD047,6,336.00
2026-08-21,STR003,PRD048,7,490.00
2026-08-21,STR003,PRD049,6,348.00
2026-08-21,STR003,PRD050,6,570.00
2026-08-21,STR003,PRD051,3,270.00
2026-08-21,STR003,PRD052,7,980.00
2026-08-21,STR003,PRD053,3,1350.00
2026-08-21,STR003,PRD054,9,5850.00
2026-08-21,STR004,PRD001,4,2200.00
2026-08-21,STR004,PRD002,6,990.00
2026-08-21,STR004,PRD003,5,1225.00
2026-08-21,STR004,PRD004,5,300.00
2026-08-21,STR004,PRD005,5,1900.00
2026-08-21,STR004,PRD006,6,1050.00
2026-08-21,STR004,PRD007,7,196.00
2026-08-21,STR004,PRD008,6,312.00
2026-08-21,STR004,PRD009,6,270.00
2026-08-21,STR004,PRD010,6,228.00
2026-08-21,STR004,PRD011,4,440.00
2026-08-21,STR004,PRD012,5,1100.00
2026-08-21,STR004,PRD013,4,260.00
2026-08-21,STR004,PRD014,3,120.00
2026-08-21,STR004,PRD015,4,80.00
2026-08-21,STR004,PRD016,7,2030.00
2026-08-21,STR004,PRD017,15,750.00
2026-08-21,STR004,PRD018,8,1000.00
2026-08-21,STR004,PRD020,6,210.00
2026-08-21,STR004,PRD021,2,90.00
2026-08-21,STR004,PRD022,8,2240.00
2026-08-21,STR004,PRD023,2,640.00
2026-08-21,STR004,PRD024,3,450.00
2026-08-21,STR004,PRD025,3,180.00
2026-08-21,STR004,PRD026,4,300.00
2026-08-21,STR004,PRD027,6,240.00
2026-08-21,STR004,PRD028,2,60.00
2026-08-21,STR004,PRD029,9,2160.00
2026-08-21,STR004,PRD030,5,925.00
2026-08-21,STR004,PRD031,7,665.00
2026-08-21,STR004,PRD032,7,840.00
2026-08-21,STR004,PRD033,2,170.00
2026-08-21,STR004,PRD034,5,1300.00
2026-08-21,STR004,PRD035,8,3360.00
2026-08-21,STR004,PRD036,6,1260.00
2026-08-21,STR004,PRD037,9,1791.00
2026-08-21,STR004,PRD038,5,575.00
2026-08-21,STR004,PRD039,3,540.00
2026-08-21,STR004,PRD041,2,196.00
2026-08-21,STR004,PRD042,7,910.00
2026-08-21,STR004,PRD043,5,1050.00
2026-08-21,STR004,PRD044,7,770.00
2026-08-21,STR004,PRD045,5,875.00
2026-08-21,STR004,PRD046,3,480.00
2026-08-21,STR004,PRD047,8,448.00
2026-08-21,STR004,PRD048,7,490.00
2026-08-21,STR004,PRD049,3,174.00
2026-08-21,STR004,PRD050,7,665.00
2026-08-21,STR004,PRD051,9,810.00
2026-08-21,STR004,PRD052,7,980.00
2026-08-21,STR004,PRD053,4,1800.00
2026-08-21,STR004,PRD054,4,2600.00
2026-08-21,STR004,PRD055,4,1560.00
2026-08-22,STR001,PRD001,8,4400.00
2026-08-22,STR001,PRD002,12,1980.00
2026-08-22,STR001,PRD003,3,735.00
2026-08-22,STR001,PRD004,11,660.00
2026-08-22,STR001,PRD005,4,1520.00
2026-08-22,STR001,PRD006,7,1225.00
2026-08-22,STR001,PRD007,8,224.00
2026-08-22,STR001,PRD008,2,104.00
2026-08-22,STR001,PRD009,4,180.00
2026-08-22,STR001,PRD010,2,76.00
2026-08-22,STR001,PRD011,3,330.00
2026-08-22,STR001,PRD012,7,1540.00
2026-08-22,STR001,PRD013,2,130.00
2026-08-22,STR001,PRD014,6,240.00
2026-08-22,STR001,PRD015,7,140.00
2026-08-22,STR001,PRD016,3,870.00
2026-08-22,STR001,PRD017,5,250.00
2026-08-22,STR001,PRD018,7,875.00
2026-08-22,STR001,PRD019,4,780.00
2026-08-22,STR001,PRD020,3,105.00
2026-08-22,STR001,PRD021,7,315.00
2026-08-22,STR001,PRD022,5,1400.00
2026-08-22,STR001,PRD023,4,1280.00
2026-08-22,STR001,PRD024,4,600.00
2026-08-22,STR001,PRD025,5,300.00
2026-08-22,STR001,PRD026,2,150.00
2026-08-22,STR001,PRD027,1,40.00
2026-08-22,STR001,PRD028,1,30.00
2026-08-22,STR001,PRD029,4,960.00
2026-08-22,STR001,PRD030,3,555.00
2026-08-22,STR001,PRD031,4,380.00
2026-08-22,STR001,PRD032,6,720.00
2026-08-22,STR001,PRD033,4,340.00
2026-08-22,STR001,PRD034,9,2340.00
2026-08-22,STR001,PRD035,3,1260.00
2026-08-22,STR001,PRD036,3,630.00
2026-08-22,STR001,PRD037,5,995.00
2026-08-22,STR001,PRD038,2,230.00
2026-08-22,STR001,PRD039,4,720.00
2026-08-22,STR001,PRD040,6,870.00
2026-08-22,STR001,PRD041,8,784.00
2026-08-22,STR001,PRD042,3,390.00
2026-08-22,STR001,PRD043,2,420.00
2026-08-22,STR001,PRD044,6,660.00
2026-08-22,STR001,PRD045,1,175.00
2026-08-22,STR001,PRD046,3,480.00
2026-08-22,STR001,PRD047,3,168.00
2026-08-22,STR001,PRD048,4,280.00
2026-08-22,STR001,PRD049,7,406.00
2026-08-22,STR001,PRD050,2,190.00
2026-08-22,STR001,PRD052,6,840.00
2026-08-22,STR001,PRD055,6,2340.00
2026-08-22,STR002,PRD001,5,2750.00
2026-08-22,STR002,PRD002,3,495.00
2026-08-22,STR002,PRD003,4,980.00
2026-08-22,STR002,PRD004,6,360.00
2026-08-22,STR002,PRD005,4,1520.00
2026-08-22,STR002,PRD006,9,1575.00
2026-08-22,STR002,PRD007,8,224.00
2026-08-22,STR002,PRD008,7,364.00
2026-08-22,STR002,PRD009,7,315.00
2026-08-22,STR002,PRD010,6,228.00
2026-08-22,STR002,PRD011,7,770.00
2026-08-22,STR002,PRD012,6,1320.00
2026-08-22,STR002,PRD013,1,65.00
2026-08-22,STR002,PRD014,3,120.00
2026-08-22,STR002,PRD015,3,60.00
2026-08-22,STR002,PRD016,4,1160.00
2026-08-22,STR002,PRD017,9,450.00
2026-08-22,STR002,PRD018,9,1125.00
2026-08-22,STR002,PRD019,2,390.00
2026-08-22,STR002,PRD020,8,280.00
2026-08-22,STR002,PRD021,11,495.00
2026-08-22,STR002,PRD022,13,3640.00
2026-08-22,STR002,PRD023,3,960.00
2026-08-22,STR002,PRD024,6,900.00
2026-08-22,STR002,PRD025,5,300.00
2026-08-22,STR002,PRD026,6,450.00
2026-08-22,STR002,PRD027,2,80.00
2026-08-22,STR002,PRD028,3,90.00
2026-08-22,STR002,PRD029,9,2160.00
2026-08-22,STR002,PRD030,3,555.00
2026-08-22,STR002,PRD031,2,190.00
2026-08-22,STR002,PRD032,7,840.00
2026-08-22,STR002,PRD034,4,1040.00
2026-08-22,STR002,PRD035,3,1260.00
2026-08-22,STR002,PRD036,3,630.00
2026-08-22,STR002,PRD037,4,796.00
2026-08-22,STR002,PRD038,6,690.00
2026-08-22,STR002,PRD039,7,1260.00
2026-08-22,STR002,PRD040,3,435.00
2026-08-22,STR002,PRD041,7,686.00
2026-08-22,STR002,PRD042,6,780.00
2026-08-22,STR002,PRD044,9,990.00
2026-08-22,STR002,PRD045,4,700.00
2026-08-22,STR002,PRD046,2,320.00
2026-08-22,STR002,PRD047,7,392.00
2026-08-22,STR002,PRD048,11,770.00
2026-08-22,STR002,PRD049,5,290.00
2026-08-22,STR002,PRD050,6,570.00
2026-08-22,STR002,PRD051,5,450.00
2026-08-22,STR002,PRD053,5,2250.00
2026-08-22,STR002,PRD054,5,3250.00
2026-08-22,STR002,PRD055,5,1950.00
2026-08-22,STR003,PRD001,6,3300.00
2026-08-22,STR003,PRD002,4,660.00
2026-08-22,STR003,PRD003,4,980.00
2026-08-22,STR003,PRD004,6,360.00
2026-08-22,STR003,PRD005,8,3040.00
2026-08-22,STR003,PRD006,4,700.00
2026-08-22,STR003,PRD007,6,168.00
2026-08-22,STR003,PRD008,4,208.00
2026-08-22,STR003,PRD009,6,270.00
2026-08-22,STR003,PRD010,2,76.00
2026-08-22,STR003,PRD011,7,770.00
2026-08-22,STR003,PRD012,5,1100.00
2026-08-22,STR003,PRD013,5,325.00
2026-08-22,STR003,PRD014,6,240.00
2026-08-22,STR003,PRD015,5,100.00
2026-08-22,STR003,PRD016,6,1740.00
2026-08-22,STR003,PRD017,5,250.00
2026-08-22,STR003,PRD018,5,625.00
2026-08-22,STR003,PRD019,9,1755.00
2026-08-22,STR003,PRD020,6,210.00
2026-08-22,STR003,PRD021,2,90.00
2026-08-22,STR003,PRD022,4,1120.00
2026-08-22,STR003,PRD023,3,960.00
2026-08-22,STR003,PRD024,6,900.00
2026-08-22,STR003,PRD025,2,120.00
2026-08-22,STR003,PRD026,3,225.00
2026-08-22,STR003,PRD027,1,40.00
2026-08-22,STR003,PRD028,6,180.00
2026-08-22,STR003,PRD029,4,960.00
2026-08-22,STR003,PRD030,2,370.00
2026-08-22,STR003,PRD031,8,760.00
2026-08-22,STR003,PRD032,5,600.00
2026-08-22,STR003,PRD033,6,510.00
2026-08-22,STR003,PRD034,4,1040.00
2026-08-22,STR003,PRD036,6,1260.00
2026-08-22,STR003,PRD037,3,597.00
2026-08-22,STR003,PRD038,6,690.00
2026-08-22,STR003,PRD039,4,720.00
2026-08-22,STR003,PRD040,3,435.00
2026-08-22,STR003,PRD041,9,882.00
2026-08-22,STR003,PRD042,7,910.00
2026-08-22,STR003,PRD043,6,1260.00
2026-08-22,STR003,PRD044,4,440.00
2026-08-22,STR003,PRD045,5,875.00
2026-08-22,STR003,PRD046,3,480.00
2026-08-22,STR003,PRD047,5,280.00
2026-08-22,STR003,PRD048,4,280.00
2026-08-22,STR003,PRD049,6,348.00
2026-08-22,STR003,PRD050,2,190.00
2026-08-22,STR003,PRD051,4,360.00
2026-08-22,STR003,PRD052,6,840.00
2026-08-22,STR003,PRD053,3,1350.00
2026-08-22,STR003,PRD054,6,3900.00
2026-08-22,STR004,PRD002,3,495.00
2026-08-22,STR004,PRD003,7,1715.00
2026-08-22,STR004,PRD004,6,360.00
2026-08-22,STR004,PRD005,4,1520.00
2026-08-22,STR004,PRD006,6,1050.00
2026-08-22,STR004,PRD007,7,196.00
2026-08-22,STR004,PRD008,7,364.00
2026-08-22,STR004,PRD009,6,270.00
2026-08-22,STR004,PRD010,7,266.00
2026-08-22,STR004,PRD011,4,440.00
2026-08-22,STR004,PRD012,2,440.00
2026-08-22,STR004,PRD013,3,195.00
2026-08-22,STR004,PRD014,4,160.00
2026-08-22,STR004,PRD015,6,120.00
2026-08-22,STR004,PRD016,5,1450.00
2026-08-22,STR004,PRD017,15,750.00
2026-08-22,STR004,PRD018,9,1125.00
2026-08-22,STR004,PRD020,3,105.00
2026-08-22,STR004,PRD021,4,180.00
2026-08-22,STR004,PRD022,6,1680.00
2026-08-22,STR004,PRD023,2,640.00
2026-08-22,STR004,PRD024,5,750.00
2026-08-22,STR004,PRD025,3,180.00
2026-08-22,STR004,PRD026,6,450.00
2026-08-22,STR004,PRD027,4,160.00
2026-08-22,STR004,PRD028,5,150.00
2026-08-22,STR004,PRD029,6,1440.00
2026-08-22,STR004,PRD030,4,740.00
2026-08-22,STR004,PRD031,6,570.00
2026-08-22,STR004,PRD032,5,600.00
2026-08-22,STR004,PRD033,1,85.00
2026-08-22,STR004,PRD034,6,1560.00
2026-08-22,STR004,PRD035,7,2940.00
2026-08-22,STR004,PRD036,6,1260.00
2026-08-22,STR004,PRD037,7,1393.00
2026-08-22,STR004,PRD038,6,690.00
2026-08-22,STR004,PRD039,6,1080.00
2026-08-22,STR004,PRD041,4,392.00
2026-08-22,STR004,PRD042,4,520.00
2026-08-22,STR004,PRD043,1,210.00
2026-08-22,STR004,PRD044,3,330.00
2026-08-22,STR004,PRD045,8,1400.00
2026-08-22,STR004,PRD046,5,800.00
2026-08-22,STR004,PRD047,6,336.00
2026-08-22,STR004,PRD048,6,420.00
2026-08-22,STR004,PRD049,5,290.00
2026-08-22,STR004,PRD050,7,665.00
2026-08-22,STR004,PRD051,9,810.00
2026-08-22,STR004,PRD052,7,980.00
2026-08-22,STR004,PRD053,8,3600.00
2026-08-22,STR004,PRD054,6,3900.00
2026-08-22,STR004,PRD055,2,780.00
2026-08-23,STR001,PRD001,8,4400.00
2026-08-23,STR001,PRD002,8,1320.00
2026-08-23,STR001,PRD003,4,980.00
2026-08-23,STR001,PRD004,2,120.00
2026-08-23,STR001,PRD005,8,3040.00
2026-08-23,STR001,PRD006,8,1400.00
2026-08-23,STR001,PRD007,9,252.00
2026-08-23,STR001,PRD008,2,104.00
2026-08-23,STR001,PRD009,5,225.00
2026-08-23,STR001,PRD010,3,114.00
2026-08-23,STR001,PRD011,15,1650.00
2026-08-23,STR001,PRD012,6,1320.00
2026-08-23,STR001,PRD013,5,325.00
2026-08-23,STR001,PRD014,2,80.00
2026-08-23,STR001,PRD015,6,120.00
2026-08-23,STR001,PRD016,3,870.00
2026-08-23,STR001,PRD017,4,200.00
2026-08-23,STR001,PRD018,3,375.00
2026-08-23,STR001,PRD019,6,1170.00
2026-08-23,STR001,PRD020,2,70.00
2026-08-23,STR001,PRD021,5,225.00
2026-08-23,STR001,PRD022,5,1400.00
2026-08-23,STR001,PRD023,3,960.00
2026-08-23,STR001,PRD024,4,600.00
2026-08-23,STR001,PRD025,6,360.00
2026-08-23,STR001,PRD026,6,450.00
2026-08-23,STR001,PRD027,3,120.00
2026-08-23,STR001,PRD028,5,150.00
2026-08-23,STR001,PRD029,6,1440.00
2026-08-23,STR001,PRD030,3,555.00
2026-08-23,STR001,PRD031,7,665.00
2026-08-23,STR001,PRD032,5,600.00
2026-08-23,STR001,PRD033,4,340.00
2026-08-23,STR001,PRD034,5,1300.00
2026-08-23,STR001,PRD035,3,1260.00
2026-08-23,STR001,PRD036,3,630.00
2026-08-23,STR001,PRD037,8,1592.00
2026-08-23,STR001,PRD038,2,230.00
2026-08-23,STR001,PRD039,8,1440.00
2026-08-23,STR001,PRD040,6,870.00
2026-08-23,STR001,PRD041,4,392.00
2026-08-23,STR001,PRD042,5,650.00
2026-08-23,STR001,PRD043,2,420.00
2026-08-23,STR001,PRD044,6,660.00
2026-08-23,STR001,PRD045,2,350.00
2026-08-23,STR001,PRD046,3,480.00
2026-08-23,STR001,PRD047,5,280.00
2026-08-23,STR001,PRD048,2,140.00
2026-08-23,STR001,PRD049,5,290.00
2026-08-23,STR001,PRD050,5,475.00
2026-08-23,STR001,PRD052,3,420.00
2026-08-23,STR001,PRD055,6,2340.00
2026-08-23,STR002,PRD001,4,2200.00
2026-08-23,STR002,PRD002,2,330.00
2026-08-23,STR002,PRD003,7,1715.00
2026-08-23,STR002,PRD004,2,120.00
2026-08-23,STR002,PRD005,3,1140.00
2026-08-23,STR002,PRD006,5,875.00
2026-08-23,STR002,PRD007,8,224.00
2026-08-23,STR002,PRD008,7,364.00
2026-08-23,STR002,PRD009,7,315.00
2026-08-23,STR002,PRD010,6,228.00
2026-08-23,STR002,PRD011,7,770.00
2026-08-23,STR002,PRD012,2,440.00
2026-08-23,STR002,PRD013,4,260.00
2026-08-23,STR002,PRD014,6,240.00
2026-08-23,STR002,PRD015,5,100.00
2026-08-23,STR002,PRD016,6,1740.00
2026-08-23,STR002,PRD017,9,450.00
2026-08-23,STR002,PRD018,5,625.00
2026-08-23,STR002,PRD019,2,390.00
2026-08-23,STR002,PRD020,19,665.00
2026-08-23,STR002,PRD021,1,45.00
2026-08-23,STR002,PRD022,10,2800.00
2026-08-23,STR002,PRD023,3,960.00
2026-08-23,STR002,PRD024,6,900.00
2026-08-23,STR002,PRD025,2,120.00
2026-08-23,STR002,PRD026,5,375.00
2026-08-23,STR002,PRD027,5,200.00
2026-08-23,STR002,PRD028,3,90.00
2026-08-23,STR002,PRD029,9,2160.00
2026-08-23,STR002,PRD030,4,740.00
2026-08-23,STR002,PRD031,6,570.00
2026-08-23,STR002,PRD032,9,1080.00
2026-08-23,STR002,PRD034,2,520.00
2026-08-23,STR002,PRD035,4,1680.00
2026-08-23,STR002,PRD036,3,630.00
2026-08-23,STR002,PRD037,7,1393.00
2026-08-23,STR002,PRD038,7,805.00
2026-08-23,STR002,PRD039,5,900.00
2026-08-23,STR002,PRD040,3,435.00
2026-08-23,STR002,PRD041,7,686.00
2026-08-23,STR002,PRD042,5,650.00
2026-08-23,STR002,PRD044,8,880.00
2026-08-23,STR002,PRD045,4,700.00
2026-08-23,STR002,PRD046,5,800.00
2026-08-23,STR002,PRD047,5,280.00
2026-08-23,STR002,PRD048,13,910.00
2026-08-23,STR002,PRD049,5,290.00
2026-08-23,STR002,PRD050,6,570.00
2026-08-23,STR002,PRD051,6,540.00
2026-08-23,STR002,PRD053,4,1800.00
2026-08-23,STR002,PRD054,3,1950.00
2026-08-23,STR002,PRD055,5,1950.00
2026-08-23,STR003,PRD001,6,3300.00
2026-08-23,STR003,PRD002,6,990.00
2026-08-23,STR003,PRD003,3,735.00
2026-08-23,STR003,PRD004,2,120.00
2026-08-23,STR003,PRD005,9,3420.00
2026-08-23,STR003,PRD006,8,1400.00
2026-08-23,STR003,PRD007,4,112.00
2026-08-23,STR003,PRD008,4,208.00
2026-08-23,STR003,PRD009,7,315.00
2026-08-23,STR003,PRD010,4,152.00
2026-08-23,STR003,PRD011,5,550.00
2026-08-23,STR003,PRD012,5,1100.00
2026-08-23,STR003,PRD013,7,455.00
2026-08-23,STR003,PRD014,7,280.00
2026-08-23,STR003,PRD015,4,80.00
2026-08-23,STR003,PRD016,4,1160.00
2026-08-23,STR003,PRD017,1,50.00
2026-08-23,STR003,PRD018,15,1875.00
2026-08-23,STR003,PRD019,6,1170.00
2026-08-23,STR003,PRD020,7,245.00
2026-08-23,STR003,PRD021,3,135.00
2026-08-23,STR003,PRD022,1,280.00
2026-08-23,STR003,PRD024,6,900.00
2026-08-23,STR003,PRD025,5,300.00
2026-08-23,STR003,PRD026,7,525.00
2026-08-23,STR003,PRD027,5,200.00
2026-08-23,STR003,PRD028,5,150.00
2026-08-23,STR003,PRD029,4,960.00
2026-08-23,STR003,PRD030,3,555.00
2026-08-23,STR003,PRD031,8,760.00
2026-08-23,STR003,PRD032,5,600.00
2026-08-23,STR003,PRD033,4,340.00
2026-08-23,STR003,PRD034,6,1560.00
2026-08-23,STR003,PRD036,2,420.00
2026-08-23,STR003,PRD037,5,995.00
2026-08-23,STR003,PRD038,4,460.00
2026-08-23,STR003,PRD039,4,720.00
2026-08-23,STR003,PRD040,3,435.00
2026-08-23,STR003,PRD041,9,882.00
2026-08-23,STR003,PRD042,8,1040.00
2026-08-23,STR003,PRD043,6,1260.00
2026-08-23,STR003,PRD044,3,330.00
2026-08-23,STR003,PRD045,3,525.00
2026-08-23,STR003,PRD046,2,320.00
2026-08-23,STR003,PRD047,4,224.00
2026-08-23,STR003,PRD048,4,280.00
2026-08-23,STR003,PRD049,5,290.00
2026-08-23,STR003,PRD050,5,475.00
2026-08-23,STR003,PRD051,4,360.00
2026-08-23,STR003,PRD052,7,980.00
2026-08-23,STR003,PRD053,2,900.00
2026-08-23,STR003,PRD054,9,5850.00
2026-08-23,STR004,PRD002,2,330.00
2026-08-23,STR004,PRD003,5,1225.00
2026-08-23,STR004,PRD004,5,300.00
2026-08-23,STR004,PRD005,2,760.00
2026-08-23,STR004,PRD006,5,875.00
2026-08-23,STR004,PRD007,4,112.00
2026-08-23,STR004,PRD008,3,156.00
2026-08-23,STR004,PRD009,8,360.00
2026-08-23,STR004,PRD010,5,190.00
2026-08-23,STR004,PRD011,4,440.00
2026-08-23,STR004,PRD012,4,880.00
2026-08-23,STR004,PRD013,6,390.00
2026-08-23,STR004,PRD014,7,280.00
2026-08-23,STR004,PRD015,3,60.00
2026-08-23,STR004,PRD016,4,1160.00
2026-08-23,STR004,PRD017,5,250.00
2026-08-23,STR004,PRD018,6,750.00
2026-08-23,STR004,PRD020,3,105.00
2026-08-23,STR004,PRD021,4,180.00
2026-08-23,STR004,PRD022,5,1400.00
2026-08-23,STR004,PRD023,2,640.00
2026-08-23,STR004,PRD024,3,450.00
2026-08-23,STR004,PRD025,4,240.00
2026-08-23,STR004,PRD026,5,375.00
2026-08-23,STR004,PRD027,4,160.00
2026-08-23,STR004,PRD028,4,120.00
2026-08-23,STR004,PRD029,5,1200.00
2026-08-23,STR004,PRD030,5,925.00
2026-08-23,STR004,PRD031,8,760.00
2026-08-23,STR004,PRD032,7,840.00
2026-08-23,STR004,PRD033,2,170.00
2026-08-23,STR004,PRD034,8,2080.00
2026-08-23,STR004,PRD035,8,3360.00
2026-08-23,STR004,PRD036,5,1050.00
2026-08-23,STR004,PRD037,8,1592.00
2026-08-23,STR004,PRD038,7,805.00
2026-08-23,STR004,PRD039,5,900.00
2026-08-23,STR004,PRD040,3,435.00
2026-08-23,STR004,PRD041,3,294.00
2026-08-23,STR004,PRD042,7,910.00
2026-08-23,STR004,PRD043,2,420.00
2026-08-23,STR004,PRD044,7,770.00
2026-08-23,STR004,PRD045,7,1225.00
2026-08-23,STR004,PRD046,4,640.00
2026-08-23,STR004,PRD047,4,224.00
2026-08-23,STR004,PRD048,3,210.00
2026-08-23,STR004,PRD049,4,232.00
2026-08-23,STR004,PRD050,7,665.00
2026-08-23,STR004,PRD051,9,810.00
2026-08-23,STR004,PRD052,3,420.00
2026-08-23,STR004,PRD053,8,3600.00
2026-08-23,STR004,PRD054,5,3250.00
2026-08-23,STR004,PRD055,3,1170.00
2026-08-24,STR001,PRD001,8,4400.00
2026-08-24,STR001,PRD002,10,1650.00
2026-08-24,STR001,PRD003,3,735.00
2026-08-24,STR001,PRD004,4,240.00
2026-08-24,STR001,PRD005,8,3040.00
2026-08-24,STR001,PRD006,8,1400.00
2026-08-24,STR001,PRD007,6,168.00
2026-08-24,STR001,PRD008,4,208.00
2026-08-24,STR001,PRD009,3,135.00
2026-08-24,STR001,PRD010,2,76.00
2026-08-24,STR001,PRD011,15,1650.00
2026-08-24,STR001,PRD012,5,1100.00
2026-08-24,STR001,PRD013,5,325.00
2026-08-24,STR001,PRD014,2,80.00
2026-08-24,STR001,PRD015,4,80.00
2026-08-24,STR001,PRD016,3,870.00
2026-08-24,STR001,PRD017,4,200.00
2026-08-24,STR001,PRD018,6,750.00
2026-08-24,STR001,PRD019,4,780.00
2026-08-24,STR001,PRD020,5,175.00
2026-08-24,STR001,PRD021,4,180.00
2026-08-24,STR001,PRD022,8,2240.00
2026-08-24,STR001,PRD023,4,1280.00
2026-08-24,STR001,PRD024,6,900.00
2026-08-24,STR001,PRD025,9,540.00
2026-08-24,STR001,PRD026,2,150.00
2026-08-24,STR001,PRD027,3,120.00
2026-08-24,STR001,PRD028,3,90.00
2026-08-24,STR001,PRD029,8,1920.00
2026-08-24,STR001,PRD030,4,740.00
2026-08-24,STR001,PRD031,4,380.00
2026-08-24,STR001,PRD032,7,840.00
2026-08-24,STR001,PRD033,5,425.00
2026-08-24,STR001,PRD034,9,2340.00
2026-08-24,STR001,PRD035,4,1680.00
2026-08-24,STR001,PRD036,6,1260.00
2026-08-24,STR001,PRD037,8,1592.00
2026-08-24,STR001,PRD038,3,345.00
2026-08-24,STR001,PRD039,8,1440.00
2026-08-24,STR001,PRD040,6,870.00
2026-08-24,STR001,PRD041,8,784.00
2026-08-24,STR001,PRD042,5,650.00
2026-08-24,STR001,PRD043,5,1050.00
2026-08-24,STR001,PRD044,4,440.00
2026-08-24,STR001,PRD045,5,875.00
2026-08-24,STR001,PRD046,6,960.00
2026-08-24,STR001,PRD047,5,280.00
2026-08-24,STR001,PRD048,5,350.00
2026-08-24,STR001,PRD049,4,232.00
2026-08-24,STR001,PRD050,6,570.00
2026-08-24,STR001,PRD052,4,560.00
2026-08-24,STR001,PRD055,6,2340.00
2026-08-24,STR002,PRD001,7,3850.00
2026-08-24,STR002,PRD002,5,825.00
2026-08-24,STR002,PRD003,8,1960.00
2026-08-24,STR002,PRD004,3,180.00
2026-08-24,STR002,PRD005,4,1520.00
2026-08-24,STR002,PRD006,7,1225.00
2026-08-24,STR002,PRD007,8,224.00
2026-08-24,STR002,PRD008,3,156.00
2026-08-24,STR002,PRD009,6,270.00
2026-08-24,STR002,PRD010,4,152.00
2026-08-24,STR002,PRD011,8,880.00
2026-08-24,STR002,PRD012,4,880.00
2026-08-24,STR002,PRD013,5,325.00
2026-08-24,STR002,PRD014,6,240.00
2026-08-24,STR002,PRD015,3,60.00
2026-08-24,STR002,PRD016,3,870.00
2026-08-24,STR002,PRD017,6,300.00
2026-08-24,STR002,PRD018,5,625.00
2026-08-24,STR002,PRD019,3,585.00
2026-08-24,STR002,PRD020,19,665.00
2026-08-24,STR002,PRD021,2,90.00
2026-08-24,STR002,PRD022,11,3080.00
2026-08-24,STR002,PRD023,6,1920.00
2026-08-24,STR002,PRD024,5,750.00
2026-08-24,STR002,PRD025,6,360.00
2026-08-24,STR002,PRD026,7,525.00
2026-08-24,STR002,PRD027,2,80.00
2026-08-24,STR002,PRD028,6,180.00
2026-08-24,STR002,PRD029,9,2160.00
2026-08-24,STR002,PRD030,3,555.00
2026-08-24,STR002,PRD031,6,570.00
2026-08-24,STR002,PRD032,8,960.00
2026-08-24,STR002,PRD034,4,1040.00
2026-08-24,STR002,PRD035,1,420.00
2026-08-24,STR002,PRD036,4,840.00
2026-08-24,STR002,PRD037,7,1393.00
2026-08-24,STR002,PRD038,4,460.00
2026-08-24,STR002,PRD039,6,1080.00
2026-08-24,STR002,PRD040,2,290.00
2026-08-24,STR002,PRD041,4,392.00
2026-08-24,STR002,PRD042,7,910.00
2026-08-24,STR002,PRD044,6,660.00
2026-08-24,STR002,PRD045,8,1400.00
2026-08-24,STR002,PRD046,5,800.00
2026-08-24,STR002,PRD047,5,280.00
2026-08-24,STR002,PRD048,12,840.00
2026-08-24,STR002,PRD049,7,406.00
2026-08-24,STR002,PRD050,4,380.00
2026-08-24,STR002,PRD051,5,450.00
2026-08-24,STR002,PRD053,7,3150.00
2026-08-24,STR002,PRD054,4,2600.00
2026-08-24,STR002,PRD055,9,3510.00
2026-08-24,STR003,PRD001,4,2200.00
2026-08-24,STR003,PRD002,4,660.00
2026-08-24,STR003,PRD003,3,735.00
2026-08-24,STR003,PRD004,4,240.00
2026-08-24,STR003,PRD005,8,3040.00
2026-08-24,STR003,PRD006,4,700.00
2026-08-24,STR003,PRD007,3,84.00
2026-08-24,STR003,PRD008,8,416.00
2026-08-24,STR003,PRD009,7,315.00
2026-08-24,STR003,PRD010,5,190.00
2026-08-24,STR003,PRD011,6,660.00
2026-08-24,STR003,PRD012,4,880.00
2026-08-24,STR003,PRD013,8,520.00
2026-08-24,STR003,PRD014,4,160.00
2026-08-24,STR003,PRD015,4,80.00
2026-08-24,STR003,PRD016,6,1740.00
2026-08-24,STR003,PRD017,3,150.00
2026-08-24,STR003,PRD018,15,1875.00
2026-08-24,STR003,PRD019,6,1170.00
2026-08-24,STR003,PRD020,7,245.00
2026-08-24,STR003,PRD021,4,180.00
2026-08-24,STR003,PRD023,3,960.00
2026-08-24,STR003,PRD024,8,1200.00
2026-08-24,STR003,PRD025,5,300.00
2026-08-24,STR003,PRD026,6,450.00
2026-08-24,STR003,PRD027,3,120.00
2026-08-24,STR003,PRD028,7,210.00
2026-08-24,STR003,PRD029,4,960.00
2026-08-24,STR003,PRD030,3,555.00
2026-08-24,STR003,PRD031,6,570.00
2026-08-24,STR003,PRD032,7,840.00
2026-08-24,STR003,PRD033,5,425.00
2026-08-24,STR003,PRD034,7,1820.00
2026-08-24,STR003,PRD036,3,630.00
2026-08-24,STR003,PRD037,4,796.00
2026-08-24,STR003,PRD038,8,920.00
2026-08-24,STR003,PRD039,4,720.00
2026-08-24,STR003,PRD040,6,870.00
2026-08-24,STR003,PRD041,7,686.00
2026-08-24,STR003,PRD042,4,520.00
2026-08-24,STR003,PRD043,5,1050.00
2026-08-24,STR003,PRD044,4,440.00
2026-08-24,STR003,PRD045,3,525.00
2026-08-24,STR003,PRD046,5,800.00
2026-08-24,STR003,PRD047,6,336.00
2026-08-24,STR003,PRD048,4,280.00
2026-08-24,STR003,PRD049,3,174.00
2026-08-24,STR003,PRD050,6,570.00
2026-08-24,STR003,PRD051,3,270.00
2026-08-24,STR003,PRD052,8,1120.00
2026-08-24,STR003,PRD053,4,1800.00
2026-08-24,STR003,PRD054,5,3250.00
2026-08-24,STR004,PRD002,3,495.00
2026-08-24,STR004,PRD003,7,1715.00
2026-08-24,STR004,PRD004,3,180.00
2026-08-24,STR004,PRD005,2,760.00
2026-08-24,STR004,PRD006,5,875.00
2026-08-24,STR004,PRD007,7,196.00
2026-08-24,STR004,PRD008,6,312.00
2026-08-24,STR004,PRD009,8,360.00
2026-08-24,STR004,PRD010,7,266.00
2026-08-24,STR004,PRD011,5,550.00
2026-08-24,STR004,PRD012,1,220.00
2026-08-24,STR004,PRD013,3,195.00
2026-08-24,STR004,PRD014,3,120.00
2026-08-24,STR004,PRD015,6,120.00
2026-08-24,STR004,PRD016,8,2320.00
2026-08-24,STR004,PRD017,3,150.00
2026-08-24,STR004,PRD018,5,625.00
2026-08-24,STR004,PRD019,1,195.00
2026-08-24,STR004,PRD020,4,140.00
2026-08-24,STR004,PRD021,6,270.00
2026-08-24,STR004,PRD022,6,1680.00
2026-08-24,STR004,PRD023,2,640.00
2026-08-24,STR004,PRD024,2,300.00
2026-08-24,STR004,PRD025,3,180.00
2026-08-24,STR004,PRD026,6,450.00
2026-08-24,STR004,PRD027,6,240.00
2026-08-24,STR004,PRD028,2,60.00
2026-08-24,STR004,PRD029,9,2160.00
2026-08-24,STR004,PRD030,4,740.00
2026-08-24,STR004,PRD031,4,380.00
2026-08-24,STR004,PRD032,5,600.00
2026-08-24,STR004,PRD033,5,425.00
2026-08-24,STR004,PRD034,5,1300.00
2026-08-24,STR004,PRD035,6,2520.00
2026-08-24,STR004,PRD036,5,1050.00
2026-08-24,STR004,PRD037,8,1592.00
2026-08-24,STR004,PRD038,7,805.00
2026-08-24,STR004,PRD039,3,540.00
2026-08-24,STR004,PRD040,3,435.00
2026-08-24,STR004,PRD041,3,294.00
2026-08-24,STR004,PRD042,7,910.00
2026-08-24,STR004,PRD043,4,840.00
2026-08-24,STR004,PRD044,6,660.00
2026-08-24,STR004,PRD045,6,1050.00
2026-08-24,STR004,PRD046,2,320.00
2026-08-24,STR004,PRD047,6,336.00
2026-08-24,STR004,PRD048,4,280.00
2026-08-24,STR004,PRD049,5,290.00
2026-08-24,STR004,PRD050,7,665.00
2026-08-24,STR004,PRD051,5,450.00
2026-08-24,STR004,PRD052,6,840.00
2026-08-24,STR004,PRD053,7,3150.00
2026-08-24,STR004,PRD054,5,3250.00
2026-08-24,STR004,PRD055,6,2340.00
2026-08-25,STR001,PRD001,8,4400.00
2026-08-25,STR001,PRD002,11,1815.00
2026-08-25,STR001,PRD003,3,735.00
2026-08-25,STR001,PRD004,1,60.00
2026-08-25,STR001,PRD005,7,2660.00
2026-08-25,STR001,PRD006,5,875.00
2026-08-25,STR001,PRD007,8,224.00
2026-08-25,STR001,PRD008,4,208.00
2026-08-25,STR001,PRD009,4,180.00
2026-08-25,STR001,PRD010,5,190.00
2026-08-25,STR001,PRD011,15,1650.00
2026-08-25,STR001,PRD012,5,1100.00
2026-08-25,STR001,PRD013,1,65.00
2026-08-25,STR001,PRD014,6,240.00
2026-08-25,STR001,PRD015,4,80.00
2026-08-25,STR001,PRD016,6,1740.00
2026-08-25,STR001,PRD017,5,250.00
2026-08-25,STR001,PRD018,6,750.00
2026-08-25,STR001,PRD019,4,780.00
2026-08-25,STR001,PRD020,2,70.00
2026-08-25,STR001,PRD021,8,360.00
2026-08-25,STR001,PRD022,8,2240.00
2026-08-25,STR001,PRD023,2,640.00
2026-08-25,STR001,PRD024,4,600.00
2026-08-25,STR001,PRD025,5,300.00
2026-08-25,STR001,PRD026,5,375.00
2026-08-25,STR001,PRD027,5,200.00
2026-08-25,STR001,PRD028,5,150.00
2026-08-25,STR001,PRD029,6,1440.00
2026-08-25,STR001,PRD030,3,555.00
2026-08-25,STR001,PRD031,5,475.00
2026-08-25,STR001,PRD032,5,600.00
2026-08-25,STR001,PRD033,4,340.00
2026-08-25,STR001,PRD034,8,2080.00
2026-08-25,STR001,PRD035,4,1680.00
2026-08-25,STR001,PRD036,3,630.00
2026-08-25,STR001,PRD037,5,995.00
2026-08-25,STR001,PRD038,1,115.00
2026-08-25,STR001,PRD039,6,1080.00
2026-08-25,STR001,PRD040,4,580.00
2026-08-25,STR001,PRD041,5,490.00
2026-08-25,STR001,PRD042,3,390.00
2026-08-25,STR001,PRD043,5,1050.00
2026-08-25,STR001,PRD044,2,220.00
2026-08-25,STR001,PRD045,4,700.00
2026-08-25,STR001,PRD046,6,960.00
2026-08-25,STR001,PRD047,1,56.00
2026-08-25,STR001,PRD048,5,350.00
2026-08-25,STR001,PRD049,4,232.00
2026-08-25,STR001,PRD050,3,285.00
2026-08-25,STR001,PRD051,3,270.00
2026-08-25,STR001,PRD052,2,280.00
2026-08-25,STR001,PRD053,1,450.00
2026-08-25,STR001,PRD055,5,1950.00
2026-08-25,STR002,PRD001,3,1650.00
2026-08-25,STR002,PRD002,5,825.00
2026-08-25,STR002,PRD003,4,980.00
2026-08-25,STR002,PRD004,3,180.00
2026-08-25,STR002,PRD005,6,2280.00
2026-08-25,STR002,PRD006,6,1050.00
2026-08-25,STR002,PRD007,8,224.00
2026-08-25,STR002,PRD008,5,260.00
2026-08-25,STR002,PRD009,5,225.00
2026-08-25,STR002,PRD010,7,266.00
2026-08-25,STR002,PRD011,7,770.00
2026-08-25,STR002,PRD012,6,1320.00
2026-08-25,STR002,PRD013,5,325.00
2026-08-25,STR002,PRD014,4,160.00
2026-08-25,STR002,PRD015,5,100.00
2026-08-25,STR002,PRD016,2,580.00
2026-08-25,STR002,PRD017,6,300.00
2026-08-25,STR002,PRD018,6,750.00
2026-08-25,STR002,PRD019,5,975.00
2026-08-25,STR002,PRD020,18,630.00
2026-08-25,STR002,PRD021,4,180.00
2026-08-25,STR002,PRD022,12,3360.00
2026-08-25,STR002,PRD023,5,1600.00
2026-08-25,STR002,PRD024,4,600.00
2026-08-25,STR002,PRD025,6,360.00
2026-08-25,STR002,PRD026,3,225.00
2026-08-25,STR002,PRD027,3,120.00
2026-08-25,STR002,PRD028,7,210.00
2026-08-25,STR002,PRD029,7,1680.00
2026-08-25,STR002,PRD030,3,555.00
2026-08-25,STR002,PRD031,3,285.00
2026-08-25,STR002,PRD032,8,960.00
2026-08-25,STR002,PRD033,2,170.00
2026-08-25,STR002,PRD034,5,1300.00
2026-08-25,STR002,PRD035,1,420.00
2026-08-25,STR002,PRD036,1,210.00
2026-08-25,STR002,PRD037,7,1393.00
2026-08-25,STR002,PRD038,6,690.00
2026-08-25,STR002,PRD039,5,900.00
2026-08-25,STR002,PRD040,1,145.00
2026-08-25,STR002,PRD041,4,392.00
2026-08-25,STR002,PRD042,8,1040.00
2026-08-25,STR002,PRD044,7,770.00
2026-08-25,STR002,PRD045,4,700.00
2026-08-25,STR002,PRD046,4,640.00
2026-08-25,STR002,PRD047,7,392.00
2026-08-25,STR002,PRD048,14,980.00
2026-08-25,STR002,PRD049,3,174.00
2026-08-25,STR002,PRD050,3,285.00
2026-08-25,STR002,PRD051,7,630.00
2026-08-25,STR002,PRD053,6,2700.00
2026-08-25,STR002,PRD054,7,4550.00
2026-08-25,STR002,PRD055,6,2340.00
2026-08-25,STR003,PRD001,6,3300.00
2026-08-25,STR003,PRD002,2,330.00
2026-08-25,STR003,PRD003,3,735.00
2026-08-25,STR003,PRD004,3,180.00
2026-08-25,STR003,PRD005,5,1900.00
2026-08-25,STR003,PRD006,7,1225.00
2026-08-25,STR003,PRD007,6,168.00
2026-08-25,STR003,PRD008,8,416.00
2026-08-25,STR003,PRD009,4,180.00
2026-08-25,STR003,PRD010,2,76.00
2026-08-25,STR003,PRD011,5,550.00
2026-08-25,STR003,PRD012,6,1320.00
2026-08-25,STR003,PRD013,8,520.00
2026-08-25,STR003,PRD014,6,240.00
2026-08-25,STR003,PRD015,2,40.00
2026-08-25,STR003,PRD016,6,1740.00
2026-08-25,STR003,PRD017,5,250.00
2026-08-25,STR003,PRD018,13,1625.00
2026-08-25,STR003,PRD019,8,1560.00
2026-08-25,STR003,PRD020,8,280.00
2026-08-25,STR003,PRD021,5,225.00
2026-08-25,STR003,PRD022,1,280.00
2026-08-25,STR003,PRD023,2,640.00
2026-08-25,STR003,PRD024,6,900.00
2026-08-25,STR003,PRD025,5,300.00
2026-08-25,STR003,PRD026,4,300.00
2026-08-25,STR003,PRD027,1,40.00
2026-08-25,STR003,PRD028,8,240.00
2026-08-25,STR003,PRD029,5,1200.00
2026-08-25,STR003,PRD030,6,1110.00
2026-08-25,STR003,PRD031,8,760.00
2026-08-25,STR003,PRD032,6,720.00
2026-08-25,STR003,PRD033,2,170.00
2026-08-25,STR003,PRD034,6,1560.00
2026-08-25,STR003,PRD036,5,1050.00
2026-08-25,STR003,PRD037,3,597.00
2026-08-25,STR003,PRD038,7,805.00
2026-08-25,STR003,PRD039,6,1080.00
2026-08-25,STR003,PRD040,6,870.00
2026-08-25,STR003,PRD041,8,784.00
2026-08-25,STR003,PRD042,7,910.00
2026-08-25,STR003,PRD043,3,630.00
2026-08-25,STR003,PRD044,6,660.00
2026-08-25,STR003,PRD045,4,700.00
2026-08-25,STR003,PRD046,2,320.00
2026-08-25,STR003,PRD047,5,280.00
2026-08-25,STR003,PRD048,6,420.00
2026-08-25,STR003,PRD049,3,174.00
2026-08-25,STR003,PRD050,5,475.00
2026-08-25,STR003,PRD051,5,450.00
2026-08-25,STR003,PRD052,5,700.00
2026-08-25,STR003,PRD053,2,900.00
2026-08-25,STR003,PRD054,7,4550.00
2026-08-25,STR004,PRD002,5,825.00
2026-08-25,STR004,PRD003,8,1960.00
2026-08-25,STR004,PRD004,3,180.00
2026-08-25,STR004,PRD005,2,760.00
2026-08-25,STR004,PRD006,6,1050.00
2026-08-25,STR004,PRD007,4,112.00
2026-08-25,STR004,PRD008,4,208.00
2026-08-25,STR004,PRD009,6,270.00
2026-08-25,STR004,PRD010,6,228.00
2026-08-25,STR004,PRD011,3,330.00
2026-08-25,STR004,PRD012,1,220.00
2026-08-25,STR004,PRD013,6,390.00
2026-08-25,STR004,PRD014,5,200.00
2026-08-25,STR004,PRD015,3,60.00
2026-08-25,STR004,PRD016,6,1740.00
2026-08-25,STR004,PRD017,6,300.00
2026-08-25,STR004,PRD018,8,1000.00
2026-08-25,STR004,PRD020,5,175.00
2026-08-25,STR004,PRD021,5,225.00
2026-08-25,STR004,PRD022,8,2240.00
2026-08-25,STR004,PRD023,3,960.00
2026-08-25,STR004,PRD024,2,300.00
2026-08-25,STR004,PRD025,7,420.00
2026-08-25,STR004,PRD026,4,300.00
2026-08-25,STR004,PRD027,2,80.00
2026-08-25,STR004,PRD028,6,180.00
2026-08-25,STR004,PRD029,6,1440.00
2026-08-25,STR004,PRD030,4,740.00
2026-08-25,STR004,PRD031,8,760.00
2026-08-25,STR004,PRD032,6,720.00
2026-08-25,STR004,PRD033,4,340.00
2026-08-25,STR004,PRD034,9,2340.00
2026-08-25,STR004,PRD035,4,1680.00
2026-08-25,STR004,PRD036,9,1890.00
2026-08-25,STR004,PRD037,9,1791.00
2026-08-25,STR004,PRD038,8,920.00
2026-08-25,STR004,PRD039,4,720.00
2026-08-25,STR004,PRD041,5,490.00
2026-08-25,STR004,PRD042,7,910.00
2026-08-25,STR004,PRD043,5,1050.00
2026-08-25,STR004,PRD044,7,770.00
2026-08-25,STR004,PRD045,7,1225.00
2026-08-25,STR004,PRD046,6,960.00
2026-08-25,STR004,PRD047,4,224.00
2026-08-25,STR004,PRD048,4,280.00
2026-08-25,STR004,PRD049,4,232.00
2026-08-25,STR004,PRD050,5,475.00
2026-08-25,STR004,PRD051,7,630.00
2026-08-25,STR004,PRD052,3,420.00
2026-08-25,STR004,PRD053,8,3600.00
2026-08-25,STR004,PRD054,3,1950.00
2026-08-25,STR004,PRD055,6,2340.00
2026-08-26,STR001,PRD001,10,5500.00
2026-08-26,STR001,PRD002,12,1980.00
2026-08-26,STR001,PRD003,4,980.00
2026-08-26,STR001,PRD004,5,300.00
2026-08-26,STR001,PRD005,6,2280.00
2026-08-26,STR001,PRD006,5,875.00
2026-08-26,STR001,PRD007,7,196.00
2026-08-26,STR001,PRD008,5,260.00
2026-08-26,STR001,PRD009,5,225.00
2026-08-26,STR001,PRD010,5,190.00
2026-08-26,STR001,PRD011,18,1980.00
2026-08-26,STR001,PRD012,7,1540.00
2026-08-26,STR001,PRD013,1,65.00
2026-08-26,STR001,PRD014,2,80.00
2026-08-26,STR001,PRD015,6,120.00
2026-08-26,STR001,PRD016,5,1450.00
2026-08-26,STR001,PRD017,5,250.00
2026-08-26,STR001,PRD018,7,875.00
2026-08-26,STR001,PRD019,8,1560.00
2026-08-26,STR001,PRD020,4,140.00
2026-08-26,STR001,PRD021,4,180.00
2026-08-26,STR001,PRD022,7,1960.00
2026-08-26,STR001,PRD023,2,640.00
2026-08-26,STR001,PRD024,4,600.00
2026-08-26,STR001,PRD025,6,360.00
2026-08-26,STR001,PRD026,3,225.00
2026-08-26,STR001,PRD027,5,200.00
2026-08-26,STR001,PRD028,4,120.00
2026-08-26,STR001,PRD029,7,1680.00
2026-08-26,STR001,PRD030,6,1110.00
2026-08-26,STR001,PRD031,7,665.00
2026-08-26,STR001,PRD032,5,600.00
2026-08-26,STR001,PRD033,7,595.00
2026-08-26,STR001,PRD034,6,1560.00
2026-08-26,STR001,PRD035,3,1260.00
2026-08-26,STR001,PRD036,7,1470.00
2026-08-26,STR001,PRD037,7,1393.00
2026-08-26,STR001,PRD038,1,115.00
2026-08-26,STR001,PRD039,7,1260.00
2026-08-26,STR001,PRD040,3,435.00
2026-08-26,STR001,PRD041,8,784.00
2026-08-26,STR001,PRD042,1,130.00
2026-08-26,STR001,PRD043,5,1050.00
2026-08-26,STR001,PRD044,5,550.00
2026-08-26,STR001,PRD045,5,875.00
2026-08-26,STR001,PRD046,6,960.00
2026-08-26,STR001,PRD047,4,224.00
2026-08-26,STR001,PRD048,5,350.00
2026-08-26,STR001,PRD049,8,464.00
2026-08-26,STR001,PRD050,3,285.00
2026-08-26,STR001,PRD051,6,540.00
2026-08-26,STR001,PRD052,6,840.00
2026-08-26,STR001,PRD055,8,3120.00
2026-08-26,STR002,PRD001,6,3300.00
2026-08-26,STR002,PRD002,3,495.00
2026-08-26,STR002,PRD003,5,1225.00
2026-08-26,STR002,PRD004,4,240.00
2026-08-26,STR002,PRD005,7,2660.00
2026-08-26,STR002,PRD006,9,1575.00
2026-08-26,STR002,PRD007,5,140.00
2026-08-26,STR002,PRD008,6,312.00
2026-08-26,STR002,PRD009,4,180.00
2026-08-26,STR002,PRD010,8,304.00
2026-08-26,STR002,PRD011,6,660.00
2026-08-26,STR002,PRD012,6,1320.00
2026-08-26,STR002,PRD013,1,65.00
2026-08-26,STR002,PRD014,5,200.00
2026-08-26,STR002,PRD015,3,60.00
2026-08-26,STR002,PRD016,3,870.00
2026-08-26,STR002,PRD017,7,350.00
2026-08-26,STR002,PRD018,5,625.00
2026-08-26,STR002,PRD019,4,780.00
2026-08-26,STR002,PRD020,18,630.00
2026-08-26,STR002,PRD021,2,90.00
2026-08-26,STR002,PRD022,13,3640.00
2026-08-26,STR002,PRD023,6,1920.00
2026-08-26,STR002,PRD024,6,900.00
2026-08-26,STR002,PRD025,4,240.00
2026-08-26,STR002,PRD026,6,450.00
2026-08-26,STR002,PRD027,6,240.00
2026-08-26,STR002,PRD028,3,90.00
2026-08-26,STR002,PRD029,5,1200.00
2026-08-26,STR002,PRD030,3,555.00
2026-08-26,STR002,PRD031,3,285.00
2026-08-26,STR002,PRD032,7,840.00
2026-08-26,STR002,PRD033,4,340.00
2026-08-26,STR002,PRD034,2,520.00
2026-08-26,STR002,PRD035,3,1260.00
2026-08-26,STR002,PRD036,3,630.00
2026-08-26,STR002,PRD037,6,1194.00
2026-08-26,STR002,PRD038,6,690.00
2026-08-26,STR002,PRD039,4,720.00
2026-08-26,STR002,PRD040,5,725.00
2026-08-26,STR002,PRD041,6,588.00
2026-08-26,STR002,PRD042,8,1040.00
2026-08-26,STR002,PRD044,6,660.00
2026-08-26,STR002,PRD045,5,875.00
2026-08-26,STR002,PRD046,3,480.00
2026-08-26,STR002,PRD047,8,448.00
2026-08-26,STR002,PRD048,12,840.00
2026-08-26,STR002,PRD049,4,232.00
2026-08-26,STR002,PRD050,3,285.00
2026-08-26,STR002,PRD051,5,450.00
2026-08-26,STR002,PRD052,5,700.00
2026-08-26,STR002,PRD053,7,3150.00
2026-08-26,STR002,PRD054,5,3250.00
2026-08-26,STR002,PRD055,8,3120.00
2026-08-26,STR003,PRD001,6,3300.00
2026-08-26,STR003,PRD002,3,495.00
2026-08-26,STR003,PRD003,7,1715.00
2026-08-26,STR003,PRD004,6,360.00
2026-08-26,STR003,PRD005,5,1900.00
2026-08-26,STR003,PRD006,6,1050.00
2026-08-26,STR003,PRD007,5,140.00
2026-08-26,STR003,PRD008,5,260.00
2026-08-26,STR003,PRD009,5,225.00
2026-08-26,STR003,PRD010,2,76.00
2026-08-26,STR003,PRD011,6,660.00
2026-08-26,STR003,PRD012,5,1100.00
2026-08-26,STR003,PRD013,8,520.00
2026-08-26,STR003,PRD014,5,200.00
2026-08-26,STR003,PRD015,4,80.00
2026-08-26,STR003,PRD016,3,870.00
2026-08-26,STR003,PRD017,3,150.00
2026-08-26,STR003,PRD018,14,1750.00
2026-08-26,STR003,PRD019,6,1170.00
2026-08-26,STR003,PRD020,8,280.00
2026-08-26,STR003,PRD021,3,135.00
2026-08-26,STR003,PRD022,3,840.00
2026-08-26,STR003,PRD023,3,960.00
2026-08-26,STR003,PRD024,6,900.00
2026-08-26,STR003,PRD025,2,120.00
2026-08-26,STR003,PRD026,5,375.00
2026-08-26,STR003,PRD027,5,200.00
2026-08-26,STR003,PRD028,8,240.00
2026-08-26,STR003,PRD029,6,1440.00
2026-08-26,STR003,PRD030,2,370.00
2026-08-26,STR003,PRD031,6,570.00
2026-08-26,STR003,PRD032,7,840.00
2026-08-26,STR003,PRD033,2,170.00
2026-08-26,STR003,PRD034,8,2080.00
2026-08-26,STR003,PRD036,4,840.00
2026-08-26,STR003,PRD037,5,995.00
2026-08-26,STR003,PRD038,4,460.00
2026-08-26,STR003,PRD039,5,900.00
2026-08-26,STR003,PRD040,6,870.00
2026-08-26,STR003,PRD041,7,686.00
2026-08-26,STR003,PRD042,7,910.00
2026-08-26,STR003,PRD043,7,1470.00
2026-08-26,STR003,PRD044,5,550.00
2026-08-26,STR003,PRD045,1,175.00
2026-08-26,STR003,PRD046,6,960.00
2026-08-26,STR003,PRD047,4,224.00
2026-08-26,STR003,PRD048,6,420.00
2026-08-26,STR003,PRD049,4,232.00
2026-08-26,STR003,PRD050,4,380.00
2026-08-26,STR003,PRD051,2,180.00
2026-08-26,STR003,PRD052,4,560.00
2026-08-26,STR003,PRD053,3,1350.00
2026-08-26,STR003,PRD054,7,4550.00
2026-08-26,STR004,PRD001,4,2200.00
2026-08-26,STR004,PRD002,2,330.00
2026-08-26,STR004,PRD003,8,1960.00
2026-08-26,STR004,PRD004,6,360.00
2026-08-26,STR004,PRD005,2,760.00
2026-08-26,STR004,PRD006,5,875.00
2026-08-26,STR004,PRD007,6,168.00
2026-08-26,STR004,PRD008,7,364.00
2026-08-26,STR004,PRD009,7,315.00
2026-08-26,STR004,PRD010,5,190.00
2026-08-26,STR004,PRD011,2,220.00
2026-08-26,STR004,PRD012,2,440.00
2026-08-26,STR004,PRD013,7,455.00
2026-08-26,STR004,PRD014,5,200.00
2026-08-26,STR004,PRD015,7,140.00
2026-08-26,STR004,PRD016,5,1450.00
2026-08-26,STR004,PRD017,4,200.00
2026-08-26,STR004,PRD018,5,625.00
2026-08-26,STR004,PRD019,1,195.00
2026-08-26,STR004,PRD020,5,175.00
2026-08-26,STR004,PRD021,3,135.00
2026-08-26,STR004,PRD022,7,1960.00
2026-08-26,STR004,PRD023,4,1280.00
2026-08-26,STR004,PRD024,2,300.00
2026-08-26,STR004,PRD025,5,300.00
2026-08-26,STR004,PRD026,5,375.00
2026-08-26,STR004,PRD027,5,200.00
2026-08-26,STR004,PRD028,2,60.00
2026-08-26,STR004,PRD029,7,1680.00
2026-08-26,STR004,PRD030,4,740.00
2026-08-26,STR004,PRD031,5,475.00
2026-08-26,STR004,PRD032,3,360.00
2026-08-26,STR004,PRD033,2,170.00
2026-08-26,STR004,PRD034,6,1560.00
2026-08-26,STR004,PRD035,6,2520.00
2026-08-26,STR004,PRD036,9,1890.00
2026-08-26,STR004,PRD037,6,1194.00
2026-08-26,STR004,PRD038,7,805.00
2026-08-26,STR004,PRD039,5,900.00
2026-08-26,STR004,PRD040,3,435.00
2026-08-26,STR004,PRD041,2,196.00
2026-08-26,STR004,PRD042,4,520.00
2026-08-26,STR004,PRD043,4,840.00
2026-08-26,STR004,PRD044,6,660.00
2026-08-26,STR004,PRD045,7,1225.00
2026-08-26,STR004,PRD046,2,320.00
2026-08-26,STR004,PRD047,4,224.00
2026-08-26,STR004,PRD048,7,490.00
2026-08-26,STR004,PRD049,5,290.00
2026-08-26,STR004,PRD050,6,570.00
2026-08-26,STR004,PRD051,5,450.00
2026-08-26,STR004,PRD052,5,700.00
2026-08-26,STR004,PRD053,4,1800.00
2026-08-26,STR004,PRD054,2,1300.00
2026-08-26,STR004,PRD055,4,1560.00
2026-08-27,STR001,PRD001,8,4400.00
2026-08-27,STR001,PRD002,11,1815.00
2026-08-27,STR001,PRD003,5,1225.00
2026-08-27,STR001,PRD004,5,300.00
2026-08-27,STR001,PRD005,8,3040.00
2026-08-27,STR001,PRD006,4,700.00
2026-08-27,STR001,PRD007,9,252.00
2026-08-27,STR001,PRD008,5,260.00
2026-08-27,STR001,PRD009,6,270.00
2026-08-27,STR001,PRD010,5,190.00
2026-08-27,STR001,PRD011,14,1540.00
2026-08-27,STR001,PRD012,7,1540.00
2026-08-27,STR001,PRD013,2,130.00
2026-08-27,STR001,PRD014,5,200.00
2026-08-27,STR001,PRD015,4,80.00
2026-08-27,STR001,PRD016,5,1450.00
2026-08-27,STR001,PRD017,4,200.00
2026-08-27,STR001,PRD018,4,500.00
2026-08-27,STR001,PRD019,5,975.00
2026-08-27,STR001,PRD020,5,175.00
2026-08-27,STR001,PRD021,8,360.00
2026-08-27,STR001,PRD022,8,2240.00
2026-08-27,STR001,PRD023,4,1280.00
2026-08-27,STR001,PRD024,5,750.00
2026-08-27,STR001,PRD025,6,360.00
2026-08-27,STR001,PRD026,3,225.00
2026-08-27,STR001,PRD027,3,120.00
2026-08-27,STR001,PRD028,5,150.00
2026-08-27,STR001,PRD029,7,1680.00
2026-08-27,STR001,PRD030,6,1110.00
2026-08-27,STR001,PRD031,4,380.00
2026-08-27,STR001,PRD032,6,720.00
2026-08-27,STR001,PRD033,7,595.00
2026-08-27,STR001,PRD034,9,2340.00
2026-08-27,STR001,PRD035,6,2520.00
2026-08-27,STR001,PRD036,6,1260.00
2026-08-27,STR001,PRD037,8,1592.00
2026-08-27,STR001,PRD038,2,230.00
2026-08-27,STR001,PRD039,6,1080.00
2026-08-27,STR001,PRD040,5,725.00
2026-08-27,STR001,PRD041,5,490.00
2026-08-27,STR001,PRD042,2,260.00
2026-08-27,STR001,PRD043,5,1050.00
2026-08-27,STR001,PRD044,4,440.00
2026-08-27,STR001,PRD045,5,875.00
2026-08-27,STR001,PRD046,4,640.00
2026-08-27,STR001,PRD047,3,168.00
2026-08-27,STR001,PRD048,6,420.00
2026-08-27,STR001,PRD049,6,348.00
2026-08-27,STR001,PRD050,6,570.00
2026-08-27,STR001,PRD051,5,450.00
2026-08-27,STR001,PRD052,4,560.00
2026-08-27,STR001,PRD055,6,2340.00
2026-08-27,STR002,PRD001,7,3850.00
2026-08-27,STR002,PRD002,4,660.00
2026-08-27,STR002,PRD003,5,1225.00
2026-08-27,STR002,PRD004,6,360.00
2026-08-27,STR002,PRD005,4,1520.00
2026-08-27,STR002,PRD006,7,1225.00
2026-08-27,STR002,PRD007,8,224.00
2026-08-27,STR002,PRD008,3,156.00
2026-08-27,STR002,PRD009,4,180.00
2026-08-27,STR002,PRD010,7,266.00
2026-08-27,STR002,PRD011,6,660.00
2026-08-27,STR002,PRD012,2,440.00
2026-08-27,STR002,PRD013,2,130.00
2026-08-27,STR002,PRD014,2,80.00
2026-08-27,STR002,PRD015,2,40.00
2026-08-27,STR002,PRD016,2,580.00
2026-08-27,STR002,PRD017,6,300.00
2026-08-27,STR002,PRD018,7,875.00
2026-08-27,STR002,PRD019,4,780.00
2026-08-27,STR002,PRD020,19,665.00
2026-08-27,STR002,PRD021,4,180.00
2026-08-27,STR002,PRD022,11,3080.00
2026-08-27,STR002,PRD023,3,960.00
2026-08-27,STR002,PRD024,3,450.00
2026-08-27,STR002,PRD025,3,180.00
2026-08-27,STR002,PRD026,3,225.00
2026-08-27,STR002,PRD027,4,160.00
2026-08-27,STR002,PRD028,5,150.00
2026-08-27,STR002,PRD029,5,1200.00
2026-08-27,STR002,PRD030,4,740.00
2026-08-27,STR002,PRD031,2,190.00
2026-08-27,STR002,PRD032,7,840.00
2026-08-27,STR002,PRD033,2,170.00
2026-08-27,STR002,PRD034,4,1040.00
2026-08-27,STR002,PRD035,1,420.00
2026-08-27,STR002,PRD036,5,1050.00
2026-08-27,STR002,PRD037,5,995.00
2026-08-27,STR002,PRD038,7,805.00
2026-08-27,STR002,PRD039,7,1260.00
2026-08-27,STR002,PRD040,2,290.00
2026-08-27,STR002,PRD041,3,294.00
2026-08-27,STR002,PRD042,7,910.00
2026-08-27,STR002,PRD044,9,990.00
2026-08-27,STR002,PRD045,8,1400.00
2026-08-27,STR002,PRD046,5,800.00
2026-08-27,STR002,PRD047,7,392.00
2026-08-27,STR002,PRD048,13,910.00
2026-08-27,STR002,PRD049,7,406.00
2026-08-27,STR002,PRD050,6,570.00
2026-08-27,STR002,PRD051,7,630.00
2026-08-27,STR002,PRD052,2,280.00
2026-08-27,STR002,PRD053,6,2700.00
2026-08-27,STR002,PRD054,4,2600.00
2026-08-27,STR002,PRD055,8,3120.00
2026-08-27,STR003,PRD001,8,4400.00
2026-08-27,STR003,PRD002,5,825.00
2026-08-27,STR003,PRD003,5,1225.00
2026-08-27,STR003,PRD004,5,300.00
2026-08-27,STR003,PRD005,6,2280.00
2026-08-27,STR003,PRD006,4,700.00
2026-08-27,STR003,PRD007,3,84.00
2026-08-27,STR003,PRD008,6,312.00
2026-08-27,STR003,PRD009,7,315.00
2026-08-27,STR003,PRD010,3,114.00
2026-08-27,STR003,PRD011,6,660.00
2026-08-27,STR003,PRD012,6,1320.00
2026-08-27,STR003,PRD013,5,325.00
2026-08-27,STR003,PRD014,3,120.00
2026-08-27,STR003,PRD015,5,100.00
2026-08-27,STR003,PRD016,3,870.00
2026-08-27,STR003,PRD017,2,100.00
2026-08-27,STR003,PRD018,15,1875.00
2026-08-27,STR003,PRD019,5,975.00
2026-08-27,STR003,PRD020,5,175.00
2026-08-27,STR003,PRD021,3,135.00
2026-08-27,STR003,PRD024,6,900.00
2026-08-27,STR003,PRD025,5,300.00
2026-08-27,STR003,PRD026,4,300.00
2026-08-27,STR003,PRD027,1,40.00
2026-08-27,STR003,PRD028,6,180.00
2026-08-27,STR003,PRD029,8,1920.00
2026-08-27,STR003,PRD030,2,370.00
2026-08-27,STR003,PRD031,6,570.00
2026-08-27,STR003,PRD032,6,720.00
2026-08-27,STR003,PRD033,2,170.00
2026-08-27,STR003,PRD034,4,1040.00
2026-08-27,STR003,PRD036,5,1050.00
2026-08-27,STR003,PRD037,5,995.00
2026-08-27,STR003,PRD038,7,805.00
2026-08-27,STR003,PRD039,3,540.00
2026-08-27,STR003,PRD040,3,435.00
2026-08-27,STR003,PRD041,9,882.00
2026-08-27,STR003,PRD042,7,910.00
2026-08-27,STR003,PRD043,5,1050.00
2026-08-27,STR003,PRD044,3,330.00
2026-08-27,STR003,PRD045,5,875.00
2026-08-27,STR003,PRD046,3,480.00
2026-08-27,STR003,PRD047,5,280.00
2026-08-27,STR003,PRD048,6,420.00
2026-08-27,STR003,PRD049,6,348.00
2026-08-27,STR003,PRD050,2,190.00
2026-08-27,STR003,PRD051,4,360.00
2026-08-27,STR003,PRD052,5,700.00
2026-08-27,STR003,PRD053,3,1350.00
2026-08-27,STR003,PRD054,7,4550.00
2026-08-27,STR004,PRD001,2,1100.00
2026-08-27,STR004,PRD002,5,825.00
2026-08-27,STR004,PRD003,6,1470.00
2026-08-27,STR004,PRD004,4,240.00
2026-08-27,STR004,PRD005,4,1520.00
2026-08-27,STR004,PRD006,9,1575.00
2026-08-27,STR004,PRD007,5,140.00
2026-08-27,STR004,PRD008,6,312.00
2026-08-27,STR004,PRD009,5,225.00
2026-08-27,STR004,PRD010,7,266.00
2026-08-27,STR004,PRD011,3,330.00
2026-08-27,STR004,PRD012,5,1100.00
2026-08-27,STR004,PRD013,3,195.00
2026-08-27,STR004,PRD014,5,200.00
2026-08-27,STR004,PRD015,4,80.00
2026-08-27,STR004,PRD016,8,2320.00
2026-08-27,STR004,PRD017,2,100.00
2026-08-27,STR004,PRD018,9,1125.00
2026-08-27,STR004,PRD020,6,210.00
2026-08-27,STR004,PRD021,5,225.00
2026-08-27,STR004,PRD022,8,2240.00
2026-08-27,STR004,PRD023,3,960.00
2026-08-27,STR004,PRD024,2,300.00
2026-08-27,STR004,PRD025,6,360.00
2026-08-27,STR004,PRD026,3,225.00
2026-08-27,STR004,PRD027,6,240.00
2026-08-27,STR004,PRD028,3,90.00
2026-08-27,STR004,PRD029,8,1920.00
2026-08-27,STR004,PRD030,2,370.00
2026-08-27,STR004,PRD031,7,665.00
2026-08-27,STR004,PRD032,4,480.00
2026-08-27,STR004,PRD033,1,85.00
2026-08-27,STR004,PRD034,8,2080.00
2026-08-27,STR004,PRD035,5,2100.00
2026-08-27,STR004,PRD036,6,1260.00
2026-08-27,STR004,PRD037,8,1592.00
2026-08-27,STR004,PRD038,5,575.00
2026-08-27,STR004,PRD039,6,1080.00
2026-08-27,STR004,PRD040,3,435.00
2026-08-27,STR004,PRD041,3,294.00
2026-08-27,STR004,PRD042,3,390.00
2026-08-27,STR004,PRD043,3,630.00
2026-08-27,STR004,PRD044,4,440.00
2026-08-27,STR004,PRD045,6,1050.00
2026-08-27,STR004,PRD046,3,480.00
2026-08-27,STR004,PRD047,8,448.00
2026-08-27,STR004,PRD048,7,490.00
2026-08-27,STR004,PRD049,7,406.00
2026-08-27,STR004,PRD050,6,570.00
2026-08-27,STR004,PRD051,8,720.00
2026-08-27,STR004,PRD052,4,560.00
2026-08-27,STR004,PRD053,4,1800.00
2026-08-27,STR004,PRD054,5,3250.00
2026-08-27,STR004,PRD055,4,1560.00
2026-08-28,STR001,PRD001,10,5500.00
2026-08-28,STR001,PRD002,8,1320.00
2026-08-28,STR001,PRD003,4,980.00
2026-08-28,STR001,PRD004,2,120.00
2026-08-28,STR001,PRD005,8,3040.00
2026-08-28,STR001,PRD006,8,1400.00
2026-08-28,STR001,PRD007,6,168.00
2026-08-28,STR001,PRD008,2,104.00
2026-08-28,STR001,PRD009,4,180.00
2026-08-28,STR001,PRD010,3,114.00
2026-08-28,STR001,PRD011,16,1760.00
2026-08-28,STR001,PRD012,4,880.00
2026-08-28,STR001,PRD013,5,325.00
2026-08-28,STR001,PRD014,6,240.00
2026-08-28,STR001,PRD015,5,100.00
2026-08-28,STR001,PRD016,5,1450.00
2026-08-28,STR001,PRD017,6,300.00
2026-08-28,STR001,PRD018,5,625.00
2026-08-28,STR001,PRD019,6,1170.00
2026-08-28,STR001,PRD020,4,140.00
2026-08-28,STR001,PRD021,4,180.00
2026-08-28,STR001,PRD022,7,1960.00
2026-08-28,STR001,PRD023,5,1600.00
2026-08-28,STR001,PRD024,5,750.00
2026-08-28,STR001,PRD025,6,360.00
2026-08-28,STR001,PRD026,3,225.00
2026-08-28,STR001,PRD027,4,160.00
2026-08-28,STR001,PRD028,3,90.00
2026-08-28,STR001,PRD029,5,1200.00
2026-08-28,STR001,PRD030,3,555.00
2026-08-28,STR001,PRD031,8,760.00
2026-08-28,STR001,PRD032,6,720.00
2026-08-28,STR001,PRD033,5,425.00
2026-08-28,STR001,PRD034,7,1820.00
2026-08-28,STR001,PRD035,7,2940.00
2026-08-28,STR001,PRD036,6,1260.00
2026-08-28,STR001,PRD037,8,1592.00
2026-08-28,STR001,PRD039,5,900.00
2026-08-28,STR001,PRD040,6,870.00
2026-08-28,STR001,PRD041,8,784.00
2026-08-28,STR001,PRD042,5,650.00
2026-08-28,STR001,PRD043,5,1050.00
2026-08-28,STR001,PRD044,2,220.00
2026-08-28,STR001,PRD045,2,350.00
2026-08-28,STR001,PRD046,6,960.00
2026-08-28,STR001,PRD047,2,112.00
2026-08-28,STR001,PRD048,5,350.00
2026-08-28,STR001,PRD049,4,232.00
2026-08-28,STR001,PRD050,3,285.00
2026-08-28,STR001,PRD051,2,180.00
2026-08-28,STR001,PRD052,4,560.00
2026-08-28,STR001,PRD055,8,3120.00
2026-08-28,STR002,PRD001,6,3300.00
2026-08-28,STR002,PRD002,6,990.00
2026-08-28,STR002,PRD003,7,1715.00
2026-08-28,STR002,PRD004,2,120.00
2026-08-28,STR002,PRD005,4,1520.00
2026-08-28,STR002,PRD006,8,1400.00
2026-08-28,STR002,PRD007,6,168.00
2026-08-28,STR002,PRD008,4,208.00
2026-08-28,STR002,PRD009,8,360.00
2026-08-28,STR002,PRD010,8,304.00
2026-08-28,STR002,PRD011,8,880.00
2026-08-28,STR002,PRD012,3,660.00
2026-08-28,STR002,PRD013,2,130.00
2026-08-28,STR002,PRD014,3,120.00
2026-08-28,STR002,PRD015,2,40.00
2026-08-28,STR002,PRD016,2,580.00
2026-08-28,STR002,PRD017,6,300.00
2026-08-28,STR002,PRD018,7,875.00
2026-08-28,STR002,PRD019,5,975.00
2026-08-28,STR002,PRD020,18,630.00
2026-08-28,STR002,PRD021,4,180.00
2026-08-28,STR002,PRD022,11,3080.00
2026-08-28,STR002,PRD023,4,1280.00
2026-08-28,STR002,PRD024,2,300.00
2026-08-28,STR002,PRD025,2,120.00
2026-08-28,STR002,PRD026,5,375.00
2026-08-28,STR002,PRD027,6,240.00
2026-08-28,STR002,PRD028,6,180.00
2026-08-28,STR002,PRD029,9,2160.00
2026-08-28,STR002,PRD030,6,1110.00
2026-08-28,STR002,PRD031,6,570.00
2026-08-28,STR002,PRD032,9,1080.00
2026-08-28,STR002,PRD033,4,340.00
2026-08-28,STR002,PRD034,5,1300.00
2026-08-28,STR002,PRD035,4,1680.00
2026-08-28,STR002,PRD036,3,630.00
2026-08-28,STR002,PRD037,5,995.00
2026-08-28,STR002,PRD038,6,690.00
2026-08-28,STR002,PRD039,7,1260.00
2026-08-28,STR002,PRD040,3,435.00
2026-08-28,STR002,PRD041,4,392.00
2026-08-28,STR002,PRD042,6,780.00
2026-08-28,STR002,PRD044,8,880.00
2026-08-28,STR002,PRD045,4,700.00
2026-08-28,STR002,PRD046,1,160.00
2026-08-28,STR002,PRD047,5,280.00
2026-08-28,STR002,PRD048,10,700.00
2026-08-28,STR002,PRD049,5,290.00
2026-08-28,STR002,PRD050,4,380.00
2026-08-28,STR002,PRD051,5,450.00
2026-08-28,STR002,PRD052,4,560.00
2026-08-28,STR002,PRD053,3,1350.00
2026-08-28,STR002,PRD054,7,4550.00
2026-08-28,STR002,PRD055,9,3510.00
2026-08-28,STR003,PRD001,6,3300.00
2026-08-28,STR003,PRD002,2,330.00
2026-08-28,STR003,PRD003,6,1470.00
2026-08-28,STR003,PRD004,2,120.00
2026-08-28,STR003,PRD005,7,2660.00
2026-08-28,STR003,PRD006,5,875.00
2026-08-28,STR003,PRD007,3,84.00
2026-08-28,STR003,PRD008,8,416.00
2026-08-28,STR003,PRD009,3,135.00
2026-08-28,STR003,PRD010,2,76.00
2026-08-28,STR003,PRD011,5,550.00
2026-08-28,STR003,PRD012,8,1760.00
2026-08-28,STR003,PRD013,5,325.00
2026-08-28,STR003,PRD014,7,280.00
2026-08-28,STR003,PRD015,3,60.00
2026-08-28,STR003,PRD016,2,580.00
2026-08-28,STR003,PRD017,1,50.00
2026-08-28,STR003,PRD018,13,1625.00
2026-08-28,STR003,PRD019,6,1170.00
2026-08-28,STR003,PRD020,7,245.00
2026-08-28,STR003,PRD021,4,180.00
2026-08-28,STR003,PRD022,4,1120.00
2026-08-28,STR003,PRD024,5,750.00
2026-08-28,STR003,PRD025,5,300.00
2026-08-28,STR003,PRD026,4,300.00
2026-08-28,STR003,PRD027,1,40.00
2026-08-28,STR003,PRD028,8,240.00
2026-08-28,STR003,PRD029,7,1680.00
2026-08-28,STR003,PRD030,5,925.00
2026-08-28,STR003,PRD031,6,570.00
2026-08-28,STR003,PRD032,4,480.00
2026-08-28,STR003,PRD033,6,510.00
2026-08-28,STR003,PRD034,7,1820.00
2026-08-28,STR003,PRD036,2,420.00
2026-08-28,STR003,PRD037,4,796.00
2026-08-28,STR003,PRD038,7,805.00
2026-08-28,STR003,PRD039,2,360.00
2026-08-28,STR003,PRD040,3,435.00
2026-08-28,STR003,PRD041,6,588.00
2026-08-28,STR003,PRD042,4,520.00
2026-08-28,STR003,PRD043,4,840.00
2026-08-28,STR003,PRD044,4,440.00
2026-08-28,STR003,PRD045,1,175.00
2026-08-28,STR003,PRD046,5,800.00
2026-08-28,STR003,PRD047,5,280.00
2026-08-28,STR003,PRD048,6,420.00
2026-08-28,STR003,PRD049,3,174.00
2026-08-28,STR003,PRD050,2,190.00
2026-08-28,STR003,PRD051,1,90.00
2026-08-28,STR003,PRD052,8,1120.00
2026-08-28,STR003,PRD053,2,900.00
2026-08-28,STR003,PRD054,5,3250.00
2026-08-28,STR004,PRD002,5,825.00
2026-08-28,STR004,PRD003,7,1715.00
2026-08-28,STR004,PRD004,2,120.00
2026-08-28,STR004,PRD005,3,1140.00
2026-08-28,STR004,PRD006,6,1050.00
2026-08-28,STR004,PRD007,3,84.00
2026-08-28,STR004,PRD008,3,156.00
2026-08-28,STR004,PRD009,8,360.00
2026-08-28,STR004,PRD010,4,152.00
2026-08-28,STR004,PRD011,5,550.00
2026-08-28,STR004,PRD012,2,440.00
2026-08-28,STR004,PRD013,5,325.00
2026-08-28,STR004,PRD014,7,280.00
2026-08-28,STR004,PRD015,6,120.00
2026-08-28,STR004,PRD016,5,1450.00
2026-08-28,STR004,PRD017,3,150.00
2026-08-28,STR004,PRD018,9,1125.00
2026-08-28,STR004,PRD020,4,140.00
2026-08-28,STR004,PRD021,2,90.00
2026-08-28,STR004,PRD022,6,1680.00
2026-08-28,STR004,PRD023,6,1920.00
2026-08-28,STR004,PRD024,3,450.00
2026-08-28,STR004,PRD025,6,360.00
2026-08-28,STR004,PRD026,6,450.00
2026-08-28,STR004,PRD027,4,160.00
2026-08-28,STR004,PRD028,3,90.00
2026-08-28,STR004,PRD029,9,2160.00
2026-08-28,STR004,PRD030,2,370.00
2026-08-28,STR004,PRD031,5,475.00
2026-08-28,STR004,PRD032,6,720.00
2026-08-28,STR004,PRD033,3,255.00
2026-08-28,STR004,PRD034,9,2340.00
2026-08-28,STR004,PRD035,4,1680.00
2026-08-28,STR004,PRD036,6,1260.00
2026-08-28,STR004,PRD037,7,1393.00
2026-08-28,STR004,PRD038,5,575.00
2026-08-28,STR004,PRD039,2,360.00
2026-08-28,STR004,PRD041,4,392.00
2026-08-28,STR004,PRD042,3,390.00
2026-08-28,STR004,PRD043,5,1050.00
2026-08-28,STR004,PRD044,6,660.00
2026-08-28,STR004,PRD045,9,1575.00
2026-08-28,STR004,PRD046,3,480.00
2026-08-28,STR004,PRD047,6,336.00
2026-08-28,STR004,PRD048,3,210.00
2026-08-28,STR004,PRD049,7,406.00
2026-08-28,STR004,PRD050,7,665.00
2026-08-28,STR004,PRD051,6,540.00
2026-08-28,STR004,PRD052,4,560.00
2026-08-28,STR004,PRD053,8,3600.00
2026-08-28,STR004,PRD054,4,2600.00
2026-08-28,STR004,PRD055,5,1950.00
2026-08-29,STR001,PRD001,8,4400.00
2026-08-29,STR001,PRD002,8,1320.00
2026-08-29,STR001,PRD003,6,1470.00
2026-08-29,STR001,PRD004,2,120.00
2026-08-29,STR001,PRD005,6,2280.00
2026-08-29,STR001,PRD006,6,1050.00
2026-08-29,STR001,PRD007,8,224.00
2026-08-29,STR001,PRD008,1,52.00
2026-08-29,STR001,PRD009,3,135.00
2026-08-29,STR001,PRD010,2,76.00
2026-08-29,STR001,PRD011,18,1980.00
2026-08-29,STR001,PRD012,7,1540.00
2026-08-29,STR001,PRD013,3,195.00
2026-08-29,STR001,PRD014,3,120.00
2026-08-29,STR001,PRD015,8,160.00
2026-08-29,STR001,PRD016,6,1740.00
2026-08-29,STR001,PRD017,2,100.00
2026-08-29,STR001,PRD018,3,375.00
2026-08-29,STR001,PRD019,5,975.00
2026-08-29,STR001,PRD020,4,140.00
2026-08-29,STR001,PRD021,4,180.00
2026-08-29,STR001,PRD022,5,1400.00
2026-08-29,STR001,PRD023,4,1280.00
2026-08-29,STR001,PRD024,3,450.00
2026-08-29,STR001,PRD025,8,480.00
2026-08-29,STR001,PRD026,4,300.00
2026-08-29,STR001,PRD027,5,200.00
2026-08-29,STR001,PRD028,3,90.00
2026-08-29,STR001,PRD029,8,1920.00
2026-08-29,STR001,PRD030,5,925.00
2026-08-29,STR001,PRD031,7,665.00
2026-08-29,STR001,PRD032,6,720.00
2026-08-29,STR001,PRD033,4,340.00
2026-08-29,STR001,PRD034,6,1560.00
2026-08-29,STR001,PRD035,3,1260.00
2026-08-29,STR001,PRD036,5,1050.00
2026-08-29,STR001,PRD037,4,796.00
2026-08-29,STR001,PRD039,4,720.00
2026-08-29,STR001,PRD040,4,580.00
2026-08-29,STR001,PRD041,7,686.00
2026-08-29,STR001,PRD042,1,130.00
2026-08-29,STR001,PRD043,5,1050.00
2026-08-29,STR001,PRD044,2,220.00
2026-08-29,STR001,PRD045,3,525.00
2026-08-29,STR001,PRD046,6,960.00
2026-08-29,STR001,PRD047,2,112.00
2026-08-29,STR001,PRD048,5,350.00
2026-08-29,STR001,PRD049,5,290.00
2026-08-29,STR001,PRD050,6,570.00
2026-08-29,STR001,PRD051,5,450.00
2026-08-29,STR001,PRD052,4,560.00
2026-08-29,STR001,PRD053,1,450.00
2026-08-29,STR001,PRD055,8,3120.00
2026-08-29,STR002,PRD001,7,3850.00
2026-08-29,STR002,PRD002,2,330.00
2026-08-29,STR002,PRD003,7,1715.00
2026-08-29,STR002,PRD004,2,120.00
2026-08-29,STR002,PRD005,6,2280.00
2026-08-29,STR002,PRD006,8,1400.00
2026-08-29,STR002,PRD007,8,224.00
2026-08-29,STR002,PRD008,3,156.00
2026-08-29,STR002,PRD009,7,315.00
2026-08-29,STR002,PRD010,5,190.00
2026-08-29,STR002,PRD011,5,550.00
2026-08-29,STR002,PRD012,3,660.00
2026-08-29,STR002,PRD013,3,195.00
2026-08-29,STR002,PRD014,6,240.00
2026-08-29,STR002,PRD015,2,40.00
2026-08-29,STR002,PRD016,4,1160.00
2026-08-29,STR002,PRD017,7,350.00
2026-08-29,STR002,PRD018,7,875.00
2026-08-29,STR002,PRD019,3,585.00
2026-08-29,STR002,PRD020,18,630.00
2026-08-29,STR002,PRD021,1,45.00
2026-08-29,STR002,PRD022,12,3360.00
2026-08-29,STR002,PRD023,3,960.00
2026-08-29,STR002,PRD024,3,450.00
2026-08-29,STR002,PRD025,2,120.00
2026-08-29,STR002,PRD026,3,225.00
2026-08-29,STR002,PRD027,2,80.00
2026-08-29,STR002,PRD028,7,210.00
2026-08-29,STR002,PRD029,7,1680.00
2026-08-29,STR002,PRD030,6,1110.00
2026-08-29,STR002,PRD031,5,475.00
2026-08-29,STR002,PRD032,9,1080.00
2026-08-29,STR002,PRD033,2,170.00
2026-08-29,STR002,PRD034,3,780.00
2026-08-29,STR002,PRD035,4,1680.00
2026-08-29,STR002,PRD036,3,630.00
2026-08-29,STR002,PRD037,8,1592.00
2026-08-29,STR002,PRD038,4,460.00
2026-08-29,STR002,PRD039,5,900.00
2026-08-29,STR002,PRD040,4,580.00
2026-08-29,STR002,PRD041,7,686.00
2026-08-29,STR002,PRD042,7,910.00
2026-08-29,STR002,PRD044,8,880.00
2026-08-29,STR002,PRD045,5,875.00
2026-08-29,STR002,PRD046,2,320.00
2026-08-29,STR002,PRD047,6,336.00
2026-08-29,STR002,PRD048,13,910.00
2026-08-29,STR002,PRD049,3,174.00
2026-08-29,STR002,PRD050,3,285.00
2026-08-29,STR002,PRD051,6,540.00
2026-08-29,STR002,PRD052,4,560.00
2026-08-29,STR002,PRD053,6,2700.00
2026-08-29,STR002,PRD054,3,1950.00
2026-08-29,STR002,PRD055,5,1950.00
2026-08-29,STR003,PRD001,4,2200.00
2026-08-29,STR003,PRD002,6,990.00
2026-08-29,STR003,PRD003,3,735.00
2026-08-29,STR003,PRD004,2,120.00
2026-08-29,STR003,PRD005,9,3420.00
2026-08-29,STR003,PRD006,4,700.00
2026-08-29,STR003,PRD007,2,56.00
2026-08-29,STR003,PRD008,5,260.00
2026-08-29,STR003,PRD009,3,135.00
2026-08-29,STR003,PRD010,5,190.00
2026-08-29,STR003,PRD011,8,880.00
2026-08-29,STR003,PRD012,5,1100.00
2026-08-29,STR003,PRD013,4,260.00
2026-08-29,STR003,PRD014,6,240.00
2026-08-29,STR003,PRD015,4,80.00
2026-08-29,STR003,PRD016,4,1160.00
2026-08-29,STR003,PRD017,1,50.00
2026-08-29,STR003,PRD018,14,1750.00
2026-08-29,STR003,PRD019,6,1170.00
2026-08-29,STR003,PRD020,7,245.00
2026-08-29,STR003,PRD021,6,270.00
2026-08-29,STR003,PRD023,3,960.00
2026-08-29,STR003,PRD024,5,750.00
2026-08-29,STR003,PRD025,5,300.00
2026-08-29,STR003,PRD026,3,225.00
2026-08-29,STR003,PRD027,3,120.00
2026-08-29,STR003,PRD028,7,210.00
2026-08-29,STR003,PRD029,4,960.00
2026-08-29,STR003,PRD030,3,555.00
2026-08-29,STR003,PRD031,10,950.00
2026-08-29,STR003,PRD032,3,360.00
2026-08-29,STR003,PRD033,2,170.00
2026-08-29,STR003,PRD034,6,1560.00
2026-08-29,STR003,PRD036,5,1050.00
2026-08-29,STR003,PRD037,3,597.00
2026-08-29,STR003,PRD038,5,575.00
2026-08-29,STR003,PRD039,6,1080.00
2026-08-29,STR003,PRD040,2,290.00
2026-08-29,STR003,PRD041,8,784.00
2026-08-29,STR003,PRD042,7,910.00
2026-08-29,STR003,PRD043,3,630.00
2026-08-29,STR003,PRD044,4,440.00
2026-08-29,STR003,PRD045,1,175.00
2026-08-29,STR003,PRD046,5,800.00
2026-08-29,STR003,PRD047,3,168.00
2026-08-29,STR003,PRD048,5,350.00
2026-08-29,STR003,PRD049,2,116.00
2026-08-29,STR003,PRD050,2,190.00
2026-08-29,STR003,PRD051,3,270.00
2026-08-29,STR003,PRD052,6,840.00
2026-08-29,STR003,PRD053,6,2700.00
2026-08-29,STR003,PRD054,7,4550.00
2026-08-29,STR004,PRD001,2,1100.00
2026-08-29,STR004,PRD002,4,660.00
2026-08-29,STR004,PRD003,5,1225.00
2026-08-29,STR004,PRD004,5,300.00
2026-08-29,STR004,PRD005,3,1140.00
2026-08-29,STR004,PRD006,5,875.00
2026-08-29,STR004,PRD007,4,112.00
2026-08-29,STR004,PRD008,3,156.00
2026-08-29,STR004,PRD009,4,180.00
2026-08-29,STR004,PRD010,8,304.00
2026-08-29,STR004,PRD011,5,550.00
2026-08-29,STR004,PRD012,2,440.00
2026-08-29,STR004,PRD013,5,325.00
2026-08-29,STR004,PRD014,7,280.00
2026-08-29,STR004,PRD015,7,140.00
2026-08-29,STR004,PRD016,6,1740.00
2026-08-29,STR004,PRD017,5,250.00
2026-08-29,STR004,PRD018,8,1000.00
2026-08-29,STR004,PRD020,7,245.00
2026-08-29,STR004,PRD021,4,180.00
2026-08-29,STR004,PRD022,7,1960.00
2026-08-29,STR004,PRD023,2,640.00
2026-08-29,STR004,PRD024,3,450.00
2026-08-29,STR004,PRD025,3,180.00
2026-08-29,STR004,PRD026,7,525.00
2026-08-29,STR004,PRD027,2,80.00
2026-08-29,STR004,PRD028,4,120.00
2026-08-29,STR004,PRD029,6,1440.00
2026-08-29,STR004,PRD030,3,555.00
2026-08-29,STR004,PRD031,8,760.00
2026-08-29,STR004,PRD032,6,720.00
2026-08-29,STR004,PRD033,2,170.00
2026-08-29,STR004,PRD034,8,2080.00
2026-08-29,STR004,PRD035,6,2520.00
2026-08-29,STR004,PRD036,8,1680.00
2026-08-29,STR004,PRD037,8,1592.00
2026-08-29,STR004,PRD038,7,805.00
2026-08-29,STR004,PRD039,3,540.00
2026-08-29,STR004,PRD041,4,392.00
2026-08-29,STR004,PRD042,7,910.00
2026-08-29,STR004,PRD043,1,210.00
2026-08-29,STR004,PRD044,7,770.00
2026-08-29,STR004,PRD045,6,1050.00
2026-08-29,STR004,PRD046,3,480.00
2026-08-29,STR004,PRD047,7,392.00
2026-08-29,STR004,PRD048,3,210.00
2026-08-29,STR004,PRD049,3,174.00
2026-08-29,STR004,PRD050,5,475.00
2026-08-29,STR004,PRD051,7,630.00
2026-08-29,STR004,PRD052,6,840.00
2026-08-29,STR004,PRD053,7,3150.00
2026-08-29,STR004,PRD054,5,3250.00
2026-08-29,STR004,PRD055,2,780.00
